First Name,Last Name,Role,Organization,Email,Email (plain),Phone
Abid,SAMALI,CDO,SIMG Conseil / Natixis Factor,Work: ABID.SAMALI@GMAIL.COM,ABID.SAMALI@GMAIL.COM,
Adrian,Daniel,Head of Data Architecture,NewDay,adrian.daniel@dunnhumby.com: adrian.daniel@newday.co.uk,adrian.daniel@newday.co.uk,
Adrian,Vella,Head of Data,Tipico Co Ltd,Work: lucia.meloni@tipico.com,lucia.meloni@tipico.com,
Agnieszka,Michalik,Senior Data Architect,Nokia,inesami@gmail.com: inesami@gmail.com,inesami@gmail.com,
Ahmet,Temizsoy,Director - Data Strategy & Operations,Standard & Poor's,temizsoyahmet@gmail.com: temizsoyahmet@gmail.com,temizsoyahmet@gmail.com,
Aki,Matsushima,Data Scientist (Senior Manager),Royal Mail,akimatsushima@gmail.com: akimatsushima@gmail.com,akimatsushima@gmail.com,
Alain,OUK GLICKMAN,VP Analytics,Orange Group,Work: alain.glickman@orange-ftgroup.com,alain.glickman@orange-ftgroup.com,
Alan,Covall,Head of Market Data,Lloyds Banking Group,alancovall@aol.com: alancovall@aol.com,alancovall@aol.com,
Alan,Priestley,Cloud & Big Data Analytics Solutions Marketing Director,Intel Corporation,alan.priestley@t-online.de: alan.priestley@t-online.de,alan.priestley@t-online.de,
Alasdair,Anderson,Head of Group Big Data Services,HSBC Bank PLC,alasdair.anderson@gmail.com: alasdair.anderson@gmail.com,alasdair.anderson@gmail.com,
Alberto,Villari,Data Governance Manager,Ricoh Europe,Personal: alberto.villari@ricoh-europe.com,alberto.villari@ricoh-europe.com,
Alessandro,Allodi,Chief Data Officer,Shell,Work: a.allodi@shell.com,a.allodi@shell.com,
Alessandro,Bulfone,Group Chief Data Officer,Mediobanca,Work: alessandro.bulfone@mediobanca.com,alessandro.bulfone@mediobanca.com,
Alex,Glaser,Data Scientist,PIERCE PROTOCOLS LIMITED,alexglaser1973@gmail.com: alexglaser1973@gmail.com,alexglaser1973@gmail.com,
Alex,Timbs,"Head of Data & Attribution, International at AOL",AOL International,Work: alex.timbs@teamaol.com,alex.timbs@teamaol.com,
Alpesh,Desai,Director/Enterprise Architect - Data Services,IHG - InterContinental Hotels Group,desaiak@gmail.com: desaiak@gmail.com,desaiak@gmail.com,
Alun,Jones,Data Scientist,Kone Cranes,Alun Jones <alun.jones@konecranes.com>: Alun Jones <alun.jones@konecranes.com>,Alun Jones <alun.jones@konecranes.com>,
Anantha,Prasad,"Global Head, Data Governance and Head, Data & Information Management EMEA",HSBC Bank PLC,Work: anantha.prasad@hsbc.com,anantha.prasad@hsbc.com,
Andreas,Braun,"Head, Global Data & Analytics",Allianz Group,"ANDREAS.BRAUN1@ALLIANZ.COM: ANDREAS.BRAUN1@ALLIANZ.COM
ANDREAS.BRAUN1@allianz.com: ANDREAS.BRAUN1@allianz.com","ANDREAS.BRAUN1@ALLIANZ.COM, ANDREAS.BRAUN1@allianz.com",+49 172 6562298: +49 172 6562298
Andrew,Bolton,Chief Data Officer,Fraudscreen UK,Work: jill.bolli@fraudscreen.co.uk,jill.bolli@fraudscreen.co.uk,
Andrew,Deykin,Head of Data,Havas Media,andrew.deykin@gmail.com: andrew.deykin@gmail.com,andrew.deykin@gmail.com,
Andrew,Hall,Head of Data Fabric,BNP Paribas,Andrew.J.HALL@uk.bnpparibas.com: Andrew.J.HALL@uk.bnpparibas.com,Andrew.J.HALL@uk.bnpparibas.com,
Andrew,Maclaren,Executive Director - Information & Analytics,NATIONAL HEALTH SERVICES (NHS),acmaclaren@gmail.com: acmaclaren@gmail.com,acmaclaren@gmail.com,
Andrew,McMurtrie,Head of Data Science,Direct Line Group,andrew.mcmurtrie@royalmail.com: andrew.mcmurtrie@directlinegroup.co.uk,andrew.mcmurtrie@directlinegroup.co.uk,
Andrew,Trigg,Head of Data,Land Registry,andrew.trigg@landregistry.gsi.gov.uk: andrew.trigg@landregistry.gsi.gov.uk,andrew.trigg@landregistry.gsi.gov.uk,+44 (0) 776 802 2041: +44 (0) 776 802 2041
Andrew,Wells,Data & Mandatory Change Lead,Aviva,Work: andrew.m.wells@aviva.com,andrew.m.wells@aviva.com,
Andrew,Wells,Data & Mandatory Change Lead,Aviva plc,Work: andrew.m.wells@aviva.com,andrew.m.wells@aviva.com,
Andy,Ruckley,Head of Data Technology,ASOS,Work: andy.ruckley@asos.com,andy.ruckley@asos.com,
Anil,Kumar,Insurance Risk/Data Analyst,AIG Europe Limited,anilshere@gmail.com: anilshere@gmail.com,anilshere@gmail.com,
Ankur,Gupta,Solutions Engineer - Big Data,Hortonworks,ankur.dba@gmail.com: ankur.dba@gmail.com,ankur.dba@gmail.com,
anna,ahtiainen,Director Analytics,essence digital,Work: anna.ahtiainen@essencedigital.com,anna.ahtiainen@essencedigital.com,
Anna,Zeiter,"Director for Privacy & Data Protection Officer, EMEA",eBay International AG,Work: azeiter@ebay.com,azeiter@ebay.com,
Anna,Zeiter,"Head of Data Protection, EMEA  eBay READ MORE",eBay,Work: azeiter@ebay.com,azeiter@ebay.com,
Anne-Marie,Glineur,Chief Data Officer,Belfius,Work: anne-marie.glineur@belfius.be,anne-marie.glineur@belfius.be,
Annette,Moody,Group IT Governance & Innovation Director,Serco,annettemoody@hotmail.com: annettemoody@hotmail.com,annettemoody@hotmail.com,
Antonio,Alvarez,"Head of Data innovation at Isban UK, Santander group",ISBAN,aalvarez.internet@gmail.com: aalvarez.internet@gmail.com,aalvarez.internet@gmail.com,
Anya,Ziskina,"Head of Data Strategy and Analytics, Digital L'Oreal UKI",L'Oreal,anna.ziskina@gmail.com: anna.ziskina@gmail.com,anna.ziskina@gmail.com,
Asif,Nadeem,Head of Data Strategy and Delivery,Provident Financial Group UK & ROI,asif.nadeem@provident.co.uk: asif.nadeem@provident.co.uk,asif.nadeem@provident.co.uk,
Aswyn,Saktoe-Veenenbos,Manager Marketing Database Intelligence,T-Mobile Netherlands,Work: aswyn.saktoe-veenenbos@t-mobile.nl,aswyn.saktoe-veenenbos@t-mobile.nl,
Barri,Panayi,Chief Data Officer,Amlin,Work: bpanayi@gmail.com,bpanayi@gmail.com,
Barry,Green,Chief Data Officer,Bank of Ireland,Work: Barry.Green@BOI.com,Barry.Green@BOI.com,
Barry,Green,Chief Data Officer,Bank of Ireland (UK) Plc,Work: barry.green@bankofireland.com,barry.green@bankofireland.com,
Barry,Panayi,Chief Data Officer,Amlin,Work: barry.panayi@amlin.com,barry.panayi@amlin.com,
Barry,Panayi,Chief Data Officer,Amlinc,Work: barry.p@amlinc.com,barry.p@amlinc.com,
Ben,Dudley,Head of Data Modelling,Havas Media,ben_r_dudley@hotmail.com: ben_r_dudley@hotmail.com,ben_r_dudley@hotmail.com,
Ben,Gardner,Data & Information Architect,Linklaters,bengardner135@btinternet.com: bengardner135@btinternet.com,bengardner135@btinternet.com,
Benjamin,Whitby,Regulatory Conduct and Financial Crime Specialist,HSBC Bank PLC,Work: ben.whitby@gmail.com,ben.whitby@gmail.com,
Bernard,Panes,Insights & Data Lead,Capgemini Sweden,bernard_panes@hotmail.com: bernard_panes@hotmail.com,bernard_panes@hotmail.com,
Bert,van de Haar,Group Head Data Governance,ING,Work: bert.van.de.haar@ing.nl,bert.van.de.haar@ing.nl,"Work: +31 20 56 39661
Mobile: + 31 6 21250688"
Bert,Van de Haar,Group Head Data Governance,ING,Work: bert.van.de.haar@ing.nl,bert.van.de.haar@ing.nl,"Work: +31205639661
Work: +31621250688"
Bo,Boisen,Program Director - Regulatory and Risk Analytics,HSBC Bank PLC,bboisen@gmail.com: bboisen@gmail.com,bboisen@gmail.com,
Boris,Huard,"UK&I Managing Director, Experian Data Quality",Experian,borishuard@hotmail.com: borishuard@hotmail.com,borishuard@hotmail.com,
Brennan,Carley,Global Head of Enterprise Platform and Enterprise Analytics Business,Thomson Reuters,brennan.carley@protonadvisors.com: brennan.carley@protonadvisors.com,brennan.carley@protonadvisors.com,
Brijesh,Balakrishnan,Chief Data Officer,MESH The Experience Agency,Work: brijeshbalakrishnan@meshexperience.com,brijeshbalakrishnan@meshexperience.com,
Brijesh,Balakrishnan,Chief Data Officer,Mesh (The Experience Agency),Work: brijeshbalakrishnan@meshexperience.com,brijeshbalakrishnan@meshexperience.com,
Bruno,Bonacci,BigData Architect in R&D,Channel 4,bonacci.bruno@gmail.com: bonacci.bruno@gmail.com,bonacci.bruno@gmail.com,
Carla,Lawrence,Mortgage & Protection Adviser,Morrison Ward Associates,carla.lawrence811@googlemail.com: carla.lawrence811@googlemail.com,carla.lawrence811@googlemail.com,
Carlos Moreno,Fuentes,"VP, Digital Brand Protection",WISekey SA,cmoreno@wiskey.com: cmoreno@wiskey.com,cmoreno@wiskey.com,+41 79 200 7959: +41 79 200 7959
Carole,McCourt,Data Quality Manager,Sage,carolemccourtdqm@outlook.com: carolemccourtdqm@outlook.com,carolemccourtdqm@outlook.com,
Caroline,Carruthers,Chief Data Officer,Network Rail,None: caroline.carruthers@networkrail.co.uk,caroline.carruthers@networkrail.co.uk,None: +447720512051
Charles,Gadalla,"Director, Advanced Analytics (Predictive Analysis)",SAP,charles.gadalla@gmail.com: charles.gadalla@gmail.com,charles.gadalla@gmail.com,
Chris,Johnson,"Senior Product Manager, Market Data Services",HSBC Bank PLC,chris.johnson@hsbc.com: chris.johnson@hsbc.com,chris.johnson@hsbc.com,
Chris,Petetin,Data Strategist,Deutsche Bank AG,Work: christodio@gmail.com,christodio@gmail.com,
Christine,De Tourniel,Chief Data Officer - CIB ITO,BNP Paribas,christinedetourniel@me.com: christinedetourniel@me.com,christinedetourniel@me.com,
Christophe,le Lannou,Smart Analytics - Data Science,Data Learning,cll@datalearning.eu: cll@datalearning.eu,cll@datalearning.eu,
Christophe,"P, ACSI",Data Strategist,Deutsche Bank AG,chrispetetin@gmail.com: chrispetetin@gmail.com,chrispetetin@gmail.com,
Claire,Jessop,Head of Data Governance,Leeds Building Society,c.l.jessop@btopenworld.com: c.l.jessop@btopenworld.com,c.l.jessop@btopenworld.com,
Daniel,Dinnyes,Scala / Big Data Specialist (Contract),Barclays Bank PLC,dinnyesd@gmail.com: dinnyesd@gmail.com,dinnyesd@gmail.com,
Danielle,Morley,Compliance Delivery and Advice Manager,National Savings and Investments,danielle.morley@nsandi.com: danielle.morley@nsandi.com,danielle.morley@nsandi.com,
Daniel,Nelson,Head of Data,Ocado Technology,daniel.nelson@ocado.com: daniel.nelson@ocado.com,daniel.nelson@ocado.com,
Daniel,Ryan,Head of R&D - Life&Health & Big Data,Swiss Re,daniel_ryan@swissre.com: daniel_ryan@swissre.com,daniel_ryan@swissre.com,+44 20 7933 3408: +44 20 7933 3408
Daniel,Thull,Director Global Data Strategy & Analytics,Johnson & Johnson,Work: dthull@its.jnj.com,dthull@its.jnj.com,
Daniel,Thull,"Director, Global Syndicated Services and Business Analytics",Johnson Johnson,Work: dthull@its.jnj.com,dthull@its.jnj.com,"Work: +415823153063
Work: +41797680025"
Dan,Johnson,Deputy Head of Group Customer Data Strategy,HSBC Bank PLC,"Personal: dan.johnson@handfulofpebbles.com
Work: dan.johnson@hsbc.com","dan.johnson@handfulofpebbles.com, dan.johnson@hsbc.com","Mobile: 07986 533 668
Work:  +44 20 7992 0498        "
Dan,Kellett,Director of Data Science,Capital One,Dan.Kellett@capitalone.com: Dan.Kellett@capitalone.com,Dan.Kellett@capitalone.com,
Dan,Klein,Chief Data Officer,Valtech,Work: dan.klein@valtech.co.uk,dan.klein@valtech.co.uk,
Dan,Morgan,Head of Policy and Regulation,Innovate Finance,daniel@innovatefinance.com: daniel@innovatefinance.com,daniel@innovatefinance.com,"2038190179: 2038190179
7709393156: 7709393156"
Dario,Parente,Managing Director - Corp Trust Strategy & Regulatory Affairs,BNY Mellon,dario@parente.com: dario@parente.com,dario@parente.com,
Darran,Tucker,Commercial Data Access Manager,Office for National Statistics,Work: darran.tucker@ons.gsi.gov.uk,darran.tucker@ons.gsi.gov.uk,
Darren,Siddle,Data Lead - AMG - Big Data and Group Data Management Programme,HSBC Bank PLC,darrensiddle@hotmail.com: darrensiddle@hotmail.com,darrensiddle@hotmail.com,
David,Asfaha,Data Scientist,Addison Lee,davidasfaha@gmail.com: davidasfaha@gmail.com,davidasfaha@gmail.com,
David,Coughlin,"HPC, Open Source Cloud and Big Data Sales",Dell,davec@f2s.com: davec@f2s.com,davec@f2s.com,
David,Diamond,Master Data Director,Getinge Group,Work: david.diamond@getinge.com,david.diamond@getinge.com,
David,Fletcher,Chief Data Officer,MEC,Work: David.Fletcher@mecglobal.com,David.Fletcher@mecglobal.com,
David,Hayes,Chief Data Officer,Santander,david.hayes@santander.com: david.hayes@santander.com,david.hayes@santander.com,
David,Joyce,Data and Analytics Manager,Sage,david.joyce@sage.com: david.joyce@sage.com,david.joyce@sage.com,
David,Lang,Chief Data Officer,Lloyd's of London,davidmlang@btinternet.com: davidmlang@btinternet.com,davidmlang@btinternet.com,
David,May,Global Customer Analytics Capabilities - Senior Manager,Vodafone Group Public Limited Company,d_j_may@hotmail.com: d_j_may@hotmail.com,d_j_may@hotmail.com,
David,Pardoe,Group Head of Data Science,Hays,david.pardoe@aig.com: david.pardoe@aig.com,david.pardoe@aig.com,"2076516475: 2076516475
7990800534: 7990800534"
David,Rhee,Global Marketing Analytics,adidas group,"wdaveonline@gmail.com: wdaveonline@gmail.com
None: david.rhee@adidas.com","wdaveonline@gmail.com, david.rhee@adidas.com",
David,Terrar,Governance Board Member,Cloud Industry Forum (CIF),dt@d2c.org.uk: dt@d2c.org.uk,dt@d2c.org.uk,
David,Ward,"Policy, Regulation and Awareness specialist",Royal Bank of Scotland,warddj@hotmail.co.uk: warddj@hotmail.co.uk,warddj@hotmail.co.uk,
David,Watkins,Chief Data Officer,RSA,davidjwatkins@gmail.com: davidjwatkins@gmail.com,davidjwatkins@gmail.com,
David,Wilton,Data Scientist,Admiral Group Plc,dave_wilton@hotmail.com: dave_wilton@hotmail.com,dave_wilton@hotmail.com,
Denys,Medin,Head of Data / CDO,RELX Group,denys.medin@icis.com: denys.medin@icis.com,denys.medin@icis.com,
Derek,Dempsey,"Director, Data Science Centre of Excellence",FICO,derek.dempsey@fico.com: derek.dempsey@fico.com,derek.dempsey@fico.com,2079408727: 2079408727
Dimitrios,Velmachos,"Group Chief Actuary, Head of Big Data & Analytics",Bupa,"Personal: dvelmachos@gmail.com
Work: dimitrios.velmachos@bupa.com","dvelmachos@gmail.com, dimitrios.velmachos@bupa.com","Work: +44 20 7656 2623
Mobile: +44 773 627 9631"
Domenico,Picone,"Head of Mortgage Analytics, European Mortgage Strategies",BlackRock,domenicopicone@hotmail.com: domenicopicone@hotmail.com,domenicopicone@hotmail.com,
Dorian,McCree,Data Analytics,Vodafone Group Public Limited Company,Work: dorian.mccree@vodafone.com,dorian.mccree@vodafone.com,
Dr Andrew,"Maynard BA, MA (Cantab) PhD",Big data analyst,Trakm8,,,
Dr. Przemyslaw,Rymaszewski,Predictive Analytics Program Manger,Zurich Insurance Company Ltd.,przemyslaw.rymaszewski@zurich.com: przemyslaw.rymaszewski@zurich.com,przemyslaw.rymaszewski@zurich.com,41786172465: 41786172465
Ed,Wiley,Chief Data Scientist; DVP Pricing,Sears Holdings Corporation,Ed.Wiley@BoulderStrategicAnalytics.com: Ed.Wiley@BoulderStrategicAnalytics.com,Ed.Wiley@BoulderStrategicAnalytics.com,
Ed,Wrazen,VP Product Management: Big Data,Trillium Software,ed.wrazen@trilliumsoftware.com: ed.wrazen@trilliumsoftware.com,ed.wrazen@trilliumsoftware.com,
Eleanor,Brown,"Senior Analytics Manager, Group Finance",Prudential Plc,Work: eleanor.brown@prudential.co.uk,eleanor.brown@prudential.co.uk,"Work: +44 207 004 4791
Mobile: +44 7500 857388"
Elena,Curzio,"Technical Specialist, Legal and Regulatory",Payment Systems Regulator (PSR),ecurzio@hotmail.com: ecurzio@hotmail.com,ecurzio@hotmail.com,
Eloy,Sasot,Group Chief Data Officer,Sodexo,personal: esasot@yahoo.com,esasot@yahoo.com,
Eran,Cypris,Data Warehouse Architect,Kohl's Department Stores,eran@myidea.com: eran@myidea.com,eran@myidea.com,
Erkin,Oksel,Big Data - Digital Controls Manager,Citi,erkin.oksel@citi.com: erkin.oksel@citi.com,erkin.oksel@citi.com,
Eulogio,Barragan,Enterprise Data Leader,GE,None: eulogio.barragan@ge.com,eulogio.barragan@ge.com,
Eurydice,Lafferayrie,Chief Data Officer,JobTeaser.com,Work: eurydice.lafferayrie@jobteaser.com,eurydice.lafferayrie@jobteaser.com,
Evgeny,Vinogradov,Head of Data Warehouse and Analytical Services Development Department,Yandex.Money,dm_jonny@mail.ru: dm_jonny@mail.ru,dm_jonny@mail.ru,
Fabio Alexander,Corzo,Head Group Business Data Architecture,HSBC Bank PLC,fabio.corzo@hsbc.com: fabio.corzo@hsbc.com,fabio.corzo@hsbc.com,
Francesca,De Finis,Marketing Director EEMEA - The McDonald's Division at The Coca-Cola Company,The Coca-Cola Company,Work: https://it.linkedin.com/in/francesca-de-finis-a742031,https://it.linkedin.com/in/francesca-de-finis-a742031,
Fredi,Lienhardt,"VP, Big Data & Smart Analytics Centre Mgr",Swiss Re,fredi@lienhardt.es: fredi@lienhardt.es,fredi@lienhardt.es,
Gareth,Johns,Chief Data Officer,Starcount,Work: gareth.johns@starcount.com,gareth.johns@starcount.com,
Gareth,Martin,Big Data Analytics Lead EMEA,Hewlett-Packard,"garethmartini@gmail.com: garethmartini@gmail.com
gareth.martin@atos.net: gareth.martin@atos.net
gareth.martin@atosorigin.com: gareth.martin@atosorigin.com","garethmartini@gmail.com, gareth.martin@atos.net, gareth.martin@atosorigin.com","07733 311462: 07733 311462
+44 7805 649790: +44 7805 649790"
Garry,"O'Sullivan ACII, DLBC, Dip Cath",Head of Risk and Compliance,Musgrave Retail Partners Ireland,garryosullivan12@gmail.com: garryosullivan12@gmail.com,garryosullivan12@gmail.com,
Garry,Williams,Deputy Global Head of Performance & Data Services,Aberdeen Asset Management,Garry.Williams@aberdeen-asset.com: Garry.Williams@aberdeen-asset.com,Garry.Williams@aberdeen-asset.com,
Gary,Goldberg,Head of Risk Technology and Chief Data Officer,Mizuho International PlC,"Work: gary.goldberg@uk.mizuho-sc.com
Work: gary.goldberg@uk.mizuho-sc.com","gary.goldberg@uk.mizuho-sc.com, gary.goldberg@uk.mizuho-sc.com","Work: +442070906686
Work: +447901751580"
Gauthier,Labalette,"Director, EMEA Marketing Analytics",PayPal,labalette@gmail.com: labalette@gmail.com,labalette@gmail.com,
Gavin,Nichols,Senior Database and Technology Account Manager for Consumer Industries,SAP,zkot@hotmail.co.uk: zkot@hotmail.co.uk,zkot@hotmail.co.uk,
Gert,Harren,Head of Data Management,HolidayCheck AG,mail@gertharren.de: mail@gertharren.de,mail@gertharren.de,
Giles,Pavey,Chief Data Scientist,dunnhumby,giles.pavey@dunnhumby.com: giles.pavey@dunnhumby.com,giles.pavey@dunnhumby.com,2088329442: 2088329442
Gillian,Tomlinson,Chief Data Officer,RSA,Work: gillian.tomlinson@rsa.com,gillian.tomlinson@rsa.com,
Giuseppe,Gaviani,"Account Manager, Market Databases Group",CACI Ltd,ggaviani@gmail.com: ggaviani@gmail.com,ggaviani@gmail.com,
Giuseppe,Vettigli,Data Scientist,Cambridge Energy Data Lab,giuseppe.vettigli@camenergydatalab.com: giuseppe.vettigli@camenergydatalab.com,giuseppe.vettigli@camenergydatalab.com,
Graeme,McDermott,Chief Data Officer,Addison Lee,Work: graeme.mcdermott@addisonlee.com,graeme.mcdermott@addisonlee.com,
Graeme,Sherrington,Enterprise Data Architect (Interim),Amlin,graeme.sherrington@allianzgi.com: graeme.sherrington@allianzgi.com,graeme.sherrington@allianzgi.com,2070651441: 2070651441
Guoxian,Yang,Chief Data Scientist,CapSo Inc.,gyang@tcd.ie: gyang@tcd.ie,gyang@tcd.ie,
Guy,Hallam,Senior Business Programme Manager / COO Team Global Regulatory Change Lead,HSBC Bank PLC,e2@cityconsultancy.co.uk: e2@cityconsultancy.co.uk,e2@cityconsultancy.co.uk,
Hany,Choueiri,Head of Data Governance & Strategy,State Street Global Advisors Limited,None: HChoueiri@StateStreet.com,HChoueiri@StateStreet.com,
Hany,Choueiri,Chief Data Officer,Bank of England,h_choueiri@hotmail.com: h_choueiri@hotmail.com,h_choueiri@hotmail.com,
Hari,Sekhon,Hadoop / Big Data Architect (Contract),Investment Bank,"hari.sekhon@uk.bnpparibas.com: hari.sekhon@uk.bnpparibas.com
harisekhon@gmail.com: harisekhon@gmail.com","hari.sekhon@uk.bnpparibas.com, harisekhon@gmail.com",
Harpreet,Badhan,Manager of Operations Analytics,Neopost,Work: harpreet.badhan@neopost.co.uk,harpreet.badhan@neopost.co.uk,
Heather,Savory,Deputy National Statistician and Director General for Data Capability,Office for National Statistics,"None: heather.savory@btinternet.com
Work: hsavory.jemba2004@london.edu","heather.savory@btinternet.com, hsavory.jemba2004@london.edu",
Helder,Soares,Head of IT Architecture & Data Governance,BancoCTT,Work: helder.soares@bancoctt.pt,helder.soares@bancoctt.pt,Work: +351 918 200 287
Helen,Crooks,Chief Data Officer (CDO),Lloyd's of London,helen.crooks@lloyds.com: helen.crooks@lloyds.com,helen.crooks@lloyds.com,
Hicham,OUALI ALAMI,Master data manager,Nour Partners,Work: Hichamonline@gmail.com,Hichamonline@gmail.com,
Hiten,Vaghela,"Director, Data Technologies and Architecture",TechSoup Global,hiten.vaghela@gmail.com: hiten.vaghela@gmail.com,hiten.vaghela@gmail.com,
Hugues,Le Bars,Chief Data Officer (CDO),Neopost,h.lebars@neopost.com: h.lebars@neopost.com,h.lebars@neopost.com,
Ian,Dunkin,"Director of Strategy, Architecture, Risk and Compliance",GSK,ian.m.dunkin@gsk.com: ian.m.dunkin@gsk.com,ian.m.dunkin@gsk.com,
Ian,Goodwin,Head of Information Governance & Privacy,British Council,Work: ian.goodwin@britishcouncil.org,ian.goodwin@britishcouncil.org,
Ignacio,Elola Villar,Data Scientist,Import.io,ignacioelolavillar@gmail.com: ignacioelolavillar@gmail.com,ignacioelolavillar@gmail.com,
Iqbal,Adjali,Head of Analytics,LV=,iqbal.adjali@btinternet.com: iqbal.adjali@btinternet.com,iqbal.adjali@btinternet.com,
James,Hanscomb,Chief Data Officer,tenthavenue,jameshanscomb@hotmail.com: jameshanscomb@hotmail.com,jameshanscomb@hotmail.com,
James,McAlister,Director of Analytics,Winterbourne Healthcare,jamesaccounting@gmail.com: jamesaccounting@gmail.com,jamesaccounting@gmail.com,
James,Ollunga,Associate Director of Analytics,MediaVest,ollunga@gmail.com: ollunga@gmail.com,ollunga@gmail.com,
Jason,Levin,"VP, Director of Data Analytics",Carat,jasonalevin@yahoo.com: jasonalevin@yahoo.com,jasonalevin@yahoo.com,
Jean,Ruiz,"Head Business Intelligence, Industry Data",International Air Transport Association (IATA),Work: ruizj@iata.org,ruizj@iata.org,
Jean,Ruiz,"Head, Travel Intelligence, Industry Data, FDS",International Air Transport Association,Work: jeanr@iata.org,jeanr@iata.org,
jedidiah,francis,Lead Data Scientist,ASOS.com,jedidiah.francis@gmail.com: jedidiah.francis@gmail.com,jedidiah.francis@gmail.com,
Jimmy,Hosang,Insight and Analytics Manager,Direct Line Group,jimmyhosang@gmail.com: jimmyhosang@gmail.com,jimmyhosang@gmail.com,
Joao,Torres Barreiro,Chief Privacy & Data Protection Officer,HCL,Work: joao.barreiro@hcl.com,joao.barreiro@hcl.com,
Jo,Coutuer,Chief Data Officer,BNP Paribas Fortis,Work: jo.coutuer@bnpparibasfortis.com,jo.coutuer@bnpparibasfortis.com,
Johan,Vallin,Data Scientist at Advanced Analytics in centre of insights,TeliaSonera,vallin@kth.se: vallin@kth.se,vallin@kth.se,
John,Allen,"Chief Architect, Data Analytics and Big Data",Deutsche Bank AG,john.howard.allen@gmail.com: john.howard.allen@gmail.com,john.howard.allen@gmail.com,
John,Mason,"Global Head of Regulatory Reporting, Enterprise Solutions",Bloomberg LP,john.mason@mail2web.com: john.mason@mail2web.com,john.mason@mail2web.com,
John,Telford,Enterprise Data Architect,Channel 4,JTelford@Channel4.co.uk: JTelford@Channel4.co.uk,JTelford@Channel4.co.uk,
Jonathan,Hodges,"Chief Architect, Adaptive Learning and Analytics",Pearson North America,hodgesz@gmail.com: hodgesz@gmail.com,hodgesz@gmail.com,
Jonathan,Mansley,"Head of Data, Analytics and Insight",Aviva plc,manslej@NORWICH-UNION.CO.UK: manslej@NORWICH-UNION.CO.UK,manslej@NORWICH-UNION.CO.UK,
Jonathan,Moxham,Head of Analytics and Data Strategy,British Red Cross,"Work: jmoxham@redcross.org.uk
Work: JMoxham@redcross.org.uk","jmoxham@redcross.org.uk, JMoxham@redcross.org.uk",
Josef A.,Habdank,Senior Data Scientist,Adform Aps,jahabdank@gmail.com: jahabdank@gmail.com,jahabdank@gmail.com,
Joseph,Rice,Head of data sales,Twitter,jrice@twitter.com: jrice@twitter.com,jrice@twitter.com,
Joshua,Aburrow-Newman,Junior Data Scientist.,Markerstudy Insurance,JAburrow-Newman@markerstudy.com: JAburrow-Newman@markerstudy.com,JAburrow-Newman@markerstudy.com,
JP,Rangaswami,Chief Data Officer,Deutsche Bank AG,jobsworth@me.com: jobsworth@me.com,jobsworth@me.com,
Juha,Ylikoski,Head of Analytics Consumer Business,TeliaSonera Finland,Work: juha.ylikoski@teliasonera.com,juha.ylikoski@teliasonera.com,
Julian,Elliott,Chief Data Officer,DENTSU AEGIS NETWORK LTD.,"julian.elliott@dentsuaegis.com: julian.elliott@dentsuaegis.com
julian.elliott@dentsuaegis.com: julian.elliott@dentsuaegis.com","julian.elliott@dentsuaegis.com, julian.elliott@dentsuaegis.com",+44 7770 733310: +44 7770 733310
Julia,Sutton,Group Customer Data Strategy,HSBC Bank PLC,julia.x.sutton@hsbc.com: julia.x.sutton@hsbc.com,julia.x.sutton@hsbc.com,+44 7796 700739: +44 7796 700739
Julio,Valero Gomez,Responsable Data Management Policies,Banco Santander,Work: jvalergo@gruposantander.com,jvalergo@gruposantander.com,
Julio,Valero Gomez,Responsable Data Management Policies,Santander,Work: jvalergo@gruposantander.com,jvalergo@gruposantander.com,
Jusdeep,Parshad,Executive Assistant to Deputy National Statistician for Data Capability,Office for National Statistics,Work: jusdeep.parshad@ons.gov.uk,jusdeep.parshad@ons.gov.uk,
Justin,Cullen,Chief Digital & Data Officer,Core Media,Work: justin.cullen@coremedia.ie,justin.cullen@coremedia.ie,
Karl,Hoffmann,"VP, Head of Database GTM",SAP,khoffman@thehoffers.net: khoffman@thehoffers.net,khoffman@thehoffers.net,
Kash,Jani,Business Analyst - Financial Crime & Regulatory Compliance,HSBC Bank PLC,Kash.Jani@hotmail.co.uk: Kash.Jani@hotmail.co.uk,Kash.Jani@hotmail.co.uk,
Katelyn,Hynes,CDO,Deutsche Bank AG,Work: katelyn.hynes@db.com,katelyn.hynes@db.com,Work: 02075455725
Keith,Holmes,Head of Digital Analytics and Data,RSA,keithdh80@hotmail.com: keithdh80@hotmail.com,keithdh80@hotmail.com,
Kemal,Cetin,"Vice President GDBS - Commercial, Marketing, Analytics",Diageo,kemalcetin77@gmail.com: kemalcetin77@gmail.com,kemalcetin77@gmail.com,
Kevin,Mayles,Head of Analytics,The Open University,Work: kevin.mayles@open.ac.uk,kevin.mayles@open.ac.uk,
Kevin,Sulley,Group Head of Information Architecture & Chief Architect for Big Data,BP,"kevin.sulley@bp.com: kevin.sulley@bp.com
kevsulley@googlemail.com: kevsulley@googlemail.com","kevin.sulley@bp.com, kevsulley@googlemail.com",
Keyur,Mehta,Data Warehouse Specialist,Betfair,keyur_mehta@yahoo.com: keyur_mehta@yahoo.com,keyur_mehta@yahoo.com,
Kirill,Pankratov,Global Head of Business Analytics & Market Research,Zurich Insurance Company Ltd.,"kirill.pankratov@rogers.com: kirill.pankratov@rogers.com
kirill.pankratov@zurich.com: kirill.pankratov@zurich.com","kirill.pankratov@rogers.com, kirill.pankratov@zurich.com",41446288275: 41446288275
Kjersten Margaret,Moody,"Vice President, Information and Analytics",Unilever,kjersten_moody@yahoo.com: kjersten_moody@yahoo.com,kjersten_moody@yahoo.com,
Kostas,Perifanos,Data Scientist,Mail Online at Daily Mail,kostas.perifanos@gmail.com: kostas.perifanos@gmail.com,kostas.perifanos@gmail.com,
Kris,Jack,Head of Data Science,RELX Group,mrkrisjack@gmail.com: mrkrisjack@gmail.com,mrkrisjack@gmail.com,
Kristian,Monsen,Data Governance manager,Telia company (Norway),Work: kristian.monsen@telia.no,kristian.monsen@telia.no,
Kristina,Collins,MI Data Analyst,Lloyds Banking Group,kriscollins1@hotmail.co.uk: kriscollins1@hotmail.co.uk,kriscollins1@hotmail.co.uk,
Lakshmi,Narasimhan,Big Data solutions,Crayon Data,lakshmi_09@yahoo.com: lakshmi_09@yahoo.com,lakshmi_09@yahoo.com,
Lauren,Sager Weinstein,Head of Analytics,Transport for London,laurensagerweinstein01@tfl.gov.uk: laurensagerweinstein01@tfl.gov.uk,laurensagerweinstein01@tfl.gov.uk,
Lesley,Roe,Data Protection Officer,the Institution of Engineering & Technology,Work: lroe@theiet.org,lroe@theiet.org,
lisa,collecott     LL.B(Hons),Compliance,Novae,lisacollecott@hotmail.com: lisacollecott@hotmail.com,lisacollecott@hotmail.com,
Lisa,Jebodhsingh,"Director Performance Analytics, Global Sales & Marketing",InterContinental Hotels Group (IHG),lisa.jebodhsingh@gmail.com: lisa.jebodhsingh@gmail.com,lisa.jebodhsingh@gmail.com,
Lorraine,Waters,HSBC Deputy Chief Data Officer and Global Head of Data Governance,HSBC Bank PLC,lorraine.waters@hsbcib.com: lorraine.waters@hsbcib.com,lorraine.waters@hsbcib.com,
Louise,Gibson-Bolton,Big Data & Analytics Portfolio Director,IQPC,lulugbolton@googlemail.com: lulugbolton@googlemail.com,lulugbolton@googlemail.com,
Luc,Machiels,Deputy CDO,BNP Paribas Fortis,Work: luc.machiels@bnpparibasfortis.com,luc.machiels@bnpparibasfortis.com,
Lucy,Knight,Data Lead,Devon County Council,Work: lucy.knight@devon.gov.uk,lucy.knight@devon.gov.uk,
Luke,Anamourlis,VP - Global CRM & Analytics Director,MetLife Alico,luke@anamourlis.co.uk: luke@anamourlis.co.uk,luke@anamourlis.co.uk,
Lynne,Innes,Data Governance & Change Lead,Npower,Work: Lynne.innes@rwe.com,Lynne.innes@rwe.com,
Maciej,Piwoni,Global Analytics Manager,Sage,Work: maciej.piwoni@sage.com,maciej.piwoni@sage.com,
Magda,Piatkowska,Head of Data Science,Telegraph Media Group,Work: magda.piatkowska@telegraph.co.uk,magda.piatkowska@telegraph.co.uk,
Mahendra,Jape,Director and Data Governance Leader,GE Capital International,work: mahendra.jape@ge.com,mahendra.jape@ge.com,
Manu,Kumar,"Head, Targeting, Optimization and Data Science",Vodafone Group Public Limited Company,manu.a.kumar@gmail.com: manu.a.kumar@gmail.com,manu.a.kumar@gmail.com,
Marc-Olivier,Pittner,CDO,local.ch,tvpittner@gmail.com: tvpittner@gmail.com,tvpittner@gmail.com,
Maria Eva,Montoro Candela,Global Head of CDO Intelligence Santander Bank,Santander Bank,Work: mmontoro@gruposantander.com,mmontoro@gruposantander.com,
Maria Eva,Montoro Candela,Global Head of CDO Intelligence Santander Bank,Santander,Work: mmontoro@gruposantander.com,mmontoro@gruposantander.com,
Mark,Howden,Client Data,ICBC Standard Bank,mark.howden@icbcstandard.com: mark.howden@icbcstandard.com,mark.howden@icbcstandard.com,
Mark,Hunter,Chief Data Officer,Sainsbury's Bank,Work: mark.hunter@sainsburysbank.co.uk,mark.hunter@sainsburysbank.co.uk,
Mark,Kennedy,Senior Compliance Associate,Brown Shipley & Co Limited,markkennedy18@hotmail.com: markkennedy18@hotmail.com,markkennedy18@hotmail.com,
Mark,Musson,Big Data Architect,HSBC Bank PLC,mark@musson.co.za: mark@musson.co.za,mark@musson.co.za,
Mark,Ramsey,Chief Data Officer (CDO),GlaxoSmithKline,,,+1 817 304 9562: +1 817 304 9562
Mark,Say,Group Head of CRM & Customer Data,Volkswagen Group,mark.say@volkswagen.co.uk: mark.say@volkswagen.co.uk,mark.say@volkswagen.co.uk,
Mark,Whitehorn,Professor of Analytics,the University of Dundee,,,
Martin,Glassborow,Infrastructure Delivery Manager - Storage and Data,BSkyB,marting@spellen.org: marting@spellen.org,marting@spellen.org,
Martin,Mitchell,Chief Data Architect,M&G,martinmitch@gmail.com: martinmitch@gmail.com,martinmitch@gmail.com,
Martin,Ratolistka,Chief Data & Automation Officer,Kiwi.com,Work: martin.ratolistka@kiwi.com,martin.ratolistka@kiwi.com,
Matthew,Cossor,CDO,TP ICAP,Work: Matthew.Cossor@icap.com,Matthew.Cossor@icap.com,
Matthew,Keylock,Director Of Data Insight,YOOX NET-A-PORTER GROUP,Work: matthew.keylock@net-a-porter.com,matthew.keylock@net-a-porter.com,
Matthew,Keylock,Director of Data and Insight,Yoox Net a Porter,"mdkeylock@gmail.com: mdkeylock@gmail.com
Work: matthew.keylock@ynap.com","mdkeylock@gmail.com, matthew.keylock@ynap.com",
Matt,Hobby,Senior Algorithm Developer/Data Scientist,Elsevier,mhobby1979@googlemail.com: mhobby1979@googlemail.com,mhobby1979@googlemail.com,
Max,Jolly,Head of Analytics,Vodafone Group Public Limited Company,,,
May,Ladd,"Lead Solutions Architect - Global Regulatory Retention, Archiving Programme & ECM Solutions",Credit Suisse,,,
Mayur,Halai,Priciple Auditor - Data Analytics,Deutsche Bank,Work: mayur.halai@db.com,mayur.halai@db.com,
Mayur,Halai,Priciple Auditor - Data Analytics,Deutsche Bank AG,Work: mayur.halai@db.com,mayur.halai@db.com,
Melanie,Troop,"Director, Compliance",Rothschild Bank,,,
Meredith,Ross,Vice President - Reference Data,Credit Suisse,rossmeredith@gmail.com: rossmeredith@gmail.com,rossmeredith@gmail.com,
Michael,Foley,"Director, Data Science",EMC,mifoley@me.com: mifoley@me.com,mifoley@me.com,
Michael,O'Donohue,Director of Insight and Data,British Gas,,,
Michael,Ridley,Chief Data Officer,Exterion Media,Work: Michael.Ridley@exterionmedia.co.uk,Michael.Ridley@exterionmedia.co.uk,
Michael,Servaes,Data Strategist,Army,Work: michaelservaes@aol.com,michaelservaes@aol.com,
Mike,Hyde,Head of Data Science (for the Workplace Enterprise),Facebook,"personal: mike.hyde@gmail.com
Work: mph@fb.com","mike.hyde@gmail.com, mph@fb.com",
Mike,Keig,Data & Analysis Controller,West Bromwich Building Society,,,
Mike,O'Donohue,Chief Data Officer,Camelot,None: Michaelodonohue@hotmail.com,Michaelodonohue@hotmail.com,
Mike,Servaes,"Data Strategist, Business Analyst, Enterprise Architect",British Army,Work: michaelservaes@aol.com,michaelservaes@aol.com,
Mike,Stanley,Marketing Data Analyst,NFU Mutual,michael.stanley315@gmail.com: michael.stanley315@gmail.com,michael.stanley315@gmail.com,
Mikko,Niva,Group Privacy Officer,Vodafone Group Public Limited Company,,,Work: mikko.niva@vodafone.co.uk
Milind,Kamkolkar,Global Head Next-Gen Analytics,Novartis,milind.kam@gmail.com: milind.kam@gmail.com,milind.kam@gmail.com,
Monica,Cardoso Salgado,Senior Manager Data Privacy & Governance,John Lewis Partnership,Work: monica.cardoso.salgado@johnlewis.co.uk,monica.cardoso.salgado@johnlewis.co.uk,
Monica,Gargantini,Data Driven Business Innovation Lead,Pirelli,"Personal: moni10e@yahoo.it
Work: Monica.gargantini@pirelli.com","moni10e@yahoo.it, Monica.gargantini@pirelli.com",
muriel,dutheil-petiot,Head of Customer Data Management,AWP,Work: muriel.dutheil-petiot@allianz.com,muriel.dutheil-petiot@allianz.com,
Naga,moparthy,Big Data Developer,London,nagabrahmammoparthy@gmail.com: nagabrahmammoparthy@gmail.com,nagabrahmammoparthy@gmail.com,
Naomi,Bowman,Head of Governance & Operations - Group Monitor Liaison Office (Financial Crime Compliance),HSBC Bank PLC,bowman.naomi@gmail.com: bowman.naomi@gmail.com,bowman.naomi@gmail.com,
Nash,Patel,Data Steward,Sainburys,Work: nash.patel@sainsburys.co.uk,nash.patel@sainsburys.co.uk,
Natalino,Busa,Enterprise Data Architect,ING,,,31629447008: 31629447008
Nathan,Barling,Global Chief Data & Technology Officer,iProspect,nathan.barling@iprospect.com: nathan.barling@iprospect.com,nathan.barling@iprospect.com,
Nav,Nair,Director of Projects & Analytics,Burberry,Work: nav.nair@burberry.com,nav.nair@burberry.com,
Nick,Maynard,Data Management & Strategic Partnerships,10x,Work: nickmaynard40@yahoo.co.uk,nickmaynard40@yahoo.co.uk,
Nic,Orton,CDO,BNP Paribas Personal Finance,Work: nic.orton@laseruk.com,nic.orton@laseruk.com,
Nigel,Davis,Analytics IT Director,Willis,nwalderdavis@yahoo.co.uk: nwalderdavis@yahoo.co.uk,nwalderdavis@yahoo.co.uk,
Nigel,Matthews,Group Data Management Programme Director,HSBC Bank PLC,nimatthe@me.com: nimatthe@me.com,nimatthe@me.com,
Nirali,patel,Chief Data Officer,AXA PPP healthcare,Work: nirali.patel@axa-ppp.co.uk,nirali.patel@axa-ppp.co.uk,
Norma,Dove-Edwin,Head of Global Data Services,British American Tobacco,"norma_Dove-Edwin@bat.com: norma_Dove-Edwin@bat.com
Work: norma.dove.edwin@googlemail.com","norma_Dove-Edwin@bat.com, norma.dove.edwin@googlemail.com",
Norman,Stuertz,Divisional Chief Data Officer,Credit Suisse,Work: norman.stuertz@credit-suisse.com,norman.stuertz@credit-suisse.com,
Oleksandr,Dyklevych,Head of Business Intelligence & Data Science,Ferratum Group,Work: oleksandr.dyklevych@ferratum.com,oleksandr.dyklevych@ferratum.com,
Oleksandr,Pryymak,Data Scientist,Facebook,235@inmind.org: 235@inmind.org,235@inmind.org,
Parveen,Downer,Head of Programmes and Data,Harley Academey,Work: parveen@harleyacademy.com,parveen@harleyacademy.com,
Patricia,Poku,Global Director - Data Protection and Privacy,World Vision International,Work: patpoku@gmail.com,patpoku@gmail.com,
Paul,Brook,Big Data & Cloud Program Manager,Dell,Paul_brook@dell.com: Paul_brook@dell.com,Paul_brook@dell.com,
Paul,Clark,Global Head of Digital & Data,HSBC Bank PLC,Work: paul.clark@hsbc.com,paul.clark@hsbc.com,"None: +44 7920 252186
Work: +44 20 799 11032"
Paul,Cullender,Group Customer Data Strategy Programme Director,HSBC Bank PLC,Work: paul.cullender@hsbc.com,paul.cullender@hsbc.com,
Paul,Cullender,Group Customer Data Strategy Programme Director,HSBC Bank PLC,Work: paul.cullender@hsbc.com,paul.cullender@hsbc.com,
Paul,Cullender,Program Director - Customer and Reference Data,HSBC Bank PLC,,,
Paul,Jones,"Chief of Staff, Data Systems & Insights",Barclays Bank PLC,pauldanieljones@gmail.com: pauldanieljones@gmail.com,pauldanieljones@gmail.com,
Paul,Linnane,Head of Data Analytics,Utiligroup,paul.liannane@utiligroup.com: paul.liannane@utiligroup.com,paul.liannane@utiligroup.com,1772770280: 1772770280
Paulo,Saraiva dos Santos,Data Collection Diretor,Statistics Portugal,Work: paulo.saraiva@ine.pt,paulo.saraiva@ine.pt,
Paul,van Haver,"Vice President, Global Data Services",TechSoup Global,pvh@vanhaver.com: pvh@vanhaver.com,pvh@vanhaver.com,
Paul,White,Head of Data & Information Architecture,Royal Mail,johnny.uk@icloud.com: johnny.uk@icloud.com,johnny.uk@icloud.com,
Penny,Maystone,"Director of Tracing, Data and Software Services",Capita Employee Benefits,penny.maystone@capita.co.uk: penny.maystone@capita.co.uk,penny.maystone@capita.co.uk,
Peter,Enright,Senior Data and Marketing Services Manager,Cambridge University Press,peter.enright@rocketmail.com: peter.enright@rocketmail.com,peter.enright@rocketmail.com,
Peter,Jackson,Head of Data,The Pensions Regulator,Work: peter.jackson@thepensionsregulator.gov.uk,peter.jackson@thepensionsregulator.gov.uk,
Peter,Jackson,Head of Data,The Pension Regulator,,,
Phil,Archer,Data Activity Lead,W3C,phil@philarcher.org: phil@philarcher.org,phil@philarcher.org,
Philip,Gunn,Director Strategic Revenue and Data,AIB Merchant Services,"gunnp@eircom.net: gunnp@eircom.net
phil.gillieg@yahoo.com: phil.gillieg@yahoo.com","gunnp@eircom.net, phil.gillieg@yahoo.com",
Philipp,Raether,Group Chief Privacy Officer,Allianz,Work: philipp.raether@allianz.com,philipp.raether@allianz.com,
Philipp,Raether,Group Chief Privacy Officer,Allianz Group,Work: phillip.raether@allianz.com,phillip.raether@allianz.com,
Phillip,Radley,Chief Data Architect,BT,Work: phillip.radley@bt.com,phillip.radley@bt.com,
Phil,Yeoman,Data Business Engagement Manager,The Pensions Regulator,Work: phil.yeoman@thepensionsregulator.gov.uk,phil.yeoman@thepensionsregulator.gov.uk,
Phil,Zamani,BigData & IoT Entrepreneur and Investor | Board Adviser,Stealth Mode Mobile Startup,zamaniphil@yahoo.co.uk: zamaniphil@yahoo.co.uk,zamaniphil@yahoo.co.uk,
Pierre,du Toit,Head of Big Data Analytics,Vitality (UK),,,
Piers,Stobbs,CDO,Moneysupermarket Group,Work: piers.stobbs@moneysupermarket.com,piers.stobbs@moneysupermarket.com,
Piethein,Strengholt,Chief Architect & Data Management (CADM) | Data Management,ABN Amro Group,Work: piethein.strengholt@nl.abnamro.com,piethein.strengholt@nl.abnamro.com,Mobile: +31 6 12 01 17 30 
PJ,Bezuidenhout,Chief Data Officer,WesBank,Work: pbezuidenhout@wesbank.co.za,pbezuidenhout@wesbank.co.za,
Pritesh,Chauhan,Senior Marketing Manager - Personal Data,GSMA,,,
Przemys?aw,Rymaszewski,Predictive Analytics Program Manager / Global Corporate,Zurich Insurance Company Ltd.,przemyslaw.rymaszewski@gmail.com: przemyslaw.rymaszewski@gmail.com,przemyslaw.rymaszewski@gmail.com,
Rajdeep,Mukherjee,Head of Big Data,Zurich Insurance Company Ltd.,,,+44 7912220545: +44 7912220545
Ralph,Graether,"Head of the Security Management and Compliance practice EMEA at RSA, The Security Divsion of EMC",RSA The Security Division of EMC,ralphgraether@googlemail.com: ralphgraether@googlemail.com,ralphgraether@googlemail.com,
Ramesh,Bhandari,Product Management & Marketing Manager - Datacenter & Cloud Services,Etisalat,rameshbhandari@gmail.com: rameshbhandari@gmail.com,rameshbhandari@gmail.com,
Randall,Helms,Head of Business Analytics and Consumer Insights,Viewster,pearsall@gmail.com: pearsall@gmail.com,pearsall@gmail.com,
Randy,Golly,"Vice President - Governance, Risk, and Compliance (GRC)",Epsilon Telecommunications Limited,rgolly@gmail.com: rgolly@gmail.com,rgolly@gmail.com,
Raul,Cruces,Chief Data Officer,Banco Santander,Work: rcruces@gruposantander.com,rcruces@gruposantander.com,
Raul,Cruces,Chief Data Officer,Santander,Work: rcruces@gruposantander.com,rcruces@gruposantander.com,
Raveendra,Bharadwaj,Director | Head of Data Architecture | Global Transaction Banking,Deutsche Bank AG,Work: raveendra.bharadwaj@db.com,raveendra.bharadwaj@db.com,"Work: +44 20 7547 2637
Mobile: +44 7769 886999"
Ravi,Bhatt,Big Data Architect,Santander,ravimbhatt@gmail.com: ravimbhatt@gmail.com,ravimbhatt@gmail.com,
Ravinder,Bhadhal,Global Head of Commercial Management and Market Data,Man,ravinder.bhadhal@gmail.com: ravinder.bhadhal@gmail.com,ravinder.bhadhal@gmail.com,
Reza,Khorshidi,"Head of Quantitative Analytics, EMEA",AIG Europe Limited,reza.khorshidi@aig.com: reza.khorshidi@aig.com,reza.khorshidi@aig.com,
Richard,Benjamins,Group Director BI & Big Data for Internal Exploitation,Telefonica,vrbenjamins@gmail.com: vrbenjamins@gmail.com,vrbenjamins@gmail.com,
Richard,Ellison,Deputy CFO & CDO,CYBG (Clydesdale Bank),Work: richard.ellison@cybg.com,richard.ellison@cybg.com,
Richard,Ellison,Former Deputy CFO & Chief Data Officer,Clydesdale Bank plc,Work: richar.ellison@cbonline.co.uk,richar.ellison@cbonline.co.uk,
Richard,Hart,European Data Centre Technical Architect,Tyco Fire & Security,RHart100@gmail.com: RHart100@gmail.com,RHart100@gmail.com,
Richard,Pilling,"Director, Big Data & Analytics",Intel Corporation,rich@thepillings.net: rich@thepillings.net,rich@thepillings.net,
Richard,Porter,Principal Enterprise Architect (Information & Data),AstraZeneca UK Limited,RichSelina@gmail.com: RichSelina@gmail.com,RichSelina@gmail.com,
Richard,Shelton,Data & Insight Programme Manager,Auto Trader,,,
Rick,Robinson,"IT Director, Smart Data and Technology",Amey,dr.rick.robinson@gmail.com: dr.rick.robinson@gmail.com,dr.rick.robinson@gmail.com,
Riikka,Turunen,"Director, Data Protection and Privacy",Sanoma,riikkaeturunen@hotmail.com: riikkaeturunen@hotmail.com,riikkaeturunen@hotmail.com,
Roana,Mouton,Enterprise Architecture Governance,Barclays Bank PLC,roana.mouton@gmail.com: roana.mouton@gmail.com,roana.mouton@gmail.com,
Robert,Lee,Head of Business Data Architecture,Lloyds Banking Group,Work: rob.lee@lloydsbanking.com,rob.lee@lloydsbanking.com,
Robert,Michael,"Head of Demand, Performance & Analytics",Carillion,Robert.Michael@btopenworld.com: Robert.Michael@btopenworld.com,Robert.Michael@btopenworld.com,
Roberto,Maranca,Chief Data Officer,GE Capital,Work: R.maranca@outlook.com,R.maranca@outlook.com,
Roberto,Maranca,Chief Data Officer,GE Capital International,Work: roberto.maranca@ge.com,roberto.maranca@ge.com,
Rob,French,"General Manager, Data Privacy",Shell International,Work: rob.french@shell.com,rob.french@shell.com,
Rob,Wijhenke,Head of Data Innovation and Analytics,ABN Amro Group,,,
Rod,Moyse,Head Of Analytics,Aviva plc,moyser2001@yahoo.co.uk: moyser2001@yahoo.co.uk,moyser2001@yahoo.co.uk,
Rodney,Whale,Head of Data Management - Vaccines Operations & QC,GSK,Work: rodney.j.whale@gsk.com,rodney.j.whale@gsk.com,
Ross,McEwan,Head of Enterprise Data & BI,CYBG PLC,Work: rfmcewan75@hotmail.com,rfmcewan75@hotmail.com,
Ross,McLachlan,Head of Strategy Oversight & Data,Hargreaves Lansdown,Work: ross.mclachlan@hl.co.uk,ross.mclachlan@hl.co.uk,
Rowena,Parsons,Data Architect/Data Modeller,Sony Computer Entertainment Europe,rowena@rparsons.co.uk: rowena@rparsons.co.uk,rowena@rparsons.co.uk,
Russell,Marsh,Advisory Board Member - Big Data& Analytics,Process Excellence Network (PEX Network - a division of IQPC),russell.marsh@gmail.com: russell.marsh@gmail.com,russell.marsh@gmail.com,
Russ,Fitzgerald,"Head of Governance, Risk and Control, Group Operations",Nationwide Building Society,russ.fitzgerald@btinternet.com: russ.fitzgerald@btinternet.com,russ.fitzgerald@btinternet.com,
Rutang,Thanawalla,Risk Manager / Head of Portfolio Analytics,HSBC Bank PLC,,,
Ruth,Wandhöfer,"Global Head of Regulatory & Market Strategy, Citi; Recipient of the 2015 Women in Banking and Finance Achievement Award",Citi,,,
Samuel,Benson,National Data Protection & Data Management Reporting Officer,Lidl UK,Work: samuel.benson@lidl.co.uk,samuel.benson@lidl.co.uk,
Sanjay,Kharole,Global Head of Retail Banking Regulatory Compliance,HSBC Bank PLC,socialnews4sk@hotmail.co.uk: socialnews4sk@hotmail.co.uk,socialnews4sk@hotmail.co.uk,
Santhosh,Pillai,Chief Architect & Data Management,ABN Amro Group,,,
Sara,Howers,Senior Data Protection Specialist,Haymarket Media Group,Work: Sara.howers@haymarket.com,Sara.howers@haymarket.com,
Scott,Krueger,Data Architect,Skyscanner,Work: scottk@skyscanner.net,scottk@skyscanner.net,
Seamus,Murphy,Chief Data Officer,AIB Plc,,,
Sean,Cornwell,Chief Data Officer,Travelex,,,
Sean,Hayes,Group Head of Data,Incisive Media,sean.hayes@incisivemedia.com: sean.hayes@incisivemedia.com,sean.hayes@incisivemedia.com,
Shahin,Nassiri,"Director, CTO F.O. Risk and Analytics Architect",Barclays Bank PLC,Shahin.Nassiri@gmail.com: Shahin.Nassiri@gmail.com,Shahin.Nassiri@gmail.com,
Shannon,Walker,Enterprise Data Architect,Deutsche Bank AG,"Personal: shannonswalker@yahoo.com
Work: shannon.walker@db.com","shannonswalker@yahoo.com, shannon.walker@db.com",
Sharon,Keogh,"Head of Data Strategy & Control, Chief Data Office",AIB Plc,sharon.e.keogh@aib.ie: sharon.e.keogh@aib.ie,sharon.e.keogh@aib.ie,
Sharon,Palmer,"Divisional Director, Head of Spatial Analytics",Willis,slpalmer75@yahoo.co.uk: slpalmer75@yahoo.co.uk,slpalmer75@yahoo.co.uk,
Shaun,Waterman,Data Infrastructure Lead,Royal Bank of Scotland,shaun.waterman@new-criteria.com: shaun.waterman@new-criteria.com,shaun.waterman@new-criteria.com,
Shaymoly,Mukherjee,Data Governance Manager,Catalyst Housing Group,Work: shaymoly.mukherjee@chg.org.uk,shaymoly.mukherjee@chg.org.uk,
Shuai,Yuan,Data Scientist,MediaGamma,sns@yuan-shuai.info: sns@yuan-shuai.info,sns@yuan-shuai.info,
Silvina,Arce Gil,Chief Data Officer,Santander Bank Spain,Work: silvinaarce@gruposantander.es,silvinaarce@gruposantander.es,
Silvina,Arce Gil,Chief Data Officer,Santander,Work: silvinaarce@gruposantander.es,silvinaarce@gruposantander.es,
Simon,Wright,Strategic Governance Manager,Sky,Work: simon.wright@sky.uk,simon.wright@sky.uk,
Simon,Young,Director of Analytics,Link Financial,Work: syoung@linkfinancial.co.uk,syoung@linkfinancial.co.uk,
Sjaun,Wong,Head of Digital Analytics and Insights,Comic Relief,,,
Skander,Ben Mansour,Head of Data Science,Mindshare,skander@benmansour.net: skander@benmansour.net,skander@benmansour.net,
Somita,Yogi,Head of MI & Big Data,TUI Group,"Personal: somita123@yahoo.co.in
Work: somita.yogi@specialistholidays.com","somita123@yahoo.co.in, somita.yogi@specialistholidays.com",Mobile: +44 7833 469686
Stacey,Skidmore,Data & Analytics Manager,Peoples Holdings,Work: staceyskidmore@peoplesholdings.co.uk,staceyskidmore@peoplesholdings.co.uk,
Stefan,Franczuk,Big Data Architect - UK Practice Lead,Cognizant Technology Solutions,stefan_franczuk@hotmail.com: stefan_franczuk@hotmail.com,stefan_franczuk@hotmail.com,
Stephan,Den Hengst,Chief Data Officer,Nederlandse Politie,Work: stephan.den.hengst@politie.nl,stephan.den.hengst@politie.nl,
Stephane,AUGER,Data Management Team Leader,Danone Research,"work: Stephane.AUGER@danone.com
personal: s.r.auger@gmail.com","Stephane.AUGER@danone.com, s.r.auger@gmail.com",
Stephane,Pere,Chief Data Officer,The Economist,Work: stephanepere@economist.com,stephanepere@economist.com,
Stephen,Deadman,Global Deputy Chief Privacy Officer,Facebook,Work: stephen@fb.com,stephen@fb.com,
Stephen,Magora,"Director, Analytics",Credit Suisse Private Banking,Work: stephen.magora@credit-suisse.com,stephen.magora@credit-suisse.com,
Steve,Boland,"Head of AR, Data & Information",INTERSERVEfm LTD,steve.boland@interserve.com: steve.boland@interserve.com,steve.boland@interserve.com,+44 7779603551: +44 7779603551
Steven,Bennett,"Head, Data Change",Lloyds Banking Group,Work: steven.bennet@lloydstsb.co.uk,steven.bennet@lloydstsb.co.uk,
Steven,Collings,Head of Data & Analytics,Zoopla Property Group,steven.collings@zpg.co.uk: steven.collings@zpg.co.uk,steven.collings@zpg.co.uk,
Steven,Hutt,VP Data Analytics,Maxeler Technologies,steven.hutt@yahoo.com: steven.hutt@yahoo.com,steven.hutt@yahoo.com,
Steven,Pimblett,Chief Data Officer,Betsson,steve.pimblett@yahoo.co.uk: steve.pimblett@yahoo.co.uk,steve.pimblett@yahoo.co.uk,
Steven,Quinby,Head of Data Collection Services,Network Rail,steven.quinby@networkrail.co.uk: steven.quinby@networkrail.co.uk,steven.quinby@networkrail.co.uk,
Steven,Simon,Senior Database and Technology Sales for Key Accounts in Gulf Region,SAP,steven.simon@sap.com: steven.simon@sap.com,steven.simon@sap.com,
Steve,Vanourny,Senior Vice President - Head of Investment Analytics,State Street Global Advisors Limited,svanourny@gmail.com: svanourny@gmail.com,svanourny@gmail.com,
Steve,Wright,Group Data Privacy & InfoSec Officer,John Lewis Partnership,Work: steve.x.wright@johnlewis.co.uk,steve.x.wright@johnlewis.co.uk,
Steve,Wright,Group Data Privacy & InfoSec Officer,John Lewis Partnership Group,Work: steve_wright@johnlewis.com,steve_wright@johnlewis.com,
Stuart,Gillies,Reference Data Workstream Manager,Credit Suisse,sgillies01@yahoo.co.uk: sgillies01@yahoo.co.uk,sgillies01@yahoo.co.uk,
Stuart,Pearson,VP Product Management - Global Analytics Products,Aimia Inc,stuart.j.pearson@talk21.com: stuart.j.pearson@talk21.com,stuart.j.pearson@talk21.com,
Susan,Wegner,"Vice President Smart Data Analytics&Communication, Big Data, Telekom Innovation Laboratories",Deutsche Telekom AG,wegners@telekom.de: wegners@telekom.de,wegners@telekom.de,
Syed,Moonis,"Director, Group Analytics",EnterCard,moonis62@gmail.com: moonis62@gmail.com,moonis62@gmail.com,
Sylvia,Appiah,Information Security Privacy Specialist,Reckitt Benckiser,Work: Sylvia.Appiah@rb.com,Sylvia.Appiah@rb.com,
Tanya,Goshiy,Database Developer,AssessTech,Work: tanya.goshiy@assesstech.com,tanya.goshiy@assesstech.com,"Work: 01483338646
Work: 07810787566"
Tassilo,Amtage,Senior Regulatory Advisor,Commerzbank AG,Work: tassilo.amtage@commerzbank.com,tassilo.amtage@commerzbank.com,
Tharinda,Premasiri,General Manager - Customer Analytics & Profiling,Robi Axiata Limited,tharinda.premasiri@gmail.com: tharinda.premasiri@gmail.com,tharinda.premasiri@gmail.com,
Thomas,Lee-Warren,"Director, Technology Data Group (BI, Commercial Insight, & Analytics)",Royal Mail,tlw@oculustech.com: tlw@oculustech.com,tlw@oculustech.com,
Timor,Ahmad,Data Governance Manager,Lloyd's of London,Work: timor.ahmad@lloyds.com,timor.ahmad@lloyds.com,
Toby,Woolfe,"Information Agenda - Big Data Automotive and Industrial Sector Sales Leader, Europe",International Business Machines,toby_woolfe@hotmail.com: toby_woolfe@hotmail.com,toby_woolfe@hotmail.com,
Tom,Beattie,Head of Enterprise Data Operations,British Gas,beattie.tom@googlemail.com: beattie.tom@googlemail.com,beattie.tom@googlemail.com,
Tom,Betts,Chief Data Officer,Financial Times,,,
Tom,Callaert,Commercial Manager Compliance Analytics,SOCIETY FOR WORLDWIDE INTERBANK FINANCIAL TELECOMMUNICATION SCRL,,,
Tom,Channing,"Head, Strategic Analytics",Sony Mobile Communications,Work: tom.channing@eu.sony.com,tom.channing@eu.sony.com,
Tom,Penney,Strategy & Analytics Adult Social Care,London Borough of Merton,tom@socialkemistri.com: tom@socialkemistri.com,tom@socialkemistri.com,
Tony,Gosling,"Director Data, Analytics & Insight",Ministry of Defence,Work: tony.gosling101@mod.gov.uk,tony.gosling101@mod.gov.uk,
Tony,Gosling,"Chief Data Officer, Defence Infrastructure",UK Ministry of Defence,Work: tony.gosling101@mod.gov.uk,tony.gosling101@mod.gov.uk,
Tony,Henderson,"Business Lead Europe for Content Protection, Microsoft PlayReady",Microsoft,tony.henderson@microsoft.com: tony.henderson@microsoft.com,tony.henderson@microsoft.com,
Tony,Jaskeran,Director- Data and Analytics Services,GroupM,tonyjaskeran@hotmail.com: tonyjaskeran@hotmail.com,tonyjaskeran@hotmail.com,
T. Scott,Clendaniel,Director of Marketing Sciences/ Lead Data Scientist,MarketOne International,SClendaniel@MarketOne.com: SClendaniel@MarketOne.com,SClendaniel@MarketOne.com,
Udo,Wuertz,Chief Evangelist Data Center Business EMEIA,Fujitsu Technology Solutions GmbH,Work: Udo.Wuertz@ts.fujitsu.com,Udo.Wuertz@ts.fujitsu.com,
Ulla,Kruhse-Lehtonen,"VP, Customer Insight and Analytics",Sanoma,ullakl@yahoo.com: ullakl@yahoo.com,ullakl@yahoo.com,
Umran,Rafi,Head of Data,St Andrew's Healthcare,Work: URafi@standrew.co.uk,URafi@standrew.co.uk,"Switchboard: +44  1604 616000 
mobile: +44 7500 300 400 "
Ursuline,Foley,Interim Chief Data Officer,XL Catlin,Work: ursuline.foley@xlcatlin.com,ursuline.foley@xlcatlin.com,
Veena,Dhillon,Head of Marketing Analytics UK,PayPal,veena_dhillon@yahoo.com: veena_dhillon@yahoo.com,veena_dhillon@yahoo.com,
Venkateswaralu,Cherukur,Head of Banking & Regulation,Syntel,Work: legendlu@yahoo.com,legendlu@yahoo.com,
Victor,Hu,"Head, Data Science",QBE Insurance,Work: victor.hu@qbe.com,victor.hu@qbe.com,
Vittorio,Guerci,Head of Marketing Systems and Data,RS Components,,,
Vlasios,Vasileiou,Head of Data Science,Zopa,Work: vlasios.vasileiou@zopa.com,vlasios.vasileiou@zopa.com,
Vlasios,Vasileiou,Head Of Data Science,Zopa Cottons Centre,Work: vlasios.vasileiou@zopa.com,vlasios.vasileiou@zopa.com,
Volker,Bott,"Senior Product Manager Internal Reporting, Business Intelligence and Big Data",Deutsche Bank AG,volker.bott@gmx.de: volker.bott@gmx.de,volker.bott@gmx.de,
Wade,Munsie,Director of Advanced Analytics,Royal Mail,Work: wade.munsie@royalmail.com,wade.munsie@royalmail.com,
Wilmer,Peres,IS Director - Big Data & Analytics,RB,,,4.47557E+11: 4.47557E+11
Yuanyuan,Liu,"Manager, Quantitative Analytics",AIG Europe Limited,personal: lyy_bit934@msn.com,lyy_bit934@msn.com,
Ziad,Albayati,Big Data,MapR Technologies,Work: ziadalbayati@gmail.com,ziadalbayati@gmail.com,
Zog,Gibbens,Enterprise Architect (Analytics & Data),Alliance Boots GmbH,zog.gibbens@boots.co.uk: zog.gibbens@boots.co.uk,zog.gibbens@boots.co.uk,7557319948: 00447557319948
