PHOTO URL,FIRST NAME,LAST NAME,JOB ROLE,ORGANIZATION,EMAIL,EMAIL (PLAIN),PHONE
,Abdulaziz,Abanmi,Head of IT Development,Fidelity International,Work: abdulazizabanmi@sabb.com,abdulazizabanmi@sabb.com,Mobile: +966504424553
,Abhijeet,Chaudhari,Systems Analyst (Social Media),Fidelity International,abhijeet.chaudhari@fmr.com: abhijeet.chaudhari@fmr.com,abhijeet.chaudhari@fmr.com,
,Abid,Musharaf,Assistant VP; Channel Manager,Mashreq,email: abidmus@mashreq.com,abidmus@mashreq.com,"Work: +971 4608 3601
mobile: +971-50-346 0965"
,Aden,Davies,Social Technologies Specialist,HSBC Bank PLC,aden_76@hotmail.com: aden_76@hotmail.com,aden_76@hotmail.com,
,Adit,Gadgil,,HSBC Bank PLC,adit.gadgil@hsbcib.com: adit.gadgil@hsbcib.com,adit.gadgil@hsbcib.com,7717652949: 7717652949
,Alan,Francis,"VP, Channel Manager; ATM and CCDM",Mashreq,alanf@mashreq.com: alanf@mashreq.com,alanf@mashreq.com,"Mobile: +971-50-232 8617
Work: +971 4608 3663"
,Alasdair,Anderson,Head of Group Big Data Services,HSBC Bank PLC,alasdair.anderson@gmail.com: alasdair.anderson@gmail.com,alasdair.anderson@gmail.com,
,Alberto,Souviron,Digital Media Specialist,Lloyds Register,asouviron@gmail.com: asouviron@gmail.com,asouviron@gmail.com,
,Anantha,Prasad,"Global Head, Data Governance and Head, Data & Information Management EMEA",HSBC Bank PLC,Work: anantha.prasad@hsbc.com,anantha.prasad@hsbc.com,
,Anders,Marvik,VP EU political affairs office,Statoil ASA,anjen1969@gmail.com: anjen1969@gmail.com,anjen1969@gmail.com,
,Andrew,Jacobs,FpML Lead Architect,HSBC Bank PLC,andrew.jacobs@btinternet.com: andrew.jacobs@btinternet.com,andrew.jacobs@btinternet.com,
,Aref,Al-Ramli,"VP, Head Of Electronic Banking & Innovation",Mashreq,arefr@mashreq.com: arefr@mashreq.com,arefr@mashreq.com,"Mobile: +971-50-107 0011
Work: +971 4608 3708"
,Arif Anees,Malik,Executive Director,World Congress Overseas Pakistanis,Work: arif.malik@wcop.org.uk,arif.malik@wcop.org.uk,Work: +447823557818
,Ashwini,Lad,Head of eCommerce Product Delivery,HSBC Bank PLC,"ashwini.lad@hsbc.com: ashwini.lad@hsbc.com
ashwini.lad@hsbcib.com: ashwini.lad@hsbcib.com","ashwini.lad@hsbc.com, ashwini.lad@hsbcib.com",
,Avtar Matharu,Avtar Matharu,Global Expansion Lead,HSBC Bank PLC,Work: avtar.matharu@hsbc.com,avtar.matharu@hsbc.com,"Work: +44 20 7991 3850
mobile: +447584400199"
,Bala,Krishnan,Director,First Capital,Work: bala.krishnan@firstcapital.co.uk,bala.krishnan@firstcapital.co.uk,"Work: 0208 563 1563
None: 07769 650715"
,Barry,Childe,HTS Distinguished Engineer,HSBC Bank PLC,barrychilde@mac.com: barrychilde@mac.com,barrychilde@mac.com,
,Benjamin,Whitby,Regulatory Conduct and Financial Crime Specialist,HSBC Bank PLC,Work: ben.whitby@gmail.com,ben.whitby@gmail.com,
,Ben,Read,Senior Business Analyst,HSBC Bank PLC,benread222@gmail.com: benread222@gmail.com,benread222@gmail.com,
,Bhaskar,Dasgupta,"Global Head of Transaction Management Unit (COO), Global Forfaiting and Risk Distribution",HSBC Bank PLC,bhaskar@dasguptaonline.com: bhaskar@dasguptaonline.com,bhaskar@dasguptaonline.com,
,Bo,Boisen,Program Director - Regulatory and Risk Analytics,HSBC Bank PLC,bboisen@gmail.com: bboisen@gmail.com,bboisen@gmail.com,
,Chad E.,Iverson,"Director, Digital Platform Architecture",Fidelity International,civerson916@gmail.com: civerson916@gmail.com,civerson916@gmail.com,
,Chris,Johnson,"Senior Product Manager, Market Data Services",HSBC Bank PLC,chris.johnson@hsbc.com: chris.johnson@hsbc.com,chris.johnson@hsbc.com,
,Chris,Jones,Global Head of Shared Services/eComm/Architecture & Quality IT - Securities Services at HSBC,HSBC Bank PLC,chris@tourmaletconsulting.com: chris@tourmaletconsulting.com,chris@tourmaletconsulting.com,"01943 609117: 01943 609117
+44 758 4401889: +44 758 4401889"
,Cian,Burke,"Group General Manager, Global Head Of HSBC Securities Ser Aces",HSBC Bank PLC,Work: cian.burke@hsbcgroup.com,cian.burke@hsbcgroup.com,+442079915000: +447795013757
,Claire,Ruggiero,Innovation Director,Lloyds Register,Work: claire.ruggiero@lr.org,claire.ruggiero@lr.org,"Work: +447794172420
Mobile: +44 779 417 2420"
,Corey,Cardine,Global Head Risk Analytics FCC,HSBC Bank PLC,,,
"data:image/gif;base64,R0lGODlhAQABAIAAAAAAAP///yH5BAEAAAAALAAAAAABAAEAAAIBRAA7",Daniel,Jonas MIET,Global Head of Innovation,SThree,,,Work: +44 7951698293
,Dan,Peters,"Lead on Business Strategy, Global Business Banking",HSBC Bank PLC,danielpeters@hsbc.com: danielpeters@hsbc.com,danielpeters@hsbc.com,
https://media.licdn.com/mpr/mpr/shrinknp_400_400/p/4/005/07d/05c/2e7a6cf.jpg,Dan,Phipps,"Head of Digital Platform Operations, Release Management and Digital Centres of Excellence",HSBC Bank PLC,,,
,Darren,Goucher,Innovation Analyst,HSBC Bank PLC,darrengoucher@gmail.com: darrengoucher@gmail.com,darrengoucher@gmail.com,
,Darren,Scott,Senior Lead Development Specialist,HSBC Bank PLC,,,
,Darren,Siddle,Data Lead - AMG - Big Data and Group Data Management Programme,HSBC Bank PLC,darrensiddle@hotmail.com: darrensiddle@hotmail.com,darrensiddle@hotmail.com,
https://media.licdn.com/mpr/mpr/shrinknp_400_400/p/3/000/284/10e/17b84ad.jpg,David,Barnard,,TechSoup Global,,,
,David,Cowland,Director ISFA Technology,Fidelity International,Work: david.cowland@fil.com,david.cowland@fil.com,"Work: 01737837945
Mobile: +44 7944737182"
https://media.licdn.com/media/p/4/000/16a/313/131472d.jpg,Edgardo,Yu,,UN Food Program,,,
https://media.licdn.com/media/AAEAAQAAAAAAAAcpAAAAJDhkOWE5MDQ1LWE2MTMtNGRhZC1hMDk2LTE4OTIwYTA5NDBlNA.jpg,Edward,George,"Country Head, Ecobank UK Representative Office & Head of Group Research",Ecobank Transnational Incorporated,Work: egeorge@ecobank.com,egeorge@ecobank.com,Work: +44 20 3582 8805
,Eirik,Solberg,Principal Consultant Supply Chain Management,Statoil ASA,None: soleir@gmail.com,soleir@gmail.com,
,Fabio Alexander,Corzo,Head Group Business Data Architecture,HSBC Bank PLC,fabio.corzo@hsbc.com: fabio.corzo@hsbc.com,fabio.corzo@hsbc.com,
,Franco,Morra,CEO HSBC Private Bank (Suisse) SA,HSBC Bank PLC,Work: franco.morra@hsbcpb.com,franco.morra@hsbcpb.com,
https://pbs.twimg.com/profile_images/2413146192/image_normal.jpg,Gary,Pogson,,Lloyds Register,Work: Gary.Pogson@lr.org,Gary.Pogson@lr.org,
,Geoffrey,Zbinden,Chief Data Officer,Orange,Work: geoffrey.zbinden@orange.com,geoffrey.zbinden@orange.com,
https://media.licdn.com/mpr/mpr/shrinknp_400_400/AAEAAQAAAAAAAAOaAAAAJGVhY2M1MzhmLWVhOWEtNDA1Ny1iNGI0LTNhMjk4YzlkYzFmYg.jpg,Gordon,Power,,Sustainable Technology Investments (Guernsey) limited,Work: grp@stil.uk.com,grp@stil.uk.com,
,Guillaume,"Gardey, Ph.D.",Big Data Consultant,HSBC Bank PLC,guillaume.gardey@gmail.com: guillaume.gardey@gmail.com,guillaume.gardey@gmail.com,
,Guy,Hallam,Senior Business Programme Manager / COO Team Global Regulatory Change Lead,HSBC Bank PLC,e2@cityconsultancy.co.uk: e2@cityconsultancy.co.uk,e2@cityconsultancy.co.uk,
,Hagen,Wiesner,COO,Faurecia,Work: hagen.wiesner@faurecia.com,hagen.wiesner@faurecia.com,"Work: +33 (0)1 72 36 73 86
None: +33 (0)6 75 46 61 51"
,Hiten,Vaghela,"Director, Data Technologies and Architecture",TechSoup Global,hiten.vaghela@gmail.com: hiten.vaghela@gmail.com,hiten.vaghela@gmail.com,
https://media.licdn.com/mpr/mpr/shrinknp_400_400/p/2/005/096/2bb/1b3fad4.jpg,Jalal,Douame,AVP Internet Banking Manager,Mashreq,Work: JalalD@mashreq.com,JalalD@mashreq.com,Work: +971 509789354
,James,Castle,"Senior Consultant, Information Management",Statoil ASA,,,
,JAYNA,SHAH,Principal Of Jps Wealth Management,Jps WEALTH,Work: jayna.shah@sjpp.co.uk,jayna.shah@sjpp.co.uk,Work: 07879013946
,Jeena,Nadarajan,"Associate Director, Public Relations",Fidelity International,jeenanadarajan@gmail.com: jeenanadarajan@gmail.com,jeenanadarajan@gmail.com,
,Jessica,Galeria,Associate Director of Strategic Development,TechSoup Global,jessicagaleria@gmail.com: jessicagaleria@gmail.com,jessicagaleria@gmail.com,
,John,Elliot,Head: Fintech and Innovation,Investec,Work: john.elliott@investec.co.za,john.elliott@investec.co.za,"Work: +27 0 11286 977
None: +27 0 836357615"
https://media.licdn.com/mpr/mpr/shrinknp_400_400/p/2/000/014/22e/3d6e34d.jpg,John,Hatwell,"Head of Digital Engagement, Global Retail Banking and Wealth Management at HSBC",HSBC Bank PLC,Work: john.hatwell@hsbc.com,john.hatwell@hsbc.com,
,John,Macpherson,"Portfolio Director, Insurance, Asia-Pacific, Global Change Delivery",HSBC Bank PLC,linkedin@catchwater.com: linkedin@catchwater.com,linkedin@catchwater.com,
https://media.licdn.com/mpr/mpr/shrinknp_400_400/p/3/000/1f2/339/1cd4dd8.jpg,Josh,Bottomley,Global Head of Digital at HSBC,HSBC Bank PLC,Work: josh.bottomley@hsbc.com,josh.bottomley@hsbc.com,
,Julia,Sutton,Group Customer Data Strategy,HSBC Bank PLC,julia.x.sutton@hsbc.com: julia.x.sutton@hsbc.com,julia.x.sutton@hsbc.com,+44 7796 700739: +44 7796 700739
,Julio,Dal Poz,Manager Strategy and Portfolio - Development and Production International,Statoil ASA,"Personal: juliodalpoz@gmail.com
Work: JPOZ@statoil.com","juliodalpoz@gmail.com, JPOZ@statoil.com",Mobile: +44 7825 362 606
,Kamal,krishnaratna,,HSBC Bank PLC,Kamal.Krishnaratna@hsbc.com: Kamal.Krishnaratna@hsbc.com,Kamal.Krishnaratna@hsbc.com,7827358246: 7827358246
,Kash,Jani,Business Analyst - Financial Crime & Regulatory Compliance,HSBC Bank PLC,Kash.Jani@hotmail.co.uk: Kash.Jani@hotmail.co.uk,Kash.Jani@hotmail.co.uk,
,Katrina,Hua,VP,Grandall Investment Group,Katrina Hua <hua@pemanagers.eu>: Katrina Hua <hua@pemanagers.eu>,Katrina Hua <hua@pemanagers.eu>,Work: +48 609902309
,Kaushalya,Somasundaram,"Director, Innovation and Investments",HSBC Bank PLC,kaushalya.somasundaram@hsbc.com: kaushalya.somasundaram@hsbc.com,kaushalya.somasundaram@hsbc.com,
,Kyri,Costi,Head of FI Systems,Fidelity International,,,
,Lorraine,Waters,HSBC Deputy Chief Data Officer and Global Head of Data Governance,HSBC Bank PLC,lorraine.waters@hsbcib.com: lorraine.waters@hsbcib.com,lorraine.waters@hsbcib.com,
,Marcell,Orosz,Senior Global Business Consultant,HSBC Bank PLC,marcell.orosz@oxfordbusinessalumni.org: marcell.orosz@oxfordbusinessalumni.org,marcell.orosz@oxfordbusinessalumni.org,
,Marisol,Guzman,Innovation,Statoil ASA,None: mgmo@statoil.com,mgmo@statoil.com,
,Mark,Musson,Big Data Architect,HSBC Bank PLC,mark@musson.co.za: mark@musson.co.za,mark@musson.co.za,
,Martin,Ham,Organisation Development Manager,HSBC Bank PLC,Work: martin.ham@hsbc.com,martin.ham@hsbc.com,
,Maurizio,Pilu,VP Digital Innovations CTO Office,Lloyds Register,Work: maurizio.pilu@lr.org,maurizio.pilu@lr.org,"Work: +442074232108
Work: +447966424827
Mobile: +447966424827"
,Meera,Mistry,"Associate, Wealth Transformation Programme",HSBC Bank PLC,Work: meera.mistry@hsbc.com,meera.mistry@hsbc.com,Work: +447920419260
,Michael,Reay,Data Warehouse Consultant,HSBC Bank PLC,mikereay@gmail.com: mikereay@gmail.com,mikereay@gmail.com,
,Michelle,Butler,"Head of Change, Europe",HSBC Bank PLC,None: michelle.butler@hsbc.com,michelle.butler@hsbc.com,
,Michelle,Ji,PRM,HSBC Bank PLC,None: michelle521cn@gmail.com,michelle521cn@gmail.com,
,Mike,Hearn,Senior Project Manager,HSBC Bank PLC,mr_mrhearn@hotmail.com: mr_mrhearn@hotmail.com,mr_mrhearn@hotmail.com,
,Musaifer,Alosaimi,Chief Information Officer,HSBC Bank PLC,,,
,Naomi,Bowman,Head of Governance & Operations - Group Monitor Liaison Office (Financial Crime Compliance),HSBC Bank PLC,bowman.naomi@gmail.com: bowman.naomi@gmail.com,bowman.naomi@gmail.com,
,Niall,Cameron,Global Head Of Corporate and Institutional Digital,HSBC Bank PLC,Work: niall.cameron@hsbcib.com,niall.cameron@hsbcib.com,+442079915652: +447584400871
,Nigel,Matthews,Group Data Management Programme Director,HSBC Bank PLC,nimatthe@me.com: nimatthe@me.com,nimatthe@me.com,
,Owen,Williams,VP Strategy,Statoil ASA,None: oww@statoil.com,oww@statoil.com,
,Patrice,Slupowski,VP Digital Innovation,Orange,Work: patrice.slupowski@orange.com,patrice.slupowski@orange.com,Work: +33 6 85 30 92 91
,Paul,Clark,Global Head of Digital & Data,HSBC Bank PLC,Work: paul.clark@hsbc.com,paul.clark@hsbc.com,"Work: +44 20 799 11032
None: +44 7920 252186"
,Paul,Utting,Senior Java Developer,HSBC Bank PLC,paul.utting@gmail.com: paul.utting@gmail.com,paul.utting@gmail.com,
,Paul,van Haver,"Vice President, Global Data Services",TechSoup Global,pvh@vanhaver.com: pvh@vanhaver.com,pvh@vanhaver.com,
,Paul,Van Haver,,TechSoup Global,None: pvh@techsoup.org,pvh@techsoup.org,
,Peter,Serenita,,HSBC Bank PLC,peter.x.serenita@us.hsbc.com: peter.x.serenita@us.hsbc.com,peter.x.serenita@us.hsbc.com,
,Philippe,Barbe,Global Head of Marketing GBM,HSBC Bank PLC,,,
,Philippe,Barbe,Global Head of Marketing GBM,HSBC Bank PLC,Work: philippe.j.barbe@hsbc.com,philippe.j.barbe@hsbc.com,
,Philippe,Barbe,Global Head Of Marketing-GBM,HSBC Bank PLC,Work: philippe.j.barbe@hsbc.com,philippe.j.barbe@hsbc.com,+442079919654: +447796703293
,Philippe,Castelanelli,Global Head of Network Management and Market Intelligence,HSBC Bank PLC,,,
,Rajan,Patel,Consultant,HSBC Bank PLC,linkedin@kikuconsultancy.co.uk: linkedin@kikuconsultancy.co.uk,linkedin@kikuconsultancy.co.uk,
https://media.licdn.com/mpr/mpr/shrinknp_400_400/p/3/000/280/069/2e42717.jpg,Raman,Bhatia,"Head of Digital, UK at HSBC Retail Banking and Wealth Management",HSBC Bank PLC,Work: raman.bhatia@hsbc.com,raman.bhatia@hsbc.com,
,Randy,Silver,Product Manager,HSBC Bank PLC,randy.silver@gmail.com: randy.silver@gmail.com,randy.silver@gmail.com,
,Redwan,Zeroual,Originator,Statoil ASA,"work: rzer@statoil.com
None: rzer@statoil.com","rzer@statoil.com, rzer@statoil.com",
,Remi,Bourrette,Head of Strategic Investments,HSBC Bank PLC,remi.bourrette@hsbc.com: remi.bourrette@hsbc.com,remi.bourrette@hsbc.com,
,Richard,Parkin,Head of Retirement,Fidelity International,richard.parkin@fil.com: richard.parkin@fil.com,richard.parkin@fil.com,
,Rizwan,Patel,MD,Lint Group,Work: rizz@lintgroup.com,rizz@lintgroup.com,Work: 07778 321 321
,Robert,Leindl,CIO,Infineon Technologies,Work: robert.leindl@infineon.com,robert.leindl@infineon.com,"Work: +49 08923-483-225
None: +49 (0) 16097-268-440"
,Robert,Voyce,"Global Head of Liaison, Financial Intelligence Unit",HSBC Bank PLC,"robertvoyce@yahoo.com: robertvoyce@yahoo.com
robertvoyce@yahoo.com: robertvoyce@yahoo.com","robertvoyce@yahoo.com, robertvoyce@yahoo.com",
,Russell,Alton,,Statoil ASA,Work: RALTO@statoil.com,RALTO@statoil.com,
,Rutang,Thanawalla,Risk Manager / Head of Portfolio Analytics,HSBC Bank PLC,,,
,Samantha,Scobie,Delivery Lead,HSBC Bank PLC,samantha@collaborationinsights.co.uk: samantha@collaborationinsights.co.uk,samantha@collaborationinsights.co.uk,
,Sanjay,Kharole,Global Head of Retail Banking Regulatory Compliance,HSBC Bank PLC,socialnews4sk@hotmail.co.uk: socialnews4sk@hotmail.co.uk,socialnews4sk@hotmail.co.uk,
,Sarah,Newton,"Associate Director, Global Data Services",TechSoup Global,Work: snewton@techsoupglobal.org,snewton@techsoupglobal.org,
,Sergi,Mesquida,,Hotelbeds Group,Work: smesquida@hotelbeds.com,smesquida@hotelbeds.com,"Work: +34 97 118 92 97
Mobile: +34 62 058 43 02"
,Shane,Lamont,Global Head of Anti Money Laundering IT,HSBC Bank PLC,shane.lamont@hsbcib.com: shane.lamont@hsbcib.com,shane.lamont@hsbcib.com,
,Stephen,Bayly,Securities Services,HSBC Bank PLC,,,
,Stephen,Bayly,Securities Services,HSBC Bank PLC,Work: stephen.bayly@hsbcib.com,stephen.bayly@hsbcib.com,
,Stuart,Warner,Head of Technology,Fidelity International,Work: stuart.warner@fil.com,stuart.warner@fil.com,"Work: 01737837820
None: 07946639741"
,Suraj,Nittoor,Head of R&D and Prototyping,HSBC Bank PLC,Work: suraj.nittoor@hsbc.com,suraj.nittoor@hsbc.com,"Work: +44 20 7718 9476
Mobile: +447747260570"
,Svein,Omdal,project leader,Statoil ASA,None: som@statoil.com,som@statoil.com,
,Tarill,Baker,,HSBC Bank PLC,tarrill.baker@hsbcib.com: tarrill.baker@hsbcib.com,tarrill.baker@hsbcib.com,
,Tariq,Rasul,Global Programme Manager - Digital Transformation,HSBC Bank PLC,tariq.rasul@touchpointsolutions.co.uk: tariq.rasul@touchpointsolutions.co.uk,tariq.rasul@touchpointsolutions.co.uk,
,Tatyana,Eliseeva,Vice President,Da Vinci Capital,Work: Tatyana.Eliseeva@dvcap.com,Tatyana.Eliseeva@dvcap.com,"Work: +7 (495) 775-6222
None: +7 (915) 359-4213"
,Thomas,Meinel,Senior Vice President,Evonik Industries AG,Work: thomas.meinel@evonik.com,thomas.meinel@evonik.com,"Work: +49 692-185-950
None: +49 15112-025-010"
,Tim,Collins,Head of Capacity Planning - Global IT Operations,HSBC Bank PLC,tim.collins999@sky.com: tim.collins999@sky.com,tim.collins999@sky.com,
,Tim,Decker,SWIFT Relationship Manager,HSBC Bank PLC,deckertim@yahoo.co.uk: deckertim@yahoo.co.uk,deckertim@yahoo.co.uk,
https://media.licdn.com/mpr/mpr/shrinknp_400_400/p/1/000/1d7/1f1/0366891.jpg,Tim,Miller,"Chief Operating Officer, HSBC Digital Solutions",HSBC Bank PLC,,,
,Timothy,Krysiek,"Head of Valuation, Business Development North America",Statoil ASA,timothy.krysiek@gmail.com: timothy.krysiek@gmail.com,timothy.krysiek@gmail.com,
,Tony,Brooks,Global Head Of Correspondent Banking & Global Chief Operating,HSBC Bank PLC,Work: tonybrooks@hsbc.com,tonybrooks@hsbc.com,+442079922276: +447920540141
,TONY,CLARK,Business Development,GLACEX,Work: tony.clark@glacex.com,tony.clark@glacex.com,Work: 07889 121470
,Uwe,Kolk,CIO,Jungheinrich,Work: uwe.kolk@jungheinrich.de,uwe.kolk@jungheinrich.de,"Work: +49 (40) 526-934-40
None: +49 15140-762-168"
,Vincent,Doumeizel,Vice President,Lloyds Register,"Work: vincent.doumeizel@lrqa.com
Work: vincent.doumeizel@lrqa.com","vincent.doumeizel@lrqa.com, vincent.doumeizel@lrqa.com","Work: +442074232970
Work: +33684769000"
,Vivek,Mahajan,"Principal Analyst, Corporate M&A",Statoil ASA,mahajanvivek@gmail.com: mahajanvivek@gmail.com,mahajanvivek@gmail.com,
,Vivek,Ramachandran,"Global Head Of Product, Global Head Of Trade & Receivables Finance",HSBC Bank PLC,Work: vivek.ramachandran@hsbc.com,vivek.ramachandran@hsbc.com,02077189977: 07468705388
,Yann,Ruello,Head of TV & Entertainment Innovation,Orange,yann@ruello.fr: yann@ruello.fr,yann@ruello.fr,
,Yousef,Alrugaibah,Head of Payments & Cash Management,Fidelity International,Work: yousefalrugaibah@sabb.com,yousefalrugaibah@sabb.com,966112764495: 500610370
,Zaituna,Shah,Policy Maker,World Congress Overseas Pakistanis,Work: zaituna.shah@gmail.com,zaituna.shah@gmail.com,"Work: +447929593088
None: +92215869134
None: +923452447798"
