FIRST NAME,LAST NAME,JOB ROLE,ORGANIZATION,ORGANIZATION INDUSTRY,EMAIL,EMAIL (PLAIN),PHONE,LOCATIONS
Ahmet,Temizsoy,Director - Data Strategy & Operations,Standard & Poor's,Financial Services,temizsoyahmet@gmail.com: temizsoyahmet@gmail.com,temizsoyahmet@gmail.com,,": 
London, United Kingdom

"
Alan,Raw,Global Digital Business,Universal Music,,alan.raw@umusic.com: alan.raw@umusic.com,alan.raw@umusic.com,,": 


"
Alessandro,Baroni,CIO,Equens,Financial Services,,,,
Al-Noor,Ramji,Chief Digital Officer,Prudential Plc,Financial Services,Work: alnoorramji@me.com,alnoorramji@me.com,,
Amol,Natu,Director Digital Commerce,Etisalat,Telecommunications,amolnatu@yahoo.com: amolnatu@yahoo.com,amolnatu@yahoo.com,,": 


"
Andres,Martin Diana,Partnership Lead for WHO/ITU global mHealth,Bupa,Healthcare & Pharma,amdiana@gmail.com: amdiana@gmail.com,amdiana@gmail.com,,": 


"
Andy,Tennant,Executive Director (EMEA Business Relationship Management and Regional IT Director),CBRE,,Andy.tennant@cbre.com: Andy.tennant@cbre.com,Andy.tennant@cbre.com,+44  20 7182 2000: +44  20 7182 2000,"London: London


"
Annette,Moody,Group IT Governance & Innovation Director,Serco,,annettemoody@hotmail.com: annettemoody@hotmail.com,annettemoody@hotmail.com,,": 


"
Arnaud,Zeitoun,"Global Head, Transformation",BNP Paribas,Financial Services,Work: arnaud.zeitoun@uk.bnpparibas.com,arnaud.zeitoun@uk.bnpparibas.com,,
Ash,Roots,Director of Digital,Direct Line Group,Financial Services,ashjtroots@gmail.com: ashjtroots@gmail.com,ashjtroots@gmail.com,,": 


"
Barry,Green,Chief Data Officer,Bank of Ireland,Financial Services,"Work: barry.green@bankofireland.com
Work: Barry.Green@BOI.com","barry.green@bankofireland.com, Barry.Green@BOI.com",,"Work: London,City of"
Barry,Panayi,Chief Data Officer,Amlin,Retail,"Work: bpanayi@gmail.com
Work: barry.p@amlinc.com
Work: barry.panayi@amlin.com","bpanayi@gmail.com, barry.p@amlinc.com, barry.panayi@amlin.com",,
Bill,Kohler,Chief Information Officer Americas,DENTSU AEGIS NETWORK LTD.,Media,williampaulkohler@yahoo.com: williampaulkohler@yahoo.com,williampaulkohler@yahoo.com,,": 


"
Birendra,Agarwal,CIO Commercial Banking (Markets and Transaction Banking),Lloyds Banking Group,Financial Services,birendra.agarwal@envision.net: birendra.agarwal@envision.net,birendra.agarwal@envision.net,,
Cait,O'Riordan,CIO and Chief Products Officer,Financial Times,Media,,,,
Caroline,Carruthers,Chief Data Officer,,,,,None: +447720512051,
Chad E.,Iverson,"Director, Digital Platform Architecture",Fidelity International,Financial Services,civerson916@gmail.com: civerson916@gmail.com,civerson916@gmail.com,,": 


"
Charles,Ewen,Director of Information Technology and CIO,Met Office,,dartmoor@gmail.com: dartmoor@gmail.com,dartmoor@gmail.com,,": 


"
Chris,Huls,Blockchain Specialist,COOPERATIEVE RABOBANK U.A.,Financial Services,"Work: chris_huls@hotmail.com
Work: Chris.Huls@rabobank.nl","chris_huls@hotmail.com, Chris.Huls@rabobank.nl",,
Clive,White,Transformation Director,RSA,Financial Services,clivewhite@mac.com: clivewhite@mac.com,clivewhite@mac.com,,"UK: UK


"
Colin,Platt,Global Markets Innovation - Blockchain Lead,BNP Paribas,Financial Services,work: colin.platt@uk.bnpparibas.com,colin.platt@uk.bnpparibas.com,,"London, England: London, England


"
Daniel,Koller,Director,UBS Limited,Financial Services,Work: Daniel.Koller@allianzgi.com,Daniel.Koller@allianzgi.com,,
Darryl,Isip,"Director, Digital Private Banking",Credit Suisse Group,Financial Services,darrylisip@gmail.com: darrylisip@gmail.com,darrylisip@gmail.com,,": 


"
Dave,Fleming,"Director, Head of Technology & Design, Citi Innovation Lab",Citi,Financial Services,dave.j.fleming@gmail.com: dave.j.fleming@gmail.com,dave.j.fleming@gmail.com,,": 


"
David,Fletcher,Chief Data Officer,MEC,Media,Work: David.Fletcher@mecglobal.com,David.Fletcher@mecglobal.com,,
David,Hayes,Chief Data Officer,Santander,Financial Services,david.hayes@santander.com: david.hayes@santander.com,david.hayes@santander.com,,": 
United Kingdom

"
David,Lang,Chief Data Officer,Lloyd's of London,Financial Services,davidmlang@btinternet.com: davidmlang@btinternet.com,davidmlang@btinternet.com,,": 


"
David,May,Global Customer Analytics Capabilities - Senior Manager,Vodafone Group Public Limited Company,Telecommunications,d_j_may@hotmail.com: d_j_may@hotmail.com,d_j_may@hotmail.com,,": 


"
David,Page,"Executive Director, Digital Transition",Visa Europe,,davidpage27@yahoo.co.uk: davidpage27@yahoo.co.uk,davidpage27@yahoo.co.uk,,": 


"
David,Watkins,Chief Data Officer,RSA,Financial Services,davidjwatkins@gmail.com: davidjwatkins@gmail.com,davidjwatkins@gmail.com,,"Wokingham: Wokingham


"
Dimitrios,Velmachos,"Group Chief Actuary, Head of Big Data & Analytics",Bupa,Healthcare & Pharma,"Personal: dvelmachos@gmail.com
Work: dimitrios.velmachos@bupa.com","dvelmachos@gmail.com, dimitrios.velmachos@bupa.com","Work: +44 20 7656 2623
Mobile: +44 773 627 9631",
Edward,Budd,Chief Digital Officer,Deutsche Bank AG,Financial Services,Work: edward.budd@db.com,edward.budd@db.com,+442075451442: +447793308713,
Fergus,Boyd,Group Director of Digital & IT,Yotel,,,,,": 


"
Franco,Morra,CEO HSBC Private Bank (Suisse) SA,HSBC Bank PLC,Financial Services,Work: franco.morra@hsbcpb.com,franco.morra@hsbcpb.com,,
Gary,Goldberg,Chief Data Officer,Mizuho International,,Work: gary.goldberg@uk.mizuho-sc.com,gary.goldberg@uk.mizuho-sc.com,"Work: +442070906686
Work: +447901751580",": 



Work: Mizuho House, 30 Old Bailey
United Kingdom
EC4M 7AU"
Gillian,Tomlinson,Chief Data Officer,RSA,Financial Services,Work: gillian.tomlinson@rsa.com,gillian.tomlinson@rsa.com,,
Graeme,Mcdermott,Chief Data Officer,Addison Lee,Consumer Services,Work: graeme.mcdermott@addisonlee.com,graeme.mcdermott@addisonlee.com,,
Hany,Choueiri,Chief Data Officer,State Street Global Advisors Limited,Financial Services,"h_choueiri@hotmail.com: h_choueiri@hotmail.com
None: HChoueiri@StateStreet.com","h_choueiri@hotmail.com, HChoueiri@StateStreet.com",,"Threadneedle Street: Threadneedle Street
London
EC2R 8AH
United Kingdom"
Helen,Crooks,Chief Data Officer,Lloyd's of London,Financial Services,Work: helen.crooks@lloyds.com,helen.crooks@lloyds.com,,": 
Litlington, Cambridgeshire, United Kingdom


Work: London,City of"
Ian,Shields,"CIO UK, Ireland & South Africa",PepsiCo,FMCG,"icshields@yahoo.co.uk: icshields@yahoo.co.uk
Work: ian.shields@pepsico.com","icshields@yahoo.co.uk, ian.shields@pepsico.com",,": 


"
Jane,Wharton,"Function Manager CIO, Defence Equipment",UK Ministry of Defence,Government,None: jjanewharton@aol.com,jjanewharton@aol.com,,": 


"
Jem,Lloyd-Williams,Executive Director of Product and Innovation,Vizeum UK,Media,jem.lloyd-williams@vizeum.com: jem.lloyd-williams@vizeum.com,jem.lloyd-williams@vizeum.com,,
John,Allen,"Chief Architect, Data Analytics and Big Data",Deutsche Bank AG,Financial Services,john.howard.allen@gmail.com: john.howard.allen@gmail.com,john.howard.allen@gmail.com,,": 


"
John,Barnes,"Managing Director, Digital & Tech",Incisive Media,Media,john.barnes@incisivemedia.com: john.barnes@incisivemedia.com,john.barnes@incisivemedia.com,,": 


"
Jonathan,Webster,Chief Digital Officer,Lloyds Banking Group,Financial Services,,,,
JP,Rangaswami,Chief Data Officer,Deutsche Bank AG,Financial Services,jobsworth@me.com: jobsworth@me.com,jobsworth@me.com,,"here: here


"
Julian,Dorado,Director of Data Management,M&G,Financial Services,,,,
Karl,Happe,CIO Insurance Related Strategies,Allianz Group,Financial Services,Work: karl.happe@allianzgi.com,karl.happe@allianzgi.com,,
Kevin,Sulley,Head of Data Architecture,Thomson Reuters,Media,kevsulley@googlemail.com: kevsulley@googlemail.com,kevsulley@googlemail.com,,": 
Reading, United Kingdom

"
Lara,Korz,Director Corporate Strategy,Azur Underwriting Limited,Financial Services,None: lara.korz@azurpcg.com,lara.korz@azurpcg.com,,
Leda,Glyptis,"Director, EMEA Innovation",BNY Mellon,Financial Services,,,,": 


"
Lorraine,Waters,HSBC Deputy Chief Data Officer and Global Head of Data Governance,HSBC Bank PLC,Financial Services,lorraine.waters@hsbcib.com: lorraine.waters@hsbcib.com,lorraine.waters@hsbcib.com,,
Mahesh,Chikodi,Managing Director UK,Robert Bosch GmbH,Manufacturing,"mahesh.chikodi2@uk.bosch.com: mahesh.chikodi2@uk.bosch.com
email: mahesh.chikodi2@uk.bosch.com","mahesh.chikodi2@uk.bosch.com, mahesh.chikodi2@uk.bosch.com","+44 779 296 4789: +44 779 296 4789
mobile: +44 779 296 4789
Work: +44 189 583 4466","Broadwater Park, North Orbital Road: Broadwater Park, North Orbital Road
Denham, United Kingdom
UB9 5HJ

London, United Kingdom: London, United Kingdom


"
Maria,Buyalskaya,Executive Director,UBS Limited,Financial Services,mbuyalskaya@yahoo.com: mbuyalskaya@yahoo.com,mbuyalskaya@yahoo.com,,
Mark,Gibbons,EMEA Chief Information Officer (CIO),BNY Mellon,Financial Services,,,,": 


"
Mark,Ramsey,Chief Data Officer (CDO),GlaxoSmithKline,Healthcare & Pharma,,,+1 817 304 9562: +1 817 304 9562,"Austin, Texas: Austin, Texas


United States"
Martin,Mitchell,Chief Data Architect,M&G,Financial Services,martinmitch@gmail.com: martinmitch@gmail.com,martinmitch@gmail.com,,": 


"
Matthew,Salzmann,Director of Business Operations - Europe Central Cluster,Pfizer,Healthcare & Pharma,Work: matthew.salzmann@pfizer.com,matthew.salzmann@pfizer.com,,
Michael,Hill-King,Collaboration Director (R&D Centre),Huawei,Technology,Work: Michael.hill.king@huawei.com,Michael.hill.king@huawei.com,,
Mike,O'Donohue,Chief Data Officer,Camelot,Consumer Services,None: Michaelodonohue@hotmail.com,Michaelodonohue@hotmail.com,,
Mike,Young,Group Chief Information Officer,DENTSU AEGIS NETWORK LTD.,Media,mike_thomas_young@yahoo.co.uk: mike_thomas_young@yahoo.co.uk,mike_thomas_young@yahoo.co.uk,,": 


"
Morteza,Mahjour,CIO,Lloyds Banking Group,Financial Services,,,,
Musaifer,Alosaimi,Chief Information Officer,HSBC Bank PLC,Financial Services,,,,
Nigel,Matthews,Group Data Management Programme Director,HSBC Bank PLC,Financial Services,nimatthe@me.com: nimatthe@me.com,nimatthe@me.com,,
Nirali,patel,Chief Data Officer,AXA PPP Healthcare,Financial Services,Work: nirali.patel@axa-ppp.co.uk,nirali.patel@axa-ppp.co.uk,,Work: Kent
Noel,Ortiz,Global Digital Services Lead,Novartis,Healthcare & Pharma,noelortiz@gmail.com: noelortiz@gmail.com,noelortiz@gmail.com,,": 


"
Norman,Stuertz,Chief Data Officer,Credit Suisse,,Work: norman.stuertz@credit-suisse.com,norman.stuertz@credit-suisse.com,,
Patrice,Mantey,Finance Director - New Markets & Digital,Virgin Fly,Aviation,Work: Patrice.mantey@fly.virgin.com,Patrice.mantey@fly.virgin.com,,
Paul,Dale,Group Global CTO,DENTSU AEGIS NETWORK LTD.,Media,paul@thedales.uk.com: paul@thedales.uk.com,paul@thedales.uk.com,,": 


"
Phil,Knight,Chief Architect - Digital,Lloyds Banking Group,Financial Services,peknight@hotmail.com: peknight@hotmail.com,peknight@hotmail.com,,
Phillip,Radley,Chief Data Architect,BT,Telecommunications,Work: phillip.radley@bt.com,phillip.radley@bt.com,,
Raveendra,Bharadwaj,Director | Head of Data Architecture | Global Transaction Banking,Deutsche Bank AG,Financial Services,Work: raveendra.bharadwaj@db.com,raveendra.bharadwaj@db.com,"Work: +44 20 7547 2637
Mobile: +44 7769 886999",": 


"
Ravinder,Bhadhal,Global Head of Commercial Management and Market Data,Man,Financial Services,ravinder.bhadhal@gmail.com: ravinder.bhadhal@gmail.com,ravinder.bhadhal@gmail.com,,": 


"
Rex,Issac,Director,UBS Limited,Financial Services,,,,
Rhodri,Rees-Jones,Executive Director,UBS Limited,Financial Services,rhodri.rees-jones@ubs.com: rhodri.rees-jones@ubs.com,rhodri.rees-jones@ubs.com,,
Richard,Benjamins,Group Director BI & Big Data for Internal Exploitation,Telefonica,Telecommunications,vrbenjamins@gmail.com: vrbenjamins@gmail.com,vrbenjamins@gmail.com,,"Spain: Spain


"
Richard,Ellison,Chief Data Officer,CYBG (Clydesdale Bank),,"Work: richar.ellison@cbonline.co.uk
Work: richard.ellison@cybg.com","richar.ellison@cbonline.co.uk, richard.ellison@cybg.com",,Work: Glasgow
Richard,Pilling,"Director, Big Data & Analytics",Intel Corporation,Solution Provider,rich@thepillings.net: rich@thepillings.net,rich@thepillings.net,,": 
Northwich, Cheshire, United Kingdom

"
Rob,Harding,Chief Information Officer (CIO),Capital One,Financial Services,robert.harding@capitalone.com: robert.harding@capitalone.com,robert.harding@capitalone.com,,"Nottingham, United Kingdom: Nottingham, United Kingdom


"
Ronald,Akkermans,Executive Director,UBS Limited,Financial Services,Work: ronald.akkermans@ubs.com,ronald.akkermans@ubs.com,41442366136: 41792278903,"Work: Max-Högger-Strasse 80 Postfach, Zurich 8098, Switzerland
Max-Högger-Strasse 80 Postfach, Zurich 8098, Switzerland"
Santhosh,Pillai,Chief Architect & Data Management,ABN Amro Group,Financial Services,,,,
Seamus,Murphy,Chief Data Officer,AIB Plc,Financial Services,,,,": 
Ireland

"
Sean,Gilchrist,Managing Director Commercial Digital,Lloyds Banking Group,Financial Services,,,,
Sean,Hayes,Group Head of Data,Incisive Media,Media,sean.hayes@incisivemedia.com: sean.hayes@incisivemedia.com,sean.hayes@incisivemedia.com,,": 


"
Shahin,Nassiri,"Director, CTO F.O. Risk and Analytics Architect",Barclays Bank PLC,Financial Services,Shahin.Nassiri@gmail.com: Shahin.Nassiri@gmail.com,Shahin.Nassiri@gmail.com,,
Stathis,Souvaliotis,CIO for HR and IT Director,BP,Energy & Utilities,stathis.souvaliotis@bp.com: stathis.souvaliotis@bp.com,stathis.souvaliotis@bp.com,,"London, United Kingdom: London, United Kingdom


"
STEPHANE,PERE,Chief Data Officer,The Economist,Media,Work: stephanepere@economist.com,stephanepere@economist.com,,
Steve,Ingram,IT Director,Vision Express Limited,,steve.ingram@visionexpress.com: steve.ingram@visionexpress.com,steve.ingram@visionexpress.com,,"London: London


"
Steven,Hedges,Head of knowledge Visualization architecture,Deutsche Bank AG,Financial Services,Work: Steven.hedges@db.com,Steven.hedges@db.com,,
Stuart,Buckland,Technologist - IB CTO,UBS Limited,Financial Services,stuart.buckland@ubs.com: stuart.buckland@ubs.com,stuart.buckland@ubs.com,2075681072: 2075681072,
Stuart,Pearson,VP Product Management - Global Analytics Products,Aimia Inc,,stuart.j.pearson@talk21.com: stuart.j.pearson@talk21.com,stuart.j.pearson@talk21.com,,": 


"
Tariq,Rasul,Global Programme Manager - Digital Transformation,HSBC Bank PLC,Financial Services,tariq.rasul@touchpointsolutions.co.uk: tariq.rasul@touchpointsolutions.co.uk,tariq.rasul@touchpointsolutions.co.uk,,
Thomas,Lee-Warren,"Director, Technology Data Group (BI, Commercial Insight, & Analytics)",Royal Mail,Consumer Services,tlw@oculustech.com: tlw@oculustech.com,tlw@oculustech.com,,": 


"
Tim,Hart,"Executive Director, IT Infrastructure",UBS Limited,Financial Services,tim.hart@btinternet.com: tim.hart@btinternet.com,tim.hart@btinternet.com,,
Tim,Miller,"Chief Operating Officer, HSBC Digital Solutions",HSBC Bank PLC,Financial Services,,,,
Tobias,Paulun,Chief Strategy Officer,EEX,Energy & Utilities,Work: tobias.paulun@eex.com,tobias.paulun@eex.com,Work: +49 341 2156 270,: Leipzig
Tom,Betts,Chief Data Officer,Financial Times,Media,,,,
Tony,Chau,Executive Director,UBS Limited,Financial Services,chau_tony@btinternet.com: chau_tony@btinternet.com,chau_tony@btinternet.com,,
Tony,Gosling,Consulting,,,Work: tony.gosling@paconsulting.com,tony.gosling@paconsulting.com,,
Tushar,Patel,CIO and Managing Director,HFIM,Financial Services,tpatel@hfim.com: tpatel@hfim.com,tpatel@hfim.com,,": 


"
Uday,Odedra,Head of Group Technology (IT) India,UBS Limited,Financial Services,uday.odedra@ubs.com: uday.odedra@ubs.com,uday.odedra@ubs.com,,
Udo,Wuertz,Chief Data Officer,Fujitsu Technology Solutions GmbH,Solution Provider,Work: Udo.Wuertz@ts.fujitsu.com,Udo.Wuertz@ts.fujitsu.com,,
Vipul,Nagrath,CIO Enterprise Solutions,Bloomberg LP,Media,vnagrath@gmail.com: vnagrath@gmail.com,vnagrath@gmail.com,,": 


"
Yemi,Fagbenro,Digital Transformation Architect,Diageo,FMCG,,,,": 
London, United Kingdom

"
Zaka,Mian,Digital transformation director & Retail CIO,Lloyds Banking Group,Financial Services,Zaka.Mian@LloydsTSB.co.uk: Zaka.Mian@LloydsTSB.co.uk,Zaka.Mian@LloydsTSB.co.uk,,
