FIRST NAME,LAST NAME,JOB ROLE,ORGANIZATION,EMAIL,EMAIL (PLAIN),PHONE
Adam,Hembury,Director of Innovation,DLA Piper,Work: Adam.Hembury@dlapiper.com,Adam.Hembury@dlapiper.com,
Adrian,Sheppard,Executive Consultant,Lateral 22,Work: adrian@lateral22.com,adrian@lateral22.com,Mobile: +44 7733112706
Alan,Covall,Head of Market Data,Lloyds Banking Group,alancovall@aol.com: alancovall@aol.com,alancovall@aol.com,
Alastair,Moore,Chief Data Officer,University College London,Work: a.p.moore@ucl.ac.uk,a.p.moore@ucl.ac.uk,
Alessandro,Allodi,Chief Data Officer,Shell,Work: a.allodi@shell.com,a.allodi@shell.com,
Alex,Batlin,Senior Innovation Manager at UBS's FinTech Innovation Lab,UBS Limited,Work: alex.batlin@ubs.com,alex.batlin@ubs.com,
Alex,Timbs,"Head of Data & Attribution, International at AOL",AOL International,"Work: alex.timbs@teamaol.com
Work: alex.timbs@oath.com","alex.timbs@teamaol.com, alex.timbs@oath.com",
Alwyn,Thomas,Chief Data Officer,Bank of Ireland UK,Work: alwyn.thomas@boi.com,alwyn.thomas@boi.com,
Anantha,Prasad,"Global Head, Data Governance and Head, Data & Information Management EMEA",HSBC Bank PLC,Work: anantha.prasad@hsbc.com,anantha.prasad@hsbc.com,
Andy,Hornby,Chief Operating Officer,Ladbrokes Coral Plc,Work: andy.hornby@coral.co.uk,andy.hornby@coral.co.uk,Work: 07990561954
Andy,Ruckley,Chief Data Officer,ASOS,Work: andy.ruckley@asos.com,andy.ruckley@asos.com,
Andy,Gamble,Global CIO,Dyson,,,"Work: 07738982265
Work: 01908359113"
Angel Rodriguez,Issa,Global Head of Strategic Investments,BNP Paribas,Work: angel.rodriguezissa@ukbnpparibas.com,angel.rodriguezissa@ukbnpparibas.com,
Barry,Green,Chief Data Officer,Bank of Ireland,"Work: barry.green@bankofireland.com
Work: Barry.Green@BOI.com","barry.green@bankofireland.com, Barry.Green@BOI.com",
Barry,Panayi,Chief Data Officer,Amlin,"Work: bpanayi@gmail.com
Work: barry.p@amlinc.com
Work: barry.panayi@amlin.com","bpanayi@gmail.com, barry.p@amlinc.com, barry.panayi@amlin.com",
Christine,De Tourniel,Chief Data Officer - CIB ITO,BNP Paribas,christinedetourniel@me.com: christinedetourniel@me.com,christinedetourniel@me.com,
Claire,Ruggiero,Innovation Director,Lloyds Register,Work: claire.ruggiero@lr.org,claire.ruggiero@lr.org,"Work: +447794172420
Mobile: +44 779 417 2420"
Colin,Shenoy,CIO Bupa Global Market Unit,Bupa,colin@shenoy.org.uk: colin@shenoy.org.uk,colin@shenoy.org.uk,
Daniel,Thull,Chief Data Officer,Johnson & Johnson,Work: dthull@its.jnj.com,dthull@its.jnj.com,"Work: +415823153063
Work: +41797680025"
Daniel,Arrowsmith,Head of Digital Development,LexisNexis,Work: daniel.arrowsmith@lexisnexis.co.uk,daniel.arrowsmith@lexisnexis.co.uk,Mobile: +44 7876 858 043
David,Cunningham,Smart Data Manager,AXA PPP Healthcare,,,
Elliot,Antrobus-Holder,Group Head of Digital Product,TUI Group,Work: elliot.antrobusholder@specialistholidays.com,elliot.antrobusholder@specialistholidays.com,
Eloy,Sasot,Chief Data Officer,Sodexo,"None: esasot@newscorp.com
Work: esasot@yahoo.com","esasot@newscorp.com, esasot@yahoo.com",
Gary,Pogson,,Lloyds Register,Work: Gary.Pogson@lr.org,Gary.Pogson@lr.org,
Genevieve,Kangurs,Head of Digital Transformation,TSB,Work: Genevieve.kangurs@tsb.co.uk,Genevieve.kangurs@tsb.co.uk,
Jack,Shaw,Executive Director,American Blockchain Council,Work: jshaw@americanblockchaincouncil.org,jshaw@americanblockchaincouncil.org,
Jamshed,Hakim,executive director,UBS Limited,None: jamshed-H.hakim@UBS.com,jamshed-H.hakim@UBS.com,
Jo,Coutuer,Chief Data Officer,BNP Paribas Fortis,Work: jo.coutuer@bnpparibasfortis.com,jo.coutuer@bnpparibasfortis.com,
John,Hatwell,"Head of Digital Engagement, Global Retail Banking and Wealth Management at HSBC",HSBC Bank PLC,Work: john.hatwell@hsbc.com,john.hatwell@hsbc.com,
Josh,Bottomley,Global Head of Digital at HSBC,HSBC Bank PLC,Work: josh.bottomley@hsbc.com,josh.bottomley@hsbc.com,
Julian,Elliott,Chief Data Officer,DENTSU AEGIS NETWORK LTD.,"julian.elliott@dentsuaegis.com: julian.elliott@dentsuaegis.com
julian.elliott@dentsuaegis.com: julian.elliott@dentsuaegis.com","julian.elliott@dentsuaegis.com, julian.elliott@dentsuaegis.com",+44 7770 733310: +44 7770 733310
Kari,Jordan,"Head of Innovation, Downstream",Shell,Work: kari.jordan@shell.com,kari.jordan@shell.com,
Katelyn,Hynes,CDO,Deutsche Bank AG,Work: katelyn.hynes@db.com,katelyn.hynes@db.com,Work: 02075455725
Kaushalya,Somasundaram,"Director, Innovation and Investments",HSBC Bank PLC,kaushalya.somasundaram@hsbc.com: kaushalya.somasundaram@hsbc.com,kaushalya.somasundaram@hsbc.com,
Kiran,Ganesh,Executive Director - CIO Head of Investment Advice Solutions,UBS Limited,kiran.ganesh@ubs.com: kiran.ganesh@ubs.com,kiran.ganesh@ubs.com,+44 785 167 1865: +44 785 167 1865
Laura,Bond,Senior Innovation Partnerships Manager,Alliance Boots GmbH,Laura.Bond@boots.co.uk: Laura.Bond@boots.co.uk,Laura.Bond@boots.co.uk,
Lucy,Barbor,Group Digital Director,DENTSU AEGIS NETWORK LTD.,grandfather22@hotmail.com: grandfather22@hotmail.com,grandfather22@hotmail.com,
Manoj,Mamachan,Business Innovation Manager,Robert Bosch GmbH,Work: Manoj.Mamachan@in.bosch.com,Manoj.Mamachan@in.bosch.com,Work:  +44 7918488052
Maria,Lopez Diaz de Revelli,"Marketing Director, Corporate Cards",American Express,"Work: maria.g.lopezdiaz@aexp.com
Personal: marilurevelli@gmail.com","maria.g.lopezdiaz@aexp.com, marilurevelli@gmail.com",
Maria Eva,Montoro Candela,Chief Data Officer,Santander Bank,Work: mmontoro@gruposantander.com,mmontoro@gruposantander.com,
Mark,Hunter,Chief Data Officer,Sainsbury's Bank,Work: mark.hunter@sainsburysbank.co.uk,mark.hunter@sainsburysbank.co.uk,
Matthew,Keylock,Head of Data & Analytics,"Mars, Incorporated.",mdkeylock@gmail.com: mdkeylock@gmail.com,mdkeylock@gmail.com,
Maurizio,Pilu,VP Digital Innovations CTO Office,Lloyds Register,Work: maurizio.pilu@lr.org,maurizio.pilu@lr.org,"Work: +447966424827
Work: +442074232108
Mobile: +447966424827"
Michael,O'Donohue,Director of Insight and Data,British Gas,,,
Niall,Cameron,Global Head Of Corporate and Institutional Digital,HSBC Bank PLC,Work: niall.cameron@hsbcib.com,niall.cameron@hsbcib.com,+442079915652: +447584400871
Nic,Orton,CDO,BNP Paribas Personal Finance,,,
Paul,Cullender,Chief Data Officer,HSBC,Work: paul.cullender@hsbc.com,paul.cullender@hsbc.com,
Paul,Heybourne,"Innovation, Research & Demonstration Lab Manager",Aviva plc,paul.heybourne@aviva.co.uk: paul.heybourne@aviva.co.uk,paul.heybourne@aviva.co.uk,
Piers,Stobbs,Chief Data Officer,Moneysupermarket Group,Work: piers.stobbs@moneysupermarket.com,piers.stobbs@moneysupermarket.com,
Rajendra,Goswami,Senior General Manager,Robert Bosch GmbH,None: rajendranath.goswami@in.bosch.com,rajendranath.goswami@in.bosch.com,
Raman,Bhatia,"Head of Digital, UK at HSBC Retail Banking and Wealth Management",HSBC Bank PLC,Work: raman.bhatia@hsbc.com,raman.bhatia@hsbc.com,
Raul,Cruces,Chief Data Officer,Santander,,,
Richard,Porter,Principal Enterprise Architect (Information & Data),AstraZeneca UK Limited,RichSelina@gmail.com: RichSelina@gmail.com,RichSelina@gmail.com,
Rob,Wijhenke,Head of Data Innovation and Analytics,ABN Amro Group,,,
Roberto,Maranca,Chief Data Officer,GE Capital,"lloyds: roberto.maranca@lloydsbanking.com
personal: ocapitan@hotmail.com
Work: R.maranca@outlook.com","roberto.maranca@lloydsbanking.com, ocapitan@hotmail.com, R.maranca@outlook.com",
Roger,Townsend,Innovation Manager,EDF Energy,Work: roger.townsend@edfenergy.com,roger.townsend@edfenergy.com,
Russell,Codling,Head of Customer and Market Strategy,Tata Steel (British Steel),,,"Work: +441536404828
Work: +447850368920"
Serge,Taborin,Global Digital Innovation Director,Aviva plc,"serge_taborin@hotmail.com: serge_taborin@hotmail.com
serge.taborin@aviva.com: serge.taborin@aviva.com","serge_taborin@hotmail.com, serge.taborin@aviva.com",Work: 00447951253183
Shane,Williams,"WM Digital Transformation, Crypto 2.0",UBS Limited,"swilli40@hotmail.com: swilli40@hotmail.com
Work: shane.williams@ubs.com","swilli40@hotmail.com, shane.williams@ubs.com",
Simon,Fowles,Head of Procurement,BT,Home: simon.fowles@gmail.com,simon.fowles@gmail.com,Mobile: +447803571251
Somita,Yogi,Chief Data Officer,Royal Mail,Personal: somita123@yahoo.co.in,somita123@yahoo.co.in,Mobile: +44 7833 469686
Stephen,Magora,Chief Data Officer,Credit Suisse,Work: stephen.magora@credit-suisse.com,stephen.magora@credit-suisse.com,
Tom,Hajek,Global Head Of IT Commercial,Specsavers,Work: toni.hajek@specsavers.com,toni.hajek@specsavers.com,"Work: 08452020241
Work: +441489862058
Work: +447392101614"
Tony,Gosling,Consulting,,Work: tony.gosling@paconsulting.com,tony.gosling@paconsulting.com,
William,Genovese,"VP, Strategy Planning",Huawei,Work: William.michael.genovese@huawei.com,William.michael.genovese@huawei.com,
Yuri,Sebregts,EVP Innovation/R&D and CTO,Shell,Work: y.sebregts@shell.com,y.sebregts@shell.com,
Zartasha,Naeem,Principle Strategic investments,Goldman Sachs,Work: Zartasha.naeem@gs.com,Zartasha.naeem@gs.com,
