FIRST NAME,LAST NAME,JOB ROLE,ORGANIZATION,EMAIL,EMAIL (PLAIN),PHONE
Adrian,Vella,Chief Data Officer,Tipico Co Ltd,Work: lucia.meloni@tipico.com,lucia.meloni@tipico.com,
Alain,Ouk Glickman,VP Analytics,Orange Group,Work: alain.glickman@orange-ftgroup.com,alain.glickman@orange-ftgroup.com,
Alasdair,Anderson,Head of Group Big Data Services,HSBC Bank PLC,alasdair.anderson@gmail.com: alasdair.anderson@gmail.com,alasdair.anderson@gmail.com,
Alexander,Ernst,Head of Architecture Measurement - Director,UBS Limited,Work: mail@alex-ernst.de,mail@alex-ernst.de,
Alexander,Goerisch,Executive Director,Credit Agricole CIB,Work: alexander.goerisch@me.com,alexander.goerisch@me.com,
Alex,Houseman,Head of Business Solutions,M&G,"alex.houseman@gmail.com: alex.houseman@gmail.com
Work: Alex.houseman@mandg.co.uk","alex.houseman@gmail.com, Alex.houseman@mandg.co.uk",
Alex,Kewley,"Director, Head of Client Insights & Solutions, Europe",ANZ Banking Group Ltd,Work: alex.kewley@anz.com,alex.kewley@anz.com,
Andrew,Deykin,Head of Data,Havas Media,andrew.deykin@gmail.com: andrew.deykin@gmail.com,andrew.deykin@gmail.com,
Andrew,EASTON,Head of Emerging Technology,Bupa,andrew.easton@bupa.com.sg: andrew.easton@bupa.com.sg,andrew.easton@bupa.com.sg,
Andrew,Hall,Head of Data Fabric,BNP Paribas,Andrew.J.HALL@uk.bnpparibas.com: Andrew.J.HALL@uk.bnpparibas.com,Andrew.J.HALL@uk.bnpparibas.com,
Andrew,McMurtrie,Head of Data Science,Direct Line Group,Work: andrew.mcmurtrie@directlinegroup.co.uk,andrew.mcmurtrie@directlinegroup.co.uk,
Ann,Andren,Head of Transaction Monitoring,Nordea Limited,,,
Antonio,Alvarez,"Head of Data innovation at Isban UK, Santander group",ISBAN,aalvarez.internet@gmail.com: aalvarez.internet@gmail.com,aalvarez.internet@gmail.com,
Anya,Ziskina,"Head of Data Strategy and Analytics, Digital L'Oreal UKI",L'Oreal,anna.ziskina@gmail.com: anna.ziskina@gmail.com,anna.ziskina@gmail.com,
Ashwini,Lad,Head of eCommerce Product Delivery,HSBC Bank PLC,"ashwini.lad@hsbc.com: ashwini.lad@hsbc.com
ashwini.lad@hsbcib.com: ashwini.lad@hsbcib.com","ashwini.lad@hsbc.com, ashwini.lad@hsbcib.com",
Asif,Nadeem,Head of Data Strategy and Delivery,Provident Financial Group UK & ROI,asif.nadeem@provident.co.uk: asif.nadeem@provident.co.uk,asif.nadeem@provident.co.uk,
Bhaskar,Dasgupta,"Global Head of Transaction Management Unit (COO), Global Forfaiting and Risk Distribution",HSBC Bank PLC,bhaskar@dasguptaonline.com: bhaskar@dasguptaonline.com,bhaskar@dasguptaonline.com,
Brennan,Carley,Global Head of Enterprise Platform and Enterprise Analytics Business,Thomson Reuters,brennan.carley@protonadvisors.com: brennan.carley@protonadvisors.com,brennan.carley@protonadvisors.com,
Chris,Ballinger,CFO and Head of Innovation,Toyota Financial Services,Work: chris.ballinger@tri.global,chris.ballinger@tri.global,Mobile: +1 (310) 291 7171
Christel,Bagger,Head of Payment Solutions,Nordea Limited,Work: christel.bagger@nordea.com,christel.bagger@nordea.com,
Christian,Haller,Managing Director,Credit Agricole CIB,Work: haller.christian@web.de,haller.christian@web.de,
Cian,Burke,"Group General Manager, Global Head Of HSBC Securities Ser Aces",HSBC Bank PLC,Work: cian.burke@hsbcgroup.com,cian.burke@hsbcgroup.com,+442079915000: +447795013757
Daniel,Ryan,Head of R&D - Life&Health & Big Data,Swiss Re,daniel_ryan@swissre.com: daniel_ryan@swissre.com,daniel_ryan@swissre.com,+44 20 7933 3408: +44 20 7933 3408
Dan,Johnson,Chief Data Officer,HSBC,"Personal: dan.johnson@handfulofpebbles.com
Work: dan.johnson@hsbc.com","dan.johnson@handfulofpebbles.com, dan.johnson@hsbc.com","Mobile: 07986 533 668
Work:  +44 20 7992 0498        "
Dan,Phipps,"Head of Digital Platform Operations, Release Management and Digital Centres of Excellence",HSBC Bank PLC,,,
Darren,Armitage,Head of Technology Innovation EMEA,SABMiller plc,"darrenarmitage@me.com: darrenarmitage@me.com
Work: Darren.armitage@ab-INBEV.com","darrenarmitage@me.com, Darren.armitage@ab-INBEV.com",
David,Le,Head of Innovation - LBG Innovation Labs,Lloyds Banking Group,"David.Le@lloydsbanking.com: David.Le@lloydsbanking.com
david-le@mail.com: david-le@mail.com
David.Le@lloydsbanking.com: David.Le@lloydsbanking.com","David.Le@lloydsbanking.com, david-le@mail.com, David.Le@lloydsbanking.com",
David,Pears,Head of Data & Integration,M&G,,,
Domenico,Picone,"Head of Mortgage Analytics, European Mortgage Strategies",BlackRock,domenicopicone@hotmail.com: domenicopicone@hotmail.com,domenicopicone@hotmail.com,
Dougie,Henderson,Head Emerging Products & Innovation - Africa,Visa,,,
Fabio Alexander,Corzo,Head Group Business Data Architecture,HSBC Bank PLC,fabio.corzo@hsbc.com: fabio.corzo@hsbc.com,fabio.corzo@hsbc.com,
Ferdinand,De Grijs,Head of Application and Data Architecture,ABN Amro Group,,,
Garry,Williams,Deputy Global Head of Performance & Data Services,Aberdeen Asset Management,Garry.Williams@aberdeen-asset.com: Garry.Williams@aberdeen-asset.com,Garry.Williams@aberdeen-asset.com,
Gary,Goldberg,Chief Data Officer,Mizuho International,Work: gary.goldberg@uk.mizuho-sc.com,gary.goldberg@uk.mizuho-sc.com,"Work: +442070906686
Work: +447901751580"
Gerald,Dannhaeuser,Managing Director,Commerzbank AG,Work: gerald.dannhaeuser@drkw.com,gerald.dannhaeuser@drkw.com,
Graeme,Newcomb,Head of IT Strategy & Architecture,Nordea Limited,,,
Gunnar,Peters,Head of Data and MI,Admiral Group Plc,,,
Jason,Swift,Head R&D Information UK,AstraZeneca UK Limited,Work: jason.swift@astrazeneca.com,jason.swift@astrazeneca.com,Global HQ: +44 20 7604 8000
Joe,Morrison,Head of Business Improvement & Innovation,Plan UK,jmorrison79@hotmail.com: jmorrison79@hotmail.com,jmorrison79@hotmail.com,
John,Hereward Shaw,Head of R&D and Innovation,Direct Line Group,,,
Jonathan,Mansley,"Head of Data, Analytics and Insight",Aviva plc,manslej@NORWICH-UNION.CO.UK: manslej@NORWICH-UNION.CO.UK,manslej@NORWICH-UNION.CO.UK,
Jon,Moxham,Chief Data Officer,British Red Cross,"Work: jmoxham@redcross.org.uk
Work: JMoxham@redcross.org.uk","jmoxham@redcross.org.uk, JMoxham@redcross.org.uk",
Julian,March,"SVP, Editorial & Innovation",NBC News,julian.march@gmail.com: julian.march@gmail.com,julian.march@gmail.com,
Julius,Seiffert,Director,Deutsche Bank AG,Work: Julius.Seiffert@db.com,Julius.Seiffert@db.com,
Justin,Conry,"Head of Transformation,Board Member",Three,Work: justin.conry@three.ie,justin.conry@three.ie,Work: +353833033000
Justin,Urquhart Stewart,Co Founder and Head of Corporate Development,Seven Investment Management LLP,justin@7im.co.uk: justin@7im.co.uk,justin@7im.co.uk,
Keith,Holmes,Head of Digital Analytics and Data,RSA,keithdh80@hotmail.com: keithdh80@hotmail.com,keithdh80@hotmail.com,
Kirill,Pankratov,Global Head of Business Analytics & Market Research,Zurich Insurance Company Ltd.,"kirill.pankratov@rogers.com: kirill.pankratov@rogers.com
kirill.pankratov@zurich.com: kirill.pankratov@zurich.com","kirill.pankratov@rogers.com, kirill.pankratov@zurich.com",41446288275: 41446288275
Laurent,Caraffa,Managing Director,Barclays Bank PLC,,,
Leo,Ryan,Global Head of Innovation and Partnerships; Social@Ogilvy,Ogilvy & Mather Advertising,None: leo.ryan@ogilvy.com,leo.ryan@ogilvy.com,
Luke,Anamourlis,VP - Global CRM & Analytics Director,MetLife Alico,luke@anamourlis.co.uk: luke@anamourlis.co.uk,luke@anamourlis.co.uk,
Magda,Piatkowska,Chief Data Officer,Telegraph Media Group,Work: magda.piatkowska@telegraph.co.uk,magda.piatkowska@telegraph.co.uk,
Manish,Awasthi,Head of Strategic Arch and Innovation,SWIFT,Work: Manish.AWASTHI@swift.com,Manish.AWASTHI@swift.com,
Manuel,Roller,Head Management Office to the President Asset Management and President EMEA,UBS Limited,Work: manuel.roller@gmx.de,manuel.roller@gmx.de,
Marcus,Schanne,Director,Commerzbank AG,Work: marcus.schanne@dkib.com,marcus.schanne@dkib.com,
Mark,O'Neill,Head of Innovation and Delivery,Government Digital Service,fallingbadgers@gmail.com: fallingbadgers@gmail.com,fallingbadgers@gmail.com,
Mehmet,Cemal,Global Head of Infrastructure Service Management,UBS Limited,mehmet.cemal@ubs.com: mehmet.cemal@ubs.com,mehmet.cemal@ubs.com,2079015305: 2079015305
Mike,Hyde,Head of Data Science (for the Workplace Enterprise),Facebook,"personal: mike.hyde@gmail.com
Work: mph@fb.com","mike.hyde@gmail.com, mph@fb.com",
Mike,Kapoor,Director,Commerzbank AG,Work: mike.kapoor@commerzbank.com,mike.kapoor@commerzbank.com,
Milind,Kamkolkar,Global Head Next-Gen Analytics,Novartis,milind.kam@gmail.com: milind.kam@gmail.com,milind.kam@gmail.com,
Naim,Kazmi,"Head of Architecture, Methodology and Innovation",Lloyds Banking Group,,,
Nick,Doddy,Head of Strategy & Innovation,Deutsche Bank AG,nick.doddy@db.com: nick.doddy@db.com,nick.doddy@db.com,
Nikola,Tchouparov,Head of Blockchain Strategy,Tramonex,Work: nikola.tchouparov@tramonex.com,nikola.tchouparov@tramonex.com,
Paul,Campbell,Head of Cash & Liquidity Transformation,BANGKOK BANK PUBLIC COMPANY LIMITED,,,
Pierre,du Toit,Head of Big Data Analytics,Vitality (UK),,,
Piotr,Piskorski,Head of IT Strategy and Enterprise Architecture,Nordea Limited,"Work: Piotr.Piskorski@nordea.com
Personal: ppiskors@gmail.com","Piotr.Piskorski@nordea.com, ppiskors@gmail.com","Work: +48 58 667 17 58
Mobile: +48 733344434"
Rajdeep,Mukherjee,Head of Big Data,Zurich Insurance Company Ltd.,,,+44 7912220545: +44 7912220545
Rene,Honig,"VP Strategy, Portfolio & Innovation",Shell,,,
Reza,Khorshidi,"Head of Quantitative Analytics, EMEA",AIG Europe Limited,reza.khorshidi@aig.com: reza.khorshidi@aig.com,reza.khorshidi@aig.com,
Rick,Avis,Head of Information and Integration Architecture,UBS Limited,rick.avis@ubs.com: rick.avis@ubs.com,rick.avis@ubs.com,
Robert,Lee,Chief Data Officer,Lloyds Banking Group,Work: Rob.lee@lloydsbanking.com,Rob.lee@lloydsbanking.com,
Ross,McEwan,Chief Data Officer,CYBG plc,Work: rfmcewan75@hotmail.com,rfmcewan75@hotmail.com,
Ross,McLachlan,Chief Data Officer,Hargreaves Lansdown,Work: ross.mclachlan@hl.co.uk,ross.mclachlan@hl.co.uk,
Samuel,Amoako,Associate Director,Lloyds Banking Group,Work: samuel.amoako@lloydsbanking.com,samuel.amoako@lloydsbanking.com,
Sanjay,Kharole,Global Head of Retail Banking Regulatory Compliance,HSBC Bank PLC,socialnews4sk@hotmail.co.uk: socialnews4sk@hotmail.co.uk,socialnews4sk@hotmail.co.uk,
Shane,Lamont,Global Head of Anti Money Laundering IT,HSBC Bank PLC,shane.lamont@hsbcib.com: shane.lamont@hsbcib.com,shane.lamont@hsbcib.com,
Sharon,Keogh,"Head of Data Strategy & Control, Chief Data Office",AIB Plc,sharon.e.keogh@aib.ie: sharon.e.keogh@aib.ie,sharon.e.keogh@aib.ie,
Stanislas,Beneteau,Managing Director,Deutsche Bank AG,Work: stanislas.beneteau@db.com,stanislas.beneteau@db.com,
Stephen,Magora,Chief Data Officer,Credit Suisse,Work: stephen.magora@credit-suisse.com,stephen.magora@credit-suisse.com,
Steve,Allen,Managing Director - Head of Operations,Barclays Bank PLC,Work: steve.allen@barclays.com,steve.allen@barclays.com,
Steven,Bennett,Information Technology Business Partner,Lloyds Banking Group,,,
Steve,Vanourny,Senior Vice President - Head of Investment Analytics,State Street Global Advisors Limited,svanourny@gmail.com: svanourny@gmail.com,svanourny@gmail.com,
Suraj,Nittoor,Head of R&D and Prototyping,HSBC Bank PLC,Work: suraj.nittoor@hsbc.com,suraj.nittoor@hsbc.com,"Mobile: +447747260570
Work: +44 20 7718 9476"
Surinder,Kooner,Head of Innovation,Allianz Group,Work: surinder.kooner@allianz.co.uk,surinder.kooner@allianz.co.uk,
Tim,Collins,Head of Capacity Planning - Global IT Operations,HSBC Bank PLC,tim.collins999@sky.com: tim.collins999@sky.com,tim.collins999@sky.com,
Tom,Channing,"Head, Strategic Analytics",Sony Mobile Communications,Work: tom.channing@eu.sony.com,tom.channing@eu.sony.com,
