PHOTO URL,FIRST NAME,LAST NAME,JOB ROLE,ORGANIZATION,EMAIL,EMAIL (PLAIN),PHONE
,Abubakar-Sadiq,Obatomi,Optimization Analyst,Telefonica UK,"None: ht2cld@gmail.com
Work: ht2cld@gmail.com","ht2cld@gmail.com, ht2cld@gmail.com",
,Anup,Kabra,BI Consultant,Bupa,Work: registeronnet@gmail.com,registeronnet@gmail.com,
,Ariane,Brito,Journalist,AB News,Work: editor@arianebritonews.com,editor@arianebritonews.com,
,Artan,Zymberi,Head of Organisational Design and Development,"BEIS (Department for Business, Energy and Industrial Strategy)",Work: artan.zymberi@beis.gov.uk,artan.zymberi@beis.gov.uk,
,Bee,Tan,Chief Rep (London),BOT,Work: tiggertantan@gmail.com,tiggertantan@gmail.com,
,Charlie,Barlow,Organisation Design Manager,ACCA,Work: charlie.barlow@accaglobal.com,charlie.barlow@accaglobal.com,
,Clifford,Smith,company director,solis media,Work: coworlds@googlemail.com,coworlds@googlemail.com,
,Collette,Stone,Head of Organisation Development,Department for International Trade,Work: stone.collette1@gmail.com,stone.collette1@gmail.com,
,Craig,White,Head of Sourcing,TSB,Work: craig.white@tsb.co.uk,craig.white@tsb.co.uk,
,Cynthia,Koh,Independent trader/investor,Not applicable,Work: Narikodrums@gmail.com,Narikodrums@gmail.com,
,Emily,Brinley,Sourcing Manager,TSB,Work: brinleye@sabis.tech,brinleye@sabis.tech,
,Emmanuelle,Strullu,Digital Consultant,L'Oréal,Work: emmanuelle.strullu@gmail.com,emmanuelle.strullu@gmail.com,
,Eugene,Duffy,eCommerce Manager,RackZone,Work: eugene.duffy@gmail.com,eugene.duffy@gmail.com,
,Faridah,Daniels,Employee Banking Director,Barclays Bank PLC,Work: faridah.borrer@barclays.com,faridah.borrer@barclays.com,
,Giorgia,Prestento,Change and Behavioural expert,Giorgia Prestento,Work: giorgia1206@gmail.com,giorgia1206@gmail.com,
,James,Matthews,Employee Banking Director,Barclays Bank PLC,Work: faridah.borrer@barclays.com,faridah.borrer@barclays.com,
,Joanna,Rusznica,UX Designer,Polskie Radio,Work: joanna.rusznica@gmail.com,joanna.rusznica@gmail.com,
,Jordana,De Castro,Manager,Consulting,Work: jordana.garciq@gmail.com,jordana.garciq@gmail.com,
,Keran,Boyd,Head of Event Content,The Media Briefing,Work: keran101@gmail.com,keran101@gmail.com,
,Kerris,Horne,Development Aftercare Manager,Clarion Housing Group,Work: kerrismelinda@gmail.com,kerrismelinda@gmail.com,
,Linda,Murray,Sr Manager Shared Services,the Walt Disney Company,Work: linmichelm@me.com,linmichelm@me.com,
,Liz,Daniels,Programme Manager,"Culture, Conduct, Change Ltd",Work: lizdanielseast@gmail.com,lizdanielseast@gmail.com,
,Mark,Hanson,HR Transformation Manager,BP,Work: mark.hanson@bp.com,mark.hanson@bp.com,
,Martin,Ham,Organisation Development Manager,HSBC Bank PLC,Work: martin.ham@hsbc.com,martin.ham@hsbc.com,
,Mary,O'Shea,Human Resources Director,Institute of Cancer Research,Work: mary.o'shea@icr.ac.uk,mary.o'shea@icr.ac.uk,
,Maxson,Tee,Associate Business Analyst,MISYS,Work: maxson.tee@misys.com,maxson.tee@misys.com,
,Melisa,Tezcan,Digital Fundraising,Shelter,Work: melisa_tezcan@shelter.org.uk,melisa_tezcan@shelter.org.uk,
,Milda,Gircyte,Business Analyst,Mindshare,"None: milda.gircyte@kibernum.com
Work: mildagircyte@gmail.com","milda.gircyte@kibernum.com, mildagircyte@gmail.com",None: +56952483110
,Paula,Elliott,HR Transformation Director,BP,Work: paulavelliott@hotmail.com,paulavelliott@hotmail.com,
,Philip,Louis,Director,Deepwater Ventures,Work: philiplouis@me.com,philiplouis@me.com,Work: 07841 673116
,Prasana,Murthi,Product Manager,Gamesys,Work: PrasanaMurthi@gmail.com,PrasanaMurthi@gmail.com,
,Robert,Moffett,Global OD and Change Director,"Mars, Incorporated.",Work: robert.moffett@effem.com,robert.moffett@effem.com,
,Rob,Lang,Learning and Development Manager,ACCA,Work: rob.lang@accaglobal.com,rob.lang@accaglobal.com,
,Samira,Raj,Product Manager,Avvio,Work: samira.raj@avvio.com,samira.raj@avvio.com,
,Sarah,Symes,"Senior Director, People, International",Box,Work: symessarah70@gmail.com,symessarah70@gmail.com,
,Shishir,Vyas,Director,Digital Enablers,Work: savvymail99-eventbrite@yahoo.com,savvymail99-eventbrite@yahoo.com,
,Siobhan,McKavanagh,"Organisation Design lead, Risk",Deutsche Bank AG,Work: siobhan.mckavanagh@db.com,siobhan.mckavanagh@db.com,
,Sugandha,Kumari,Qa,Sapient,Work: sug2012btech@gmail.com,sug2012btech@gmail.com,
,Van,Kaul,Product Manager,Daatar Ltd,Work: van.n.kaul@gmail.com,van.n.kaul@gmail.com,
,Vinayak,Bhairemane,Sr Architect,Wipro,Work: vinayakbhairemane@yahoo.co.in,vinayakbhairemane@yahoo.co.in,
