FIRST NAME,LAST NAME,JOB ROLE,ORGANIZATION,EMAIL,EMAIL (PLAIN),PHONE
Abubakar-Sadiq,Obatomi,Optimization Analyst,Telefonica UK,"None: ht2cld@gmail.com
Work: ht2cld@gmail.com","ht2cld@gmail.com, ht2cld@gmail.com",
Daniel,Gould,Managing Director,Digit Content Services,daniel.gould@studiodigit.co.uk: daniel.gould@studiodigit.co.uk,daniel.gould@studiodigit.co.uk,
Joanne,Hollington,Solutions Leader SME,everis,Work: joanne.hollington@everis.com,joanne.hollington@everis.com,
Shamir,Ghumra,Director,BRE (Building Research Establishment),Work: ghumras@bre.co.uk,ghumras@bre.co.uk,
Tom,Dalglish,"SVP, Global Head of Transformation",SmartStream Technologies,tommy.dalglish@gmail.com: tommy.dalglish@gmail.com,tommy.dalglish@gmail.com,
