FIRST NAME,LAST NAME,ORGANIZATION,EMAIL,EMAIL (PLAIN),PHONE,JOB ROLE
Adele,Marchal,Queen's University Belfast,Work: a.h.marshall@qub.ac.uk,a.h.marshall@qub.ac.uk,,"Director, Research"
Alex,Timbs,AOL International,"Work: alex.timbs@teamaol.com
Work: alex.timbs@oath.com","alex.timbs@teamaol.com, alex.timbs@oath.com",,"Head of Data & Attribution, International at AOL"
Anantha,Prasad,HSBC Bank PLC,Work: anantha.prasad@hsbc.com,anantha.prasad@hsbc.com,,"Global Head, Data Governance and Head, Data & Information Management EMEA"
Arnaud,Zeitoun,BNP Paribas,Work: arnaud.zeitoun@uk.bnpparibas.com,arnaud.zeitoun@uk.bnpparibas.com,,"Global Head, Transformation"
Caroline,Carruthers,,,,None: +447720512051,Chief Data Officer
Harry,Radcliffe,Stott and May,Work: harry.radcliffe@stottandmay.com,harry.radcliffe@stottandmay.com,,"Head, Data & Analytics"
Ian,Gibbs,The Guardian,Work: ian.gibbs@theguardian.com,ian.gibbs@theguardian.com,,Head of Commercial Insight at Guardian News and Media
Maciej,Piwoni,Sage,Work: maciej.piwoni@sage.com,maciej.piwoni@sage.com,,Global Analytics Manager
Mark,Thurstain-Goodwin,Which?,Work: mtg@geofutures.com,mtg@geofutures.com,,
Peter,Jackson,The Pensions Regulator,,,,Head of Data
Phillip,Radley,BT,Work: phillip.radley@bt.com,phillip.radley@bt.com,,Chief Data Architect
Robert,Ghanea-Hercock,BT,Work: robert.Ghanea-Hercock@bt.com,robert.Ghanea-Hercock@bt.com,,
Scott,Krueger,Skyscanner,Work: scottk@skyscanner.net,scottk@skyscanner.net,,Data Architect
Steven,Bennett,Lloyds Banking Group,,,,Information Technology Business Partner
Tom,Channing,Sony Mobile Communications,Work: tom.channing@eu.sony.com,tom.channing@eu.sony.com,,"Head, Strategic Analytics"
Victor,Hu,QBE Insurance,Work: victor.hu@qbe.com,victor.hu@qbe.com,,"Head, Data Science"
