PHOTO URL,FIRST NAME,LAST NAME,JOB ROLE,ORGANIZATION,EMAIL,EMAIL (PLAIN),PHONE
,Abid,SAMALI,Chief Data Officer,SIMG Conseil / Natixis Factor,Work: ABID.SAMALI@GMAIL.COM,ABID.SAMALI@GMAIL.COM,
,Adam,Butt,Chief Data Officer,Emerald Group Publishing Limited,Work: abutt@emeraldinsight.com,abutt@emeraldinsight.com,
,Adrian,Vella,Chief Data Officer,Tipico Co Ltd,Work: lucia.meloni@tipico.com,lucia.meloni@tipico.com,
,Alastair,Moore,Chief Data Officer,University College London,Work: a.p.moore@ucl.ac.uk,a.p.moore@ucl.ac.uk,
,Alexandra,Korda,Chief Data Officer,Affinion International,Work: alexandra.korda@affinioninternational.com,alexandra.korda@affinioninternational.com,
,Alice,Marini,Chief Data Officer,,Work: alice.marini@johnlewis.co.uk,alice.marini@johnlewis.co.uk,
,Alwyn,Thomas,Chief Data Officer,Bank of Ireland UK,Work: alwyn.thomas@boi.com,alwyn.thomas@boi.com,
,Amelia,Nunes,Chief Data Officer,Burberry,Work: Amelia.Nunes@burberry.com,Amelia.Nunes@burberry.com,
,Amit,Khanna,Chief Data Officer,Antuit,Work: amit.khanna@antuit.com,amit.khanna@antuit.com,
,Andrew,Bolton,Chief Data Officer,Fraudscreen UK,Work: jill.bolli@fraudscreen.co.uk,jill.bolli@fraudscreen.co.uk,
,Andrew,Day,Chief Data Officer,Sainsbury's,Work: Andrew.Day@sainsburys.co.uk,Andrew.Day@sainsburys.co.uk,
,Andrew,Wells,Chief Data Officer,Aviva,Work: andrew.m.wells@aviva.com,andrew.m.wells@aviva.com,
,Andy,Ruckley,Chief Data Officer,ASOS,Work: andy.ruckley@asos.com,andy.ruckley@asos.com,
,Anna,Ahtiainen,Senior Director - Analytics & Measurement,,,,
,Anna,Zeiter,Chief Data Officer,eBay International AG,Work: azeiter@ebay.com,azeiter@ebay.com,
,Anne-Marie,Glineur,Chief Data Officer,Belfius,Work: anne-marie.glineur@belfius.be,anne-marie.glineur@belfius.be,
,Barry,Green,Chief Data Officer,Bank of Ireland,"Work: barry.green@bankofireland.com
Work: Barry.Green@BOI.com","barry.green@bankofireland.com, Barry.Green@BOI.com",
,Barry,Panayi,Chief Data Officer,Amlin,"Work: bpanayi@gmail.com
Work: barry.p@amlinc.com
Work: barry.panayi@amlin.com","bpanayi@gmail.com, barry.p@amlinc.com, barry.panayi@amlin.com",
,Ben,Cooper,Chief Data Officer,Information Builders,Work: ben_cooper@ibi.com,ben_cooper@ibi.com,
,Bert,van de Haar,Chief Data Officer,ING,Work: bert.van.de.haar@ing.nl,bert.van.de.haar@ing.nl,"Work: +31205639661
Mobile: + 31 6 21250688"
,Brijesh,Balakrishnan,Chief Data Officer,MESH The Experience Agency,Work: brijeshbalakrishnan@meshexperience.com,brijeshbalakrishnan@meshexperience.com,
,Cherry,Chan,Chief Data Officer,Barnett Waddingham.co.uk,Work: cherry.chan@barnett-waddingham.co.uk,cherry.chan@barnett-waddingham.co.uk,
,Chris,Newell,Chief Data Officer,Rewards4Racing Ltd,Work: chris.newell@rewards4racing.com,chris.newell@rewards4racing.com,
,Damian,Spendel,Chief Data Officer,Credit Suisse,Work: damian.spendel@credit-suisse.com,damian.spendel@credit-suisse.com,
,Daniel,Thull,Chief Data Officer,Johnson & Johnson,Work: dthull@its.jnj.com,dthull@its.jnj.com,"Work: +415823153063
Work: +41797680025"
https://media.licdn.com/mpr/mpr/shrinknp_400_400/p/3/000/046/18b/2bb8f31.jpg,Dan,Johnson,Chief Data Officer,HSBC,"Personal: dan.johnson@handfulofpebbles.com
Work: dan.johnson@hsbc.com","dan.johnson@handfulofpebbles.com, dan.johnson@hsbc.com","Mobile: 07986 533 668
Work:  +44 20 7992 0498        "
,Dan,Klein,Chief Data Officer,Valtech,Work: dan.klein@valtech.co.uk,dan.klein@valtech.co.uk,
,Darran,Tucker,Chief Data Officer,Office for National Statistics,Work: darran.tucker@ons.gsi.gov.uk,darran.tucker@ons.gsi.gov.uk,
,David,Cunningham,Smart Data Manager,AXA PPP Healthcare,,,
,David,Diamond,Chief Data Officer,Getinge Group,Work: david.diamond@getinge.com,david.diamond@getinge.com,
,David,Johnson,Chief Data Officer,Office for National Statistics,Work: david.johnson@ons.gov.uk,david.johnson@ons.gov.uk,
,David,Young,Chief Data Officer,Datalytyx,Work: david.young@datalytyx.com,david.young@datalytyx.com,
,DIDIER,RICHAUDEAU,Chief Data Officer,EQUANCY,Work: drichaudeau@equancy.com,drichaudeau@equancy.com,
,Eilish,Slater,Chief Data Officer,HMRC,Work: eilish.slater@hmrc.gsi.gov.uk,eilish.slater@hmrc.gsi.gov.uk,
,Elena,Alfaro,Chief Data Officer,BBVA Data & Analytics,"elena.alfaro@bbva.com: elena.alfaro@bbva.com
Work: elena.alfaro@bbvadata.com","elena.alfaro@bbva.com, elena.alfaro@bbvadata.com",
,Elias,Baltassis,Chief Data Officer,Boston Consulting Group,Work: baltassis.elias@bcg.com,baltassis.elias@bcg.com,
,Emma,Corbett,Chief Data Officer,Network Rail,Work: emma.corbett@networkrail.co.uk,emma.corbett@networkrail.co.uk,
,Fatmata,Mustapha,Data Protection Manager UK&I,Nestlé UK,Work: fatmata.mustapha@uk.nestle.com,fatmata.mustapha@uk.nestle.com,
,gabrielle,barnard,Chief Data Officer,SGN Ltd,Work: gabrielle.barnard@sgn.co.uk,gabrielle.barnard@sgn.co.uk,
,Gareth,Johns,Chief Data Officer,Starcount,Work: gareth.johns@starcount.com,gareth.johns@starcount.com,
,Gary,Goldberg,Chief Data Officer,Mizuho International,Work: gary.goldberg@uk.mizuho-sc.com,gary.goldberg@uk.mizuho-sc.com,"Work: +442070906686
Work: +447901751580"
,Geoffrey,Zbinden,Chief Data Officer,Orange,Work: geoffrey.zbinden@orange.com,geoffrey.zbinden@orange.com,
,Geraldine,Gallagher,Chief Data Officer,DWF,Work: Geraldine.Galalgher@DWF.Law,Geraldine.Galalgher@DWF.Law,
,Gillian,Tomlinson,Chief Data Officer,RSA,Work: gillian.tomlinson@rsa.com,gillian.tomlinson@rsa.com,
,Graham,Thomas,Chief Data Officer,Deutsche Telekom UK Ltd,Work: graham.thomas@telekom.com,graham.thomas@telekom.com,
,Grant,Lewis,Chief Data Officer,Barclaycard,Work: grant.lewis@barclaycard.co.uk,grant.lewis@barclaycard.co.uk,
,Harpreet,Badhan,Chief Data Officer,Neopost,Work: harpreet.badhan@neopost.co.uk,harpreet.badhan@neopost.co.uk,
,Harsha,Swamy,Chief Data Officer,Antuit Limited,Work: harsha.swamy@antuit.com,harsha.swamy@antuit.com,
,Hicham,OUALI ALAMI,Chief Data Officer,Nour Partners,Work: Hichamonline@gmail.com,Hichamonline@gmail.com,
,Hugo,Porcher,Chief Data Officer,University College London,Work: hugo.porcher.16@ucl.ac.uk,hugo.porcher.16@ucl.ac.uk,
,Ian,Goodwin,Chief Data Officer,British Council,Work: ian.goodwin@britishcouncil.org,ian.goodwin@britishcouncil.org,
,Ian,Tinney,Chief Data Officer,NCC,Work: iantinney@gmail.com,iantinney@gmail.com,
,James,Xuereb,Chief Data Officer,One Fine Stay,Work: James.xuereb@onefinestay.com,James.xuereb@onefinestay.com,
,Jean,Ruiz,Chief Data Officer,International Air Transport Association (IATA),Work: ruizj@iata.org,ruizj@iata.org,
,Jim,Swainston,Chief Data Officer,Emerald Group Publishing Ltd,Work: jswainston@emeraldinsight.com,jswainston@emeraldinsight.com,
,Joao,Torres Barreiro,Chief Data Officer,HCL,Work: joao.barreiro@hcl.com,joao.barreiro@hcl.com,
,Jo,Coutuer,Chief Data Officer,BNP Paribas Fortis,Work: jo.coutuer@bnpparibasfortis.com,jo.coutuer@bnpparibasfortis.com,
,Jon,Moxham,Chief Data Officer,British Red Cross,"Work: jmoxham@redcross.org.uk
Work: JMoxham@redcross.org.uk","jmoxham@redcross.org.uk, JMoxham@redcross.org.uk",
,Joseph,Nathan,Chief Data Officer,News UK,Work: joseph.nathan@news.co.uk,joseph.nathan@news.co.uk,
,Juliane,Jung,Chief Data Officer,Gartner,Work: juliane.jung@gartner.com,juliane.jung@gartner.com,
,Julia,Westland,Chief Data Officer,Spencer Stuart,Work: jwestland@spencerstuart.com,jwestland@spencerstuart.com,
,Julio,Valero Gomez,Chief Data Officer,Banco Santander,Work: jvalergo@gruposantander.com,jvalergo@gruposantander.com,
,Jusdeep,Parshad,Chief Data Officer,Office for National Statistics,Work: jusdeep.parshad@ons.gov.uk,jusdeep.parshad@ons.gov.uk,
,Justin,Cullen,Chief Data Officer,Core Media,Work: justin.cullen@coremedia.ie,justin.cullen@coremedia.ie,
,Kristian,Monsen,Chief Data Officer,Telia Company (Norway),Work: kristian.monsen@telia.no,kristian.monsen@telia.no,
,Lesley,Roe,Chief Data Officer,The Institution of Engineering & Technology,Work: lroe@theiet.org,lroe@theiet.org,
,Liz,Verchase-Manger,Chief Data Officer,Informatica,Work: lmanger@informatica.com,lmanger@informatica.com,
,Luc,Machiels,Chief Data Officer,BNP Paribas Fortis,Work: luc.machiels@bnpparibasfortis.com,luc.machiels@bnpparibasfortis.com,
,Lucy,Knight,Chief Data Officer,Devon County Council,Work: lucy.knight@devon.gov.uk,lucy.knight@devon.gov.uk,
,Lynne,Innes,Chief Data Officer,Npower,Work: Lynne.innes@rwe.com,Lynne.innes@rwe.com,
,Magda,Piatkowska,Chief Data Officer,Telegraph Media Group,Work: magda.piatkowska@telegraph.co.uk,magda.piatkowska@telegraph.co.uk,
,Maria Eva,Montoro Candela,Chief Data Officer,Santander Bank,Work: mmontoro@gruposantander.com,mmontoro@gruposantander.com,
,Mark,Barry,Chief Data Officer,HMRC,Work: mark.barry@hmrc.gsi.gov.uk,mark.barry@hmrc.gsi.gov.uk,
,Mark,Hunter,Chief Data Officer,Sainsbury's Bank,Work: mark.hunter@sainsburysbank.co.uk,mark.hunter@sainsburysbank.co.uk,
,Martin,Lynch,Chief Data Officer,CNA Hardy,Work: martin.lynch@cnahardy.com,martin.lynch@cnahardy.com,
,Martin,Ratolistka,Chief Data Officer,Kiwi.com,Work: martin.ratolistka@kiwi.com,martin.ratolistka@kiwi.com,
,Matthew,Cossor,Chief Data Officer,TP ICAP,Work: Matthew.Cossor@icap.com,Matthew.Cossor@icap.com,
,Matthew,Ford,Chief Data Officer,UK Statistics Authority,Work: matthew.ford@statistics.gov.uk,matthew.ford@statistics.gov.uk,
,Matthew,Keylock,Head of Data & Analytics,"Mars, Incorporated.",mdkeylock@gmail.com: mdkeylock@gmail.com,mdkeylock@gmail.com,
,Mayur,Halai,Chief Data Officer,Deutsche Bank,Work: mayur.halai@db.com,mayur.halai@db.com,
https://abs.twimg.com/sticky/default_profile_images/default_profile_0_normal.png,Michael,Servaes,Chief Data Officer,Army,Work: michaelservaes@aol.com,michaelservaes@aol.com,
,Monica,Cardoso Salgado,Chief Data Officer,John Lewis Partnership,Work: monica.cardoso.salgado@johnlewis.co.uk,monica.cardoso.salgado@johnlewis.co.uk,
,muriel,dutheil-petiot,Chief Data Officer,AWP,Work: muriel.dutheil-petiot@allianz.com,muriel.dutheil-petiot@allianz.com,
,Nash,Patel,Chief Data Officer,Sainburys,Work: nash.patel@sainsburys.co.uk,nash.patel@sainsburys.co.uk,
,Nav,Nair,Chief Data Officer,Burberry,Work: nav.nair@burberry.com,nav.nair@burberry.com,
,Nick,Maynard,Chief Data Officer,10x,"Work: nickmaynard40@yahoo.co.uk
Work: gordon.griffin@voyanta.com","nickmaynard40@yahoo.co.uk, gordon.griffin@voyanta.com",
,Nic,Orton,CDO,BNP Paribas Personal Finance,,,
,Nirali,patel,Chief Data Officer,AXA PPP Healthcare,Work: nirali.patel@axa-ppp.co.uk,nirali.patel@axa-ppp.co.uk,
,Oleksandr,Dyklevych,Chief Data Officer,Ferratum Group,Work: oleksandr.dyklevych@ferratum.com,oleksandr.dyklevych@ferratum.com,
,Patrice,Mantey,Finance Director - New Markets & Digital,Virgin Fly,Work: Patrice.mantey@fly.virgin.com,Patrice.mantey@fly.virgin.com,
,Patricia,Poku,Chief Data Officer,World Vision International,Work: patpoku@gmail.com,patpoku@gmail.com,
https://media.licdn.com/mpr/mpr/shrinknp_400_400/AAEAAQAAAAAAAAWXAAAAJDM2OTIyNDBlLWZkN2ItNGE3Ny04YmNkLTA3NTc3MjAzYWViYw.jpg,Paul,Cullender,Chief Data Officer,HSBC,Work: paul.cullender@hsbc.com,paul.cullender@hsbc.com,
,Paulo,Saraiva dos Santos,Chief Data Officer,Statistics Portugal,Work: paulo.saraiva@ine.pt,paulo.saraiva@ine.pt,
,Pedro,Molleda,Chief Data Officer,NH Hotels,Work: p.molleda@nh-hotels.com,p.molleda@nh-hotels.com,
,Peter,Jackson,Head of Data,The Pensions Regulator,,,
,Peter,Wilkinson,Chief Data Officer,Semarchy Limited,Work: peter.wilkinson@semarchy.com,peter.wilkinson@semarchy.com,
,Philipp,Raether,Group Chief Privacy Officer,Allianz Group,Work: phillip.raether@allianz.com,phillip.raether@allianz.com,
,Phil,Yeoman,Chief Data Officer,The Pensions Regulator,Work: phil.yeoman@thepensionsregulator.gov.uk,phil.yeoman@thepensionsregulator.gov.uk,
,Piers,Stobbs,Chief Data Officer,Moneysupermarket Group,Work: piers.stobbs@moneysupermarket.com,piers.stobbs@moneysupermarket.com,
,PJ,Bezuidenhout,Chief Data Officer,WesBank,Work: pbezuidenhout@wesbank.co.za,pbezuidenhout@wesbank.co.za,
,Rajesh,Choorithody,Chief Data Officer,Emerald Group Publishing Ltd,Work: raj.thody@gmail.com,raj.thody@gmail.com,
,Raul,Cruces,Chief Data Officer,Santander,,,
,Richard,Ellison,Chief Data Officer,CYBG (Clydesdale Bank),"Work: richar.ellison@cbonline.co.uk
Work: richard.ellison@cybg.com","richar.ellison@cbonline.co.uk, richard.ellison@cybg.com",
,Robert,Lee,Chief Data Officer,Lloyds Banking Group,Work: Rob.lee@lloydsbanking.com,Rob.lee@lloydsbanking.com,
https://media.licdn.com/mpr/mpr/shrinknp_400_400/AAEAAQAAAAAAAAaYAAAAJDIzMDgyY2JlLWYxM2EtNGEwZS1hYzg3LWM3MTVkZjgxMDE1NQ.jpg,Roberto,Maranca,Chief Data Officer,GE Capital,"personal: ocapitan@hotmail.com
lloyds: roberto.maranca@lloydsbanking.com
Work: R.maranca@outlook.com","ocapitan@hotmail.com, roberto.maranca@lloydsbanking.com, R.maranca@outlook.com",
,Rob,French,Chief Data Officer,Shell International,Work: rob.french@shell.com,rob.french@shell.com,
,Rodney,Whale,Chief Data Officer,GSK,Work: rodney.j.whale@gsk.com,rodney.j.whale@gsk.com,
,Ross,McEwan,Chief Data Officer,CYBG plc,Work: rfmcewan75@hotmail.com,rfmcewan75@hotmail.com,
,Ross,McLachlan,Chief Data Officer,Hargreaves Lansdown,Work: ross.mclachlan@hl.co.uk,ross.mclachlan@hl.co.uk,
,Samuel,Benson,Chief Data Officer,Lidl UK,Work: samuel.benson@lidl.co.uk,samuel.benson@lidl.co.uk,
,Sara,Howers,Global Data Protection Officer,Simply Business,Work: sara.howers@simplybusiness.co.uk,sara.howers@simplybusiness.co.uk,
,Shaymoly,Mukherjee,Chief Data Officer,Catalyst Housing Group,Work: shaymoly.mukherjee@chg.org.uk,shaymoly.mukherjee@chg.org.uk,
,Silvina,Arce Gil,Chief Data Officer,Santander Bank Spain,Work: silvinaarce@gruposantander.es,silvinaarce@gruposantander.es,
,Simon,Roach,Chief Data Officer,GlaxoSmithKline,Work: simon.m.roach@gsk.com,simon.m.roach@gsk.com,
,Simon,Wright,Group Data Protection Officer,Badoo,,,
,Simon,Young,Chief Data Officer,Link Financial,Work: syoung@linkfinancial.co.uk,syoung@linkfinancial.co.uk,
,Stacey,Skidmore,Chief Data Officer,Peoples Holdings,Work: staceyskidmore@peoplesholdings.co.uk,staceyskidmore@peoplesholdings.co.uk,
,Stephan,Den Hengst,Chief Data Officer,Nederlandse Politie,Work: stephan.den.hengst@politie.nl,stephan.den.hengst@politie.nl,
,Stephen,Magora,Chief Data Officer,Credit Suisse,Work: stephen.magora@credit-suisse.com,stephen.magora@credit-suisse.com,
,Steve,Wright,Chief Data Officer,John Lewis Partnership,"Work: steve_wright@johnlewis.com
Work: steve.x.wright@johnlewis.co.uk","steve_wright@johnlewis.com, steve.x.wright@johnlewis.co.uk",
,Sylvia,Appiah,Chief Data Officer,Reckitt Benckiser,Work: Sylvia.Appiah@rb.com,Sylvia.Appiah@rb.com,
,Timor,Ahmad,Chief Data Officer,Lloyd's of London,Work: timor.ahmad@lloyds.com,timor.ahmad@lloyds.com,
,Tony,Gosling,Consulting,,Work: tony.gosling@paconsulting.com,tony.gosling@paconsulting.com,
,Udo,Wuertz,Chief Data Officer,Fujitsu Technology Solutions GmbH,Work: Udo.Wuertz@ts.fujitsu.com,Udo.Wuertz@ts.fujitsu.com,
,Vlasios,Vasileiou,Chief Data Officer,Zopa,Work: vlasios.vasileiou@zopa.com,vlasios.vasileiou@zopa.com,
,Wade,Munsie,Chief Data Officer,Royal Mail Group,Work: wade.munsie@royalmail.com,wade.munsie@royalmail.com,
,Zachary,Scott,Chief Data Officer,Oliver Wyman,Work: Zachary.Scott@oliverwyman.com,Zachary.Scott@oliverwyman.com,
