Lead Source Description,Industry,First Name,Last Name,Title,Company,Email Address,Work Country,What are the biggest challenges your company has faced regarding data analytics specifically?,,Venture,,,,,
CDO Europe 2017,Logistics and Supply Chain,Graeme,Mcdermott,Chief Data Officer,Addison Lee,graeme.mcdermott@addisonlee.com,United Kingdom,,,Fintricity,,,,,
CDO Europe 2017,Banking,Nick,Maynard,Data Management & Strategic Partnerships,10x,nickmaynard40@yahoo.co.uk,United Kingdom,Implementing the right solutions to accurately analyze and interpret the data,,Fintricity,,,,,
CDO Europe 2017,Marketing and Advertising,Alexandra,Korda,"VP, International Marketing",Affinion International,alexandra.korda@affinioninternational.com,,,,Fintricity,,,,,
CDO Europe 2017,Financial Services,Philipp,Raether,Group Chief Privacy Officer,Allianz,philipp.raether@allianz.com,Germany,Reacting in a timely fashion to insights as they arise,,Fintricity,,,,,
CDO Europe 2017,Software / Real Estate,Gordon,Griffin,Chief Architect,Altus Analytics,gordon.griffin@voyanta.com,United Kingdom,,,Fintricity,,,,,
CDO Europe 2017,Insurance,Barry,Panayi,Chief Data Officer,Amlin,barry.panayi@amlin.com,United Kingdom,,,Fintricity,,,,,
CDO Europe 2017,Professional Services,Amit,Khanna,EVP,Antuit,amit.khanna@antuit.com,United Kingdom,Going beyond the data: Achieving actionable insights with data and analytics,,Fintricity,,,,,
CDO Europe 2017,Big Data and Advanced Analytics,Harsha,Swamy,Principal,Antuit Limited,harsha.swamy@antuit.com,United Kingdom,Going beyond the data: Achieving actionable insights with data and analytics,,Fintricity,,,,,
CDO Europe 2017,Defence,Michael,Servaes,Data Strategist,Army,michaelservaes@aol.com,United Kingdom,"Reacting in a timely fashion to insights as they arise, Going beyond the data: Achieving actionable insights with data and analytics",,Fintricity,,,,,
CDO Europe 2017,Retail,Andy,Ruckley,Head of Data Technology,ASOS,andy.ruckley@asos.com,United Kingdom,"Reacting in a timely fashion to insights as they arise, Going beyond the data: Achieving actionable insights with data and analytics",,Fintricity,,,,,
CDO Europe 2017,,Andrew,Wells,Data & Mandatory Change Lead,Aviva,andrew.m.wells@aviva.com,,"Implementing the right solutions to accurately analyze and interpret the data, Identifying the right risk indicators/risk parameters",,Fintricity,,,,,
CDO Europe 2017,insurance,muriel,dutheil-petiot,Head of Customer Data Management,AWP,muriel.dutheil-petiot@allianz.com,France,Implementing the right solutions to accurately analyze and interpret the data,,Fintricity,,,,,
CDO Europe 2017,Financial Services,David,Cunningham,Smart Data Manager,AXA PPP healthcare,,United Kingdom,,,Fintricity,,,,,
CDO Europe 2017,Insurance,Nirali,patel,Chief Data Officer,AXA PPP Healthcare,nirali.patel@axa-ppp.co.uk,United Kingdom,,,Fintricity,,,,,
CDO Europe 2017,Finance,Julio,Valero Gomez,Responsable Data Management Policies,Banco Santander,jvalergo@gruposantander.com,Spain,Implementing the right solutions to accurately analyze and interpret the data,,Fintricity,,,,,
CDO Europe 2017,Banking,Raul,Cruces,Chief Data Officer,Banco Santander,rcruces@gruposantander.com,Spain,,,Fintricity,,,,,
CDO Europe 2017,Financial Services,Barry,Green,Chief Data Officer,Bank of Ireland,Barry.Green@BOI.com,United Kingdom,"Going beyond the data: Achieving actionable insights with data and analytics, Identifying the right risk indicators/risk parameters",,Fintricity,,,,,
CDO Europe 2017,Financial Services,Alwyn,Thomas,Head of Consumer Banking MI,Bank of Ireland UK,alwyn.thomas@boi.com,United Kingdom,,,Fintricity,,,,,
CDO Europe 2017,Banking,Grant,Lewis,Director Corporate Services,Barclaycard,grant.lewis@barclaycard.co.uk,United Kingdom,"Implementing the right solutions to accurately analyze and interpret the data, Going beyond the data: Achieving actionable insights with data and analytics",,Fintricity,,,,,
CDO Europe 2017,Actuarial,Michael,Crawford,Head of Data,Barnett Waddingham,michael.crawfrod@barnett-waddingham.co.uk,United Kingdom,"Implementing the right solutions to accurately analyze and interpret the data, Going beyond the data: Achieving actionable insights with data and analytics",,Fintricity,,,,,
CDO Europe 2017,Actuarial,Cherry,Chan,Partner,Barnett Waddingham.co.uk,cherry.chan@barnett-waddingham.co.uk,United Kingdom,Implementing the right solutions to accurately analyze and interpret the data,,Fintricity,,,,,
CDO Europe 2017,Finance,Elena,Alfaro,CEO,BBVA Data & Analytics,elena.alfaro@bbvadata.com,Spain,"Reacting in a timely fashion to insights as they arise, Going beyond the data: Achieving actionable insights with data and analytics",,Fintricity,,,,,
CDO Europe 2017,Financial sector,Anne-Marie,Glineur,Chief Data Officer,Belfius,anne-marie.glineur@belfius.be,Belgium,"Implementing the right solutions to accurately analyze and interpret the data, Going beyond the data: Achieving actionable insights with data and analytics",,Fintricity,,,,,
CDO Europe 2017,Banking,Luc,Machiels,Deputy CDO,BNP Paribas Fortis,luc.machiels@bnpparibasfortis.com,Belgium,Going beyond the data: Achieving actionable insights with data and analytics,,Fintricity,,,,,
CDO Europe 2017,Banking,Jo,Coutuer,Chief Data Officer,BNP Paribas Fortis,jo.coutuer@bnpparibasfortis.com,Belgium,"Implementing the right solutions to accurately analyze and interpret the data, Going beyond the data: Achieving actionable insights with data and analytics",,Fintricity,,,,,
CDO Europe 2017,Financial Services,Nic,Orton,CDO,BNP Paribas Personal Finance,nic.orton@laseruk.com,United Kingdom,Going beyond the data: Achieving actionable insights with data and analytics,,Fintricity,,,,,
CDO Europe 2017,Consulting,Elias,Baltassis,Director,Boston Consulting Group,baltassis.elias@bcg.com,France,,,Fintricity,,,,,
CDO Europe 2017,Public Sector/Charity,Ian,Goodwin,Head of Information Governance & Privacy,British Council,ian.goodwin@britishcouncil.org,United Kingdom,Going beyond the data: Achieving actionable insights with data and analytics,,Fintricity,,,,,
CDO Europe 2017,Social Purpose,Jon,Moxham,Head of Analytics and Data Strategy,British Red Cross,JMoxham@redcross.org.uk,United Kingdom,"Reacting in a timely fashion to insights as they arise, Going beyond the data: Achieving actionable insights with data and analytics",,Fintricity,,,,,
CDO Europe 2017,Fashion,Nav,Nair,Director of Projects & Analytics,Burberry,nav.nair@burberry.com,United Kingdom,Going beyond the data: Achieving actionable insights with data and analytics,,Fintricity,,,,,
CDO Europe 2017,Luxury Goods & Jewelry,Amelia,Nunes,Supply Chain Analyst,Burberry,Amelia.Nunes@burberry.com,United Kingdom,,,Fintricity,,,,,
CDO Europe 2017,Housing,Shaymoly,Mukherjee,Data Governance Manager,Catalyst Housing Group,shaymoly.mukherjee@chg.org.uk,United Kingdom,Implementing the right solutions to accurately analyze and interpret the data,,Fintricity,,,,,
CDO Europe 2017,Insurance,Martin,Lynch,Business Intelligence Director,CNA Hardy,martin.lynch@cnahardy.com,United Kingdom,,,Fintricity,,,,,
CDO Europe 2017,,,,,,,,,,Fintricity,,,,,
CDO Europe 2017,Marketing Services,Justin,Cullen,Chief Digital & Data Officer,Core Media,justin.cullen@coremedia.ie,Ireland,"Implementing the right solutions to accurately analyze and interpret the data, Going beyond the data: Achieving actionable insights with data and analytics",,Fintricity,,,,,
CDO Europe 2017,Financial Services,Stephen,Magora,Director,Credit Suisse,stephen.magora@credit-suisse.com,United Kingdom,Going beyond the data: Achieving actionable insights with data and analytics,,Fintricity,,,,,
CDO Europe 2017,Finances,Damian,Spendel,Policy Adoption Program Management,Credit Suisse,damian.spendel@credit-suisse.com,Switzerland,Going beyond the data: Achieving actionable insights with data and analytics,,Fintricity,,,,,
CDO Europe 2017,Banking,Norman,Stuertz,Divisional Chief Data Officer,Credit Suisse,norman.stuertz@credit-suisse.com,Switzerland,Implementing the right solutions to accurately analyze and interpret the data,,Fintricity,,,,,
CDO Europe 2017,Banking,Richard,Ellison,Deputy CFO & CDO,CYBG (Clydesdale Bank),richard.ellison@cybg.com,United Kingdom,,,Fintricity,,,,,
CDO Europe 2017,Banking,Ross,McEwan,Head of Enterprise Data & BI,CYBG plc,rfmcewan75@hotmail.com,United Kingdom,Going beyond the data: Achieving actionable insights with data and analytics,,Fintricity,,,,,
CDO Europe 2017,Law enforcement,Christian Wiese,Svanberg,Chief Privacy Officer,Danish National Police,csv010@politi.dk,Denmark,"Implementing the right solutions to accurately analyze and interpret the data, Reacting in a timely fashion to insights as they arise, Going beyond the data: Achieving actionable insights with data and analytics",,Fintricity,,,,,
CDO Europe 2017,Big Data and Analytics,David,Young,Head of Projects and Programmes,Datalytyx,david.young@datalytyx.com,United Kingdom,Going beyond the data: Achieving actionable insights with data and analytics,,Fintricity,,,,,
CDO Europe 2017,Banking,Mayur,Halai,Priciple Auditor - Data Analytics,Deutsche Bank,mayur.halai@db.com,United Kingdom,Going beyond the data: Achieving actionable insights with data and analytics,,Fintricity,,,,,
CDO Europe 2017,Telecoms,Graham,Thomas,Director,Deutsche Telekom UK Ltd,graham.thomas@telekom.com,United Kingdom,"Implementing the right solutions to accurately analyze and interpret the data, Going beyond the data: Achieving actionable insights with data and analytics, Identifying the right risk indicators/risk parameters",,Fintricity,,,,,
CDO Europe 2017,Local Government,Lucy,Knight,Data Lead,Devon County Council,lucy.knight@devon.gov.uk,United Kingdom,Implementing the right solutions to accurately analyze and interpret the data,,Fintricity,,,,,
CDO Europe 2017,Law,Geraldine,Gallagher,Head of Business Intelligence,DWF,Geraldine.Galalgher@DWF.Law,United Kingdom,Going beyond the data: Achieving actionable insights with data and analytics,,Fintricity,,,,,
CDO Europe 2017,eCommerce,Anna,Zeiter,"Director for Privacy & Data Protection Officer, EMEA",eBay International AG,azeiter@ebay.com,Switzerland,Identifying the right risk indicators/risk parameters,,Fintricity,,,,,
CDO Europe 2017,,Adam,Butt,Enterprise Architect,Emerald Group Publishing Limited,abutt@emeraldinsight.com,,,,Fintricity,,,,,
CDO Europe 2017,Publishing,Rajesh,Choorithody,Head of Business Intelligence,Emerald Group Publishing Ltd,raj.thody@gmail.com,United Kingdom,,,Fintricity,,,,,
CDO Europe 2017,Publishing,Jim,Swainston,Market Insight Manager,Emerald Group Publishing Ltd,jswainston@emeraldinsight.com,United Kingdom,,,Fintricity,,,,,
CDO Europe 2017,CONSULTING,DIDIER,RICHAUDEAU,PARTNER,EQUANCY,drichaudeau@equancy.com,France,Going beyond the data: Achieving actionable insights with data and analytics,,Fintricity,,,,,
CDO Europe 2017,digital media,anna,ahtiainen,Director Analytics,essence digital,anna.ahtiainen@essencedigital.com,United Kingdom,Going beyond the data: Achieving actionable insights with data and analytics,,Fintricity,,,,,
CDO Europe 2017,Technology,Stephen,Deadman,Global Deputy Chief Privacy Officer,facebook,stephendeadman@fb.com,United Kingdom,Identifying the right risk indicators/risk parameters,,Fintricity,,,,,
CDO Europe 2017,Financial Services,Oleksandr,Dyklevych,Head of Business Intelligence & Data Science,Ferratum Group,oleksandr.dyklevych@ferratum.com,Sweden,"Implementing the right solutions to accurately analyze and interpret the data, Reacting in a timely fashion to insights as they arise",,Fintricity,,,,,
CDO Europe 2017,National newspapers,Tom,Betts,Chief Data Officer,Financial Times,tom.betts@ft.com,United Kingdom,,,Fintricity,,,,,
CDO Europe 2017,Financial Services,Alpesh,Doshi,CEO,Fintricity,alpesh.doshi@fintricity.com,United Kingdom,Reacting in a timely fashion to insights as they arise,,Fintricity,,,,,
CDO Europe 2017,,Andrew,Bolton,Chief Data Officer,Fraudscreen UK,jill.bolli@fraudscreen.co.uk,,,,Fintricity,,,,,
CDO Europe 2017,IT,Udo,Wuertz,Chief Evangelist Data Center Business EMEIA,Fujitsu Technology Solutions GmbH,Udo.Wuertz@ts.fujitsu.com,Germany,Identifying the right risk indicators/risk parameters,,Fintricity,,,,,
CDO Europe 2017,Technology Insight,Juliane,Jung,Product Manager,Gartner,juliane.jung@gartner.com,United Kingdom,"Reacting in a timely fashion to insights as they arise, Going beyond the data: Achieving actionable insights with data and analytics",,Fintricity,,,,,
CDO Europe 2017,Finance and Banking,Roberto,Maranca,Chief Data Officer,GE Capital,R.maranca@outlook.com,United Kingdom,,,Fintricity,,,,,
CDO Europe 2017,Medical Devices,David,Diamond,Master Data Director,Getinge Group,david.diamond@getinge.com,United Kingdom,"Implementing the right solutions to accurately analyze and interpret the data, Identifying the right risk indicators/risk parameters",,Fintricity,,,,,
CDO Europe 2017,Pharmaceuticals,Simon,Roach,SVP R&D IT,GlaxoSmithKline,simon.m.roach@gsk.com,United Kingdom,Going beyond the data: Achieving actionable insights with data and analytics,,Fintricity,,,,,
CDO Europe 2017,Pharmaceutical,Rodney,Whale,Head of Data Management - Vaccines Operations & QC,GSK,rodney.j.whale@gsk.com,Belgium,Implementing the right solutions to accurately analyze and interpret the data,,Fintricity,,,,,
CDO Europe 2017,Finance,Ross,McLachlan,Head of Strategy Oversight & Data,Hargreaves Lansdown,ross.mclachlan@hl.co.uk,United Kingdom,Implementing the right solutions to accurately analyze and interpret the data,,Fintricity,,,,,
CDO Europe 2017,,Sara,Howers,Senior Data Protection Specialist,Haymarket Media Group,Sara.howers@haymarket.com,,,,Fintricity,,,,,
CDO Europe 2017,,Joao,Torres Barreiro,Chief Privacy & Data Protection Officer,HCL,joao.barreiro@hcl.com,,,,Fintricity,,,,,
CDO Europe 2017,,Eilish,Slater,Platform Management & Change Delivery Lead,HMRC,eilish.slater@hmrc.gsi.gov.uk,,,,Fintricity,,,,,
CDO Europe 2017,,Mark,Barry,Platform Management Controls,HMRC,mark.barry@hmrc.gsi.gov.uk,,,,Fintricity,,,,,
CDO Europe 2017,Banking,Paul,Cullender,Group Customer Data Strategy Programme Director,HSBC,paul.cullender@hsbc.com,United Kingdom,"Reacting in a timely fashion to insights as they arise, Going beyond the data: Achieving actionable insights with data and analytics",,Fintricity,,,,,
CDO Europe 2017,Banking,Dan,Johnson,Deputy Head of Group Customer Data Strategy,HSBC,dan.johnson@hsbc.com,United Kingdom,"Reacting in a timely fashion to insights as they arise, Going beyond the data: Achieving actionable insights with data and analytics",,Fintricity,,,,,
CDO Europe 2017,,Liz,Verchase-Manger,Solutions Architect,Informatica,lmanger@informatica.com,,,,Fintricity,,,,,
CDO Europe 2017,Services,Ben,Cooper,Account Manager,Information Builders,ben_cooper@ibi.com,United Kingdom,,,Fintricity,,,,,
CDO Europe 2017,Bank,Bert,van de Haar,Group Head Data Governance,ING,bert.van.de.haar@ing.nl,Netherlands,Implementing the right solutions to accurately analyze and interpret the data,,Fintricity,,,,,
CDO Europe 2017,Airline,Jean,Ruiz,"Head Business Intelligence, Industry Data",International Air Transport Association (IATA),ruizj@iata.org,Switzerland,Going beyond the data: Achieving actionable insights with data and analytics,,Fintricity,,,,,
CDO Europe 2017,Online recruiting,Eurydice,Lafferayrie,Chief Data Officer,JobTeaser.com,eurydice.lafferayrie@jobteaser.com,France,"Reacting in a timely fashion to insights as they arise, Going beyond the data: Achieving actionable insights with data and analytics, Identifying the right risk indicators/risk parameters",,Fintricity,,,,,
CDO Europe 2017,Retail,Steve,Wright,Group Data Privacy & InfoSec Officer,John Lewis Partnership,steve.x.wright@johnlewis.co.uk,United Kingdom,Going beyond the data: Achieving actionable insights with data and analytics,,Fintricity,,,,,
CDO Europe 2017,Retail,Monica,Cardoso Salgado,Senior Manager Data Privacy & Governance,John Lewis Partnership,monica.cardoso.salgado@johnlewis.co.uk,United Kingdom,,,Fintricity,,,,,
CDO Europe 2017,Consumer Goods,Daniel,Thull,Director Global Data Strategy & Analytics,Johnson & Johnson,dthull@its.jnj.com,Switzerland,,,Fintricity,,,,,
CDO Europe 2017,Online Travel,Martin,Ratolistka,Chief Data & Automation Officer,Kiwi.com,martin.ratolistka@kiwi.com,Czech Republic,Reacting in a timely fashion to insights as they arise,,Fintricity,,,,,
CDO Europe 2017,Retail,Samuel,Benson,National Data Protection & Data Management Reporting Officer,Lidl UK,samuel.benson@lidl.co.uk,United Kingdom,,,Fintricity,,,,,
CDO Europe 2017,Account Servicing,Simon,Young,Director of Analytics,Link Financial,syoung@linkfinancial.co.uk,United Kingdom,Going beyond the data: Achieving actionable insights with data and analytics,,Fintricity,,,,,
CDO Europe 2017,Insurance,Helen,Crooks,CDO,Lloyd's of London,helen.crooks@lloyds.com,United Kingdom,Going beyond the data: Achieving actionable insights with data and analytics,,Fintricity,,,,,
CDO Europe 2017,Insurance,Timor,Ahmad,Data Governance Manager,Lloyd's of London,timor.ahmad@lloyds.com,United Kingdom,Going beyond the data: Achieving actionable insights with data and analytics,,Fintricity,,,,,
CDO Europe 2017,Finance,Lynn,Watts,Head of Data Governance,Lloyds Banking Group,lynn.watts@lloydsbanking.com,United Kingdom,Reacting in a timely fashion to insights as they arise,,Fintricity,,,,,
CDO Europe 2017,Financial Services,Robert,Lee,Head of Business Data Architecture,Lloyds Banking Group,rob.lee@lloydsbanking.com,United Kingdom,Going beyond the data: Achieving actionable insights with data and analytics,,Fintricity,,,,,
CDO Europe 2017,Finance,Alessandro,Bulfone,Group Chief Data Officer,Mediobanca,alessandro.bulfone@mediobanca.com,Italy,Implementing the right solutions to accurately analyze and interpret the data,,Fintricity,,,,,
CDO Europe 2017,Marketing & Advertising,Brijesh,Balakrishnan,Chief Data Officer,MESH The Experience Agency,brijeshbalakrishnan@meshexperience.com,United Kingdom,,,Fintricity,,,,,
CDO Europe 2017,Government,Tony,Gosling,"Director Data, Analytics & Insight",Ministry of Defence,tony.gosling101@mod.gov.uk,United Kingdom,Going beyond the data: Achieving actionable insights with data and analytics,,Fintricity,,,,,
CDO Europe 2017,Banking,Gary,Goldberg,Head of Risk Technology and Chief Data Officer,Mizuho International,gary.goldberg@uk.mizuho-sc.com,United Kingdom,,,Fintricity,,,,,
CDO Europe 2017,Financial services,Piers,Stobbs,CDO,Moneysupermarket Group,piers.stobbs@moneysupermarket.com,United Kingdom,,,Fintricity,,,,,
CDO Europe 2017,IT,Ian,Tinney,Head of Performance Analytics,NCC,iantinney@gmail.com,United Kingdom,,,Fintricity,,,,,
CDO Europe 2017,Law Enforcement,Stephan,Den Hengst,Chief Data Officer,Nederlandse Politie,stephan.den.hengst@politie.nl,Netherlands,,,Fintricity,,,,,
CDO Europe 2017,Business Supplies and Equipment,Harpreet,Badhan,Manager of Operations Analytics,Neopost,harpreet.badhan@neopost.co.uk,United Kingdom,,,Fintricity,,,,,
CDO Europe 2017,FMCG,Fatmata,Mustapha,DPO,Nestl� UK,fatmata.mustapha@uk.nestle.com,United Kingdom,"Reacting in a timely fashion to insights as they arise, Going beyond the data: Achieving actionable insights with data and analytics",,Fintricity,,,,,
CDO Europe 2017,Transportation,caroline,carruthers,Chief Data Officer,Network Rail,caroline.carruthers@networkrail.co.uk,United Kingdom,,,Fintricity,,,,,
CDO Europe 2017,Transportation,Emma,Corbett,Enterprise Information Architect,Network Rail,emma.corbett@networkrail.co.uk,United Kingdom,Going beyond the data: Achieving actionable insights with data and analytics,,Fintricity,,,,,
CDO Europe 2017,Media,Joseph,Nathan,Director of Information Management,News UK,joseph.nathan@news.co.uk,United Kingdom,Implementing the right solutions to accurately analyze and interpret the data,,Fintricity,,,,,
CDO Europe 2017,Hospitality,Pedro,Molleda,Vice President,NH Hotels,p.molleda@nh-hotels.com,Spain,,,Fintricity,,,,,
CDO Europe 2017,Bank,Hicham,OUALI ALAMI,Master data manager,Nour Partners,Hichamonline@gmail.com,France,Going beyond the data: Achieving actionable insights with data and analytics,,Fintricity,,,,,
CDO Europe 2017,Energy,Lynne,Innes,Data Governance & Change Lead,Npower,Lynne.innes@rwe.com,United Kingdom,Going beyond the data: Achieving actionable insights with data and analytics,,Fintricity,,,,,
CDO Europe 2017,Government,David,Johnson,Head of Partnerships and Knowledge Exchange,Office for National Statistics,david.johnson@ons.gov.uk,United Kingdom,Going beyond the data: Achieving actionable insights with data and analytics,,Fintricity,,,,,
CDO Europe 2017,Government,Heather,Savory,Deputy National Statistician for Data Capability,Office for National Statistics,Heather.savory@ons.gov.uk,United Kingdom,,,Fintricity,,,,,
CDO Europe 2017,Government Department,Jusdeep,Parshad,Executive Assistant to Deputy National Statistician for Data Capability,Office for National Statistics,jusdeep.parshad@ons.gov.uk,United Kingdom,,,Fintricity,,,,,
CDO Europe 2017,,Darran,Tucker,Commercial Data Access Manager,Office for National Statistics,darran.tucker@ons.gsi.gov.uk,United Kingdom,,,Fintricity,,,,,
CDO Europe 2017,Financial Services,Zachary,Scott,Principal,Oliver Wyman,Zachary.Scott@oliverwyman.com,United Kingdom,Going beyond the data: Achieving actionable insights with data and analytics,,Fintricity,,,,,
CDO Europe 2017,Hospitality & Accommodation,James,Xuereb,Business Intelligence Manager,One Fine Stay,James.xuereb@onefinestay.com,United Kingdom,"Reacting in a timely fashion to insights as they arise, Identifying the right risk indicators/risk parameters",,Fintricity,,,,,
CDO Europe 2017,marketing,Geoffrey,Zbinden,VP Business Intelligence,orange,geoffrey.zbinden@orange.com,France,Going beyond the data: Achieving actionable insights with data and analytics,,Fintricity,,,,,
CDO Europe 2017,Marketing,Stacey,Skidmore,Data & Analytics Manager,Peoples Holdings,staceyskidmore@peoplesholdings.co.uk,United Kingdom,Reacting in a timely fashion to insights as they arise,,Fintricity,,,,,
CDO Europe 2017,,Sylvia,Appiah,Information Security Privacy Specialist,Reckitt Benckiser,Sylvia.Appiah@rb.com,United Kingdom,,,Fintricity,,,,,
CDO Europe 2017,Sport,Chris,Newell,Customer Insight Director,Rewards4Racing Ltd,chris.newell@rewards4racing.com,United Kingdom,"Reacting in a timely fashion to insights as they arise, Going beyond the data: Achieving actionable insights with data and analytics",,Fintricity,,,,,
CDO Europe 2017,Logistics and Supply Chain,Patrice,Gordon,Finance Director - Data & Customer Experience,Royal Mail,patrice.gordon@royalmail.com,United Kingdom,Going beyond the data: Achieving actionable insights with data and analytics,,Fintricity,,,,,
CDO Europe 2017,Postal Services,Wade,Munsie,Director of Advanced Analytics,Royal Mail Group,wade.munsie@royalmail.com,United Kingdom,"Implementing the right solutions to accurately analyze and interpret the data, Reacting in a timely fashion to insights as they arise, Going beyond the data: Achieving actionable insights with data and analytics",,Fintricity,,,,,
CDO Europe 2017,Insurance,Gillian,Tomlinson,Chief Data Officer,RSA,gillian.tomlinson@rsa.com,United Kingdom,,,Fintricity,,,,,
CDO Europe 2017,Retail,Nash,Patel,Data Steward,Sainburys,nash.patel@sainsburys.co.uk,United Kingdom,Implementing the right solutions to accurately analyze and interpret the data,,Fintricity,,,,,
CDO Europe 2017,Retail,Andrew,Day,Former Business Intelligence Director,Sainsbury's,Andrew.Day@sainsburys.co.uk,,,,Fintricity,,,,,
CDO Europe 2017,Finance,Mark,Hunter,Chief Data Officer,Sainsbury's Bank,mark.hunter@sainsburysbank.co.uk,United Kingdom,,,Fintricity,,,,,
CDO Europe 2017,Finance,Maria Eva,Montoro Candela,Global Head of CDO Intelligence Santander Bank,Santander Bank,mmontoro@gruposantander.com,Spain,Implementing the right solutions to accurately analyze and interpret the data,,Fintricity,,,,,
CDO Europe 2017,Financial Services,Silvina,Arce Gil,Chief Data Officer,Santander Bank Spain,silvinaarce@gruposantander.es,Spain,"Implementing the right solutions to accurately analyze and interpret the data, Going beyond the data: Achieving actionable insights with data and analytics",,Fintricity,,,,,
CDO Europe 2017,Software,Peter,Wilkinson,Sales Director,Semarchy Limited,peter.wilkinson@semarchy.com,United Kingdom,,,Fintricity,,,,,
CDO Europe 2017,Gas Utility,gabrielle,barnard,Head of Information Mgt & MI,SGN Ltd,gabrielle.barnard@sgn.co.uk,United Kingdom,Going beyond the data: Achieving actionable insights with data and analytics,,Fintricity,,,,,
CDO Europe 2017,Oil and Gas + Retailing,Rob,French,"General Manager, Data Privacy",Shell International,rob.french@shell.com,United Kingdom,Going beyond the data: Achieving actionable insights with data and analytics,,Fintricity,,,,,
CDO Europe 2017,Bank,Abid,SAMALI,CDO,SIMG Conseil / Natixis Factor,ABID.SAMALI@GMAIL.COM,France,Implementing the right solutions to accurately analyze and interpret the data,,Fintricity,,,,,
CDO Europe 2017,Broadcast Media,Simon,Wright,Strategic Governance Manager,Sky,simon.wright@sky.uk,United Kingdom,Going beyond the data: Achieving actionable insights with data and analytics,,Fintricity,,,,,
CDO Europe 2017,Consumer Services,Eloy,Sasot,Group Chief Data Officer,Sodexo,esasot@yahoo.com,United Kingdom,Reacting in a timely fashion to insights as they arise,,Fintricity,,,,,
CDO Europe 2017,Executive Search,Julia,Westland,Consultant,Spencer Stuart,jwestland@spencerstuart.com,United Kingdom,"Implementing the right solutions to accurately analyze and interpret the data, Going beyond the data: Achieving actionable insights with data and analytics",,Fintricity,,,,,
CDO Europe 2017,Marketing,Gareth,Johns,Chief Data Officer,Starcount,gareth.johns@starcount.com,United Kingdom,Going beyond the data: Achieving actionable insights with data and analytics,,Fintricity,,,,,
CDO Europe 2017,Government,Paulo,Saraiva dos Santos,Data Collection Diretor,Statistics Portugal,paulo.saraiva@ine.pt,Portugal,"Implementing the right solutions to accurately analyze and interpret the data, Reacting in a timely fashion to insights as they arise, Going beyond the data: Achieving actionable insights with data and analytics",,Fintricity,,,,,
CDO Europe 2017,Publishing,Magda,Piatkowska,Head of Data Science,Telegraph Media Group,magda.piatkowska@telegraph.co.uk,United Kingdom,"Implementing the right solutions to accurately analyze and interpret the data, Going beyond the data: Achieving actionable insights with data and analytics",,Fintricity,,,,,
CDO Europe 2017,Telecom,Kristian,Monsen,Data Governance manager,Telia company (Norway),kristian.monsen@telia.no,Norway,Implementing the right solutions to accurately analyze and interpret the data,,Fintricity,,,,,
CDO Europe 2017,Media,STEPHANE,PERE,Chief Data Officer,The Economist,stephanepere@economist.com,France,,,Fintricity,,,,,
CDO Europe 2017,Education,Lesley,Roe,Data Protection Officer,the Institution of Engineering & Technology,lroe@theiet.org,United Kingdom,Implementing the right solutions to accurately analyze and interpret the data,,Fintricity,,,,,
CDO Europe 2017,Central Government,Phil,Yeoman,Data Business Engagement Manager,The Pensions Regulator,phil.yeoman@thepensionsregulator.gov.uk,United Kingdom,Implementing the right solutions to accurately analyze and interpret the data,,Fintricity,,,,,
CDO Europe 2017,Central Government,Peter,Jackson,Head of Data,The Pensions Regulator,peter.jackson@thepensionsregulator.gov.uk,United Kingdom,Implementing the right solutions to accurately analyze and interpret the data,,Fintricity,,,,,
CDO Europe 2017,Online Gambling,Adrian,Vella,Head of Data,Tipico Co Ltd,lucia.meloni@tipico.com,Malta,"Implementing the right solutions to accurately analyze and interpret the data, Going beyond the data: Achieving actionable insights with data and analytics",,Fintricity,,,,,
CDO Europe 2017,Finance,Matthew,Cossor,CDO,TP ICAP,Matthew.Cossor@icap.com,United Kingdom,Going beyond the data: Achieving actionable insights with data and analytics,,Fintricity,,,,,
CDO Europe 2017,Public Sector,Matthew,Ford,Legal Officer,UK Statistics Authority,matthew.ford@statistics.gov.uk,United Kingdom,Identifying the right risk indicators/risk parameters,,Fintricity,,,,,
CDO Europe 2017,Research,Alastair,Moore,Head of Innovation and Entrepreneurship,University College London,a.p.moore@ucl.ac.uk,United Kingdom,,,Fintricity,,,,,
CDO Europe 2017,Education,Hugo,Porcher,Master's Student,University College London,hugo.porcher.16@ucl.ac.uk,United Kingdom,,,Fintricity,,,,,
CDO Europe 2017,Information Technology And Services,Dan,Klein,Chief Data Officer,Valtech,dan.klein@valtech.co.uk,United Kingdom,,,Fintricity,,,,,
CDO Europe 2017,Financial Services,PJ,Bezuidenhout,Chief Data Officer,WesBank,pbezuidenhout@wesbank.co.za,South Africa,,,Fintricity,,,,,
CDO Europe 2017,,Patricia,Poku,Global Director - Data Protection and Privacy,World Vision International,patpoku@gmail.com,,,,Fintricity,,,,,
CDO Europe 2017,Internet,Matthew,Keylock,Director Of Data Insight,YOOX NET-A-PORTER GROUP,matthew.keylock@net-a-porter.com,United Kingdom,,,Fintricity,,,,,
CDO Europe 2017,Financial Services,Vlasios,Vasileiou,Head of Data Science,Zopa,vlasios.vasileiou@zopa.com,United Kingdom,Going beyond the data: Achieving actionable insights with data and analytics,,Fintricity,,,,,
CDO Europe 2017,,Alice,Marini,,,alice.marini@johnlewis.co.uk,,Reacting in a timely fashion to insights as they arise,,Fintricity,,,,,
,,,,,,,,,,,,,,,
,,,,,,,,,,,,,,,
,,,,,,,,,,,,,,,
,,,,,,,,,,,,,,,
,,,,,,,,,,,,,,,
,,,,,,,,,,,,,,,
,,,,,,,,,,,,,,,
,,,,,,,,,,,,,,,
,,,,,,,,,,,,,,,
,,,,,,,,,,,,,,,
,,,,,,,,,,,,,,,
,,,,,,,,,,,,,,,
,,,,,,,,,,,,,,,
,,,,,,,,,,,,,,,
,,,,,,,,,,,,,,,
,,,,,,,,,,,,,,,
,,,,,,,,,,,,,,,
,,,,,,,,,,,,,,,
,,,,,,,,,,,,,,,
,,,,,,,,,,,,,,,
,,,,,,,,,,,,,,,
,,,,,,,,,,,,,,,
,,,,,,,,,,,,,,,
,,,,,,,,,,,,,,,
,,,,,,,,,,,,,,,
,,,,,,,,,,,,,,,
,,,,,,,,,,,,,,,
,,,,,,,,,,,,,,,
,,,,,,,,,,,,,,,
,,,,,,,,,,,,,,,
,,,,,,,,,,,,,,,
,,,,,,,,,,,,,,,
,,,,,,,,,,,,,,,
,,,,,,,,,,,,,,,
,,,,,,,,,,,,,,,
,,,,,,,,,,,,,,,
,,,,,,,,,,,,,,,
,,,,,,,,,,,,,,,
,,,,,,,,,,,,,,,
,,,,,,,,,,,,,,,
,,,,,,,,,,,,,,,
,,,,,,,,,,,,,,,
,,,,,,,,,,,,,,,
,,,,,,,,,,,,,,,
,,,,,,,,,,,,,,,
,,,,,,,,,,,,,,,
,,,,,,,,,,,,,,,
,,,,,,,,,,,,,,,
,,,,,,,,,,,,,,,
,,,,,,,,,,,,,,,
,,,,,,,,,,,,,,,
,,,,,,,,,,,,,,,
,,,,,,,,,,,,,,,
,,,,,,,,,,,,,,,
,,,,,,,,,,,,,,,
,,,,,,,,,,,,,,,
,,,,,,,,,,,,,,,
,,,,,,,,,,,,,,,
,,,,,,,,,,,,,,,
,,,,,,,,,,,,,,,
,,,,,,,,,,,,,,,
,,,,,,,,,,,,,,,
,,,,,,,,,,,,,,,
,,,,,,,,,,,,,,,
,,,,,,,,,,,,,,,
,,,,,,,,,,,,,,,
,,,,,,,,,,,,,,,
,,,,,,,,,,,,,,,
,,,,,,,,,,,,,,,
,,,,,,,,,,,,,,,
,,,,,,,,,,,,,,,
,,,,,,,,,,,,,,,
,,,,,,,,,,,,,,,
,,,,,,,,,,,,,,,
,,,,,,,,,,,,,,,
,,,,,,,,,,,,,,,
,,,,,,,,,,,,,,,
,,,,,,,,,,,,,,,
,,,,,,,,,,,,,,,
,,,,,,,,,,,,,,,
,,,,,,,,,,,,,,,
,,,,,,,,,,,,,,,
,,,,,,,,,,,,,,,
,,,,,,,,,,,,,,,
,,,,,,,,,,,,,,,
,,,,,,,,,,,,,,,
,,,,,,,,,,,,,,,
,,,,,,,,,,,,,,,
,,,,,,,,,,,,,,,
,,,,,,,,,,,,,,,
,,,,,,,,,,,,,,,
,,,,,,,,,,,,,,,
,,,,,,,,,,,,,,,
,,,,,,,,,,,,,,,
,,,,,,,,,,,,,,,
,,,,,,,,,,,,,,,
,,,,,,,,,,,,,,,
,,,,,,,,,,,,,,,
,,,,,,,,,,,,,,,
,,,,,,,,,,,,,,,
,,,,,,,,,,,,,,,
,,,,,,,,,,,,,,,
,,,,,,,,,,,,,,,
,,,,,,,,,,,,,,,
,,,,,,,,,,,,,,,
,,,,,,,,,,,,,,,
,,,,,,,,,,,,,,,
,,,,,,,,,,,,,,,
,,,,,,,,,,,,,,,
,,,,,,,,,,,,,,,
,,,,,,,,,,,,,,,
,,,,,,,,,,,,,,,
,,,,,,,,,,,,,,,
,,,,,,,,,,,,,,,
,,,,,,,,,,,,,,,
,,,,,,,,,,,,,,,
,,,,,,,,,,,,,,,
,,,,,,,,,,,,,,,
,,,,,,,,,,,,,,,
,,,,,,,,,,,,,,,
,,,,,,,,,,,,,,,
,,,,,,,,,,,,,,,
,,,,,,,,,,,,,,,
,,,,,,,,,,,,,,,
,,,,,,,,,,,,,,,
,,,,,,,,,,,,,,,
,,,,,,,,,,,,,,,
,,,,,,,,,,,,,,,
,,,,,,,,,,,,,,,
,,,,,,,,,,,,,,,
,,,,,,,,,,,,,,,
,,,,,,,,,,,,,,,
,,,,,,,,,,,,,,,
,,,,,,,,,,,,,,,
,,,,,,,,,,,,,,,
,,,,,,,,,,,,,,,
,,,,,,,,,,,,,,,
,,,,,,,,,,,,,,,
,,,,,,,,,,,,,,,
,,,,,,,,,,,,,,,
,,,,,,,,,,,,,,,
,,,,,,,,,,,,,,,
,,,,,,,,,,,,,,,
,,,,,,,,,,,,,,,
,,,,,,,,,,,,,,,
,,,,,,,,,,,,,,,
,,,,,,,,,,,,,,,
,,,,,,,,,,,,,,,
,,,,,,,,,,,,,,,
,,,,,,,,,,,,,,,
,,,,,,,,,,,,,,,
,,,,,,,,,,,,,,,
,,,,,,,,,,,,,,,
,,,,,,,,,,,,,,,
,,,,,,,,,,,,,,,
,,,,,,,,,,,,,,,
,,,,,,,,,,,,,,,
,,,,,,,,,,,,,,,
,,,,,,,,,,,,,,,
,,,,,,,,,,,,,,,
,,,,,,,,,,,,,,,
,,,,,,,,,,,,,,,
,,,,,,,,,,,,,,,
,,,,,,,,,,,,,,,
,,,,,,,,,,,,,,,
,,,,,,,,,,,,,,,
,,,,,,,,,,,,,,,
,,,,,,,,,,,,,,,
,,,,,,,,,,,,,,,
,,,,,,,,,,,,,,,
,,,,,,,,,,,,,,,
,,,,,,,,,,,,,,,
,,,,,,,,,,,,,,,
,,,,,,,,,,,,,,,
,,,,,,,,,,,,,,,
,,,,,,,,,,,,,,,
,,,,,,,,,,,,,,,
,,,,,,,,,,,,,,,
,,,,,,,,,,,,,,,
,,,,,,,,,,,,,,,
,,,,,,,,,,,,,,,
,,,,,,,,,,,,,,,
,,,,,,,,,,,,,,,
,,,,,,,,,,,,,,,
,,,,,,,,,,,,,,,
,,,,,,,,,,,,,,,
,,,,,,,,,,,,,,,
,,,,,,,,,,,,,,,
,,,,,,,,,,,,,,,
,,,,,,,,,,,,,,,
,,,,,,,,,,,,,,,
,,,,,,,,,,,,,,,
,,,,,,,,,,,,,,,
,,,,,,,,,,,,,,,
,,,,,,,,,,,,,,,
,,,,,,,,,,,,,,,
,,,,,,,,,,,,,,,
,,,,,,,,,,,,,,,
,,,,,,,,,,,,,,,
,,,,,,,,,,,,,,,
,,,,,,,,,,,,,,,
,,,,,,,,,,,,,,,
,,,,,,,,,,,,,,,
,,,,,,,,,,,,,,,
,,,,,,,,,,,,,,,
,,,,,,,,,,,,,,,
,,,,,,,,,,,,,,,
,,,,,,,,,,,,,,,
,,,,,,,,,,,,,,,
,,,,,,,,,,,,,,,
,,,,,,,,,,,,,,,
,,,,,,,,,,,,,,,
,,,,,,,,,,,,,,,
,,,,,,,,,,,,,,,
,,,,,,,,,,,,,,,
,,,,,,,,,,,,,,,
,,,,,,,,,,,,,,,
,,,,,,,,,,,,,,,
,,,,,,,,,,,,,,,
,,,,,,,,,,,,,,,
,,,,,,,,,,,,,,,
,,,,,,,,,,,,,,,
,,,,,,,,,,,,,,,
,,,,,,,,,,,,,,,
,,,,,,,,,,,,,,,
,,,,,,,,,,,,,,,
,,,,,,,,,,,,,,,
,,,,,,,,,,,,,,,
,,,,,,,,,,,,,,,
,,,,,,,,,,,,,,,
,,,,,,,,,,,,,,,
,,,,,,,,,,,,,,,
,,,,,,,,,,,,,,,
,,,,,,,,,,,,,,,
,,,,,,,,,,,,,,,
,,,,,,,,,,,,,,,
,,,,,,,,,,,,,,,
,,,,,,,,,,,,,,,
,,,,,,,,,,,,,,,
,,,,,,,,,,,,,,,
,,,,,,,,,,,,,,,
,,,,,,,,,,,,,,,
,,,,,,,,,,,,,,,
,,,,,,,,,,,,,,,
,,,,,,,,,,,,,,,
,,,,,,,,,,,,,,,
,,,,,,,,,,,,,,,
,,,,,,,,,,,,,,,
,,,,,,,,,,,,,,,
,,,,,,,,,,,,,,,
,,,,,,,,,,,,,,,
,,,,,,,,,,,,,,,
,,,,,,,,,,,,,,,
,,,,,,,,,,,,,,,
,,,,,,,,,,,,,,,
,,,,,,,,,,,,,,,
,,,,,,,,,,,,,,,
,,,,,,,,,,,,,,,
,,,,,,,,,,,,,,,
,,,,,,,,,,,,,,,
,,,,,,,,,,,,,,,
,,,,,,,,,,,,,,,
,,,,,,,,,,,,,,,
,,,,,,,,,,,,,,,
,,,,,,,,,,,,,,,
,,,,,,,,,,,,,,,
,,,,,,,,,,,,,,,
,,,,,,,,,,,,,,,
,,,,,,,,,,,,,,,
,,,,,,,,,,,,,,,
,,,,,,,,,,,,,,,
,,,,,,,,,,,,,,,
,,,,,,,,,,,,,,,
,,,,,,,,,,,,,,,
,,,,,,,,,,,,,,,
,,,,,,,,,,,,,,,
,,,,,,,,,,,,,,,
,,,,,,,,,,,,,,,
,,,,,,,,,,,,,,,
,,,,,,,,,,,,,,,
,,,,,,,,,,,,,,,
,,,,,,,,,,,,,,,
,,,,,,,,,,,,,,,
,,,,,,,,,,,,,,,
,,,,,,,,,,,,,,,
,,,,,,,,,,,,,,,
,,,,,,,,,,,,,,,
,,,,,,,,,,,,,,,
,,,,,,,,,,,,,,,
,,,,,,,,,,,,,,,
,,,,,,,,,,,,,,,
,,,,,,,,,,,,,,,
,,,,,,,,,,,,,,,
,,,,,,,,,,,,,,,
,,,,,,,,,,,,,,,
,,,,,,,,,,,,,,,
,,,,,,,,,,,,,,,
,,,,,,,,,,,,,,,
,,,,,,,,,,,,,,,
,,,,,,,,,,,,,,,
,,,,,,,,,,,,,,,
,,,,,,,,,,,,,,,
,,,,,,,,,,,,,,,
,,,,,,,,,,,,,,,
,,,,,,,,,,,,,,,
,,,,,,,,,,,,,,,
,,,,,,,,,,,,,,,
,,,,,,,,,,,,,,,
,,,,,,,,,,,,,,,
,,,,,,,,,,,,,,,
,,,,,,,,,,,,,,,
,,,,,,,,,,,,,,,
,,,,,,,,,,,,,,,
,,,,,,,,,,,,,,,
,,,,,,,,,,,,,,,
,,,,,,,,,,,,,,,
,,,,,,,,,,,,,,,
,,,,,,,,,,,,,,,
,,,,,,,,,,,,,,,
,,,,,,,,,,,,,,,
,,,,,,,,,,,,,,,
,,,,,,,,,,,,,,,
,,,,,,,,,,,,,,,
,,,,,,,,,,,,,,,
,,,,,,,,,,,,,,,
,,,,,,,,,,,,,,,
,,,,,,,,,,,,,,,
,,,,,,,,,,,,,,,
,,,,,,,,,,,,,,,
,,,,,,,,,,,,,,,
,,,,,,,,,,,,,,,
,,,,,,,,,,,,,,,
,,,,,,,,,,,,,,,
,,,,,,,,,,,,,,,
,,,,,,,,,,,,,,,
,,,,,,,,,,,,,,,
,,,,,,,,,,,,,,,
,,,,,,,,,,,,,,,
,,,,,,,,,,,,,,,
,,,,,,,,,,,,,,,
,,,,,,,,,,,,,,,
,,,,,,,,,,,,,,,
,,,,,,,,,,,,,,,
,,,,,,,,,,,,,,,
,,,,,,,,,,,,,,,
,,,,,,,,,,,,,,,
,,,,,,,,,,,,,,,
,,,,,,,,,,,,,,,
,,,,,,,,,,,,,,,
,,,,,,,,,,,,,,,
,,,,,,,,,,,,,,,
,,,,,,,,,,,,,,,
,,,,,,,,,,,,,,,
,,,,,,,,,,,,,,,
,,,,,,,,,,,,,,,
,,,,,,,,,,,,,,,
,,,,,,,,,,,,,,,
,,,,,,,,,,,,,,,
,,,,,,,,,,,,,,,
,,,,,,,,,,,,,,,
,,,,,,,,,,,,,,,
,,,,,,,,,,,,,,,
,,,,,,,,,,,,,,,
,,,,,,,,,,,,,,,
,,,,,,,,,,,,,,,
,,,,,,,,,,,,,,,
,,,,,,,,,,,,,,,
,,,,,,,,,,,,,,,
,,,,,,,,,,,,,,,
,,,,,,,,,,,,,,,
,,,,,,,,,,,,,,,
,,,,,,,,,,,,,,,
,,,,,,,,,,,,,,,
,,,,,,,,,,,,,,,
,,,,,,,,,,,,,,,
,,,,,,,,,,,,,,,
,,,,,,,,,,,,,,,
,,,,,,,,,,,,,,,
,,,,,,,,,,,,,,,
,,,,,,,,,,,,,,,
,,,,,,,,,,,,,,,
,,,,,,,,,,,,,,,
,,,,,,,,,,,,,,,
,,,,,,,,,,,,,,,
,,,,,,,,,,,,,,,
,,,,,,,,,,,,,,,
,,,,,,,,,,,,,,,
,,,,,,,,,,,,,,,
,,,,,,,,,,,,,,,
,,,,,,,,,,,,,,,
,,,,,,,,,,,,,,,
,,,,,,,,,,,,,,,
,,,,,,,,,,,,,,,
,,,,,,,,,,,,,,,
,,,,,,,,,,,,,,,
,,,,,,,,,,,,,,,
,,,,,,,,,,,,,,,
,,,,,,,,,,,,,,,
,,,,,,,,,,,,,,,
,,,,,,,,,,,,,,,
,,,,,,,,,,,,,,,
,,,,,,,,,,,,,,,
,,,,,,,,,,,,,,,
,,,,,,,,,,,,,,,
,,,,,,,,,,,,,,,
,,,,,,,,,,,,,,,
,,,,,,,,,,,,,,,
,,,,,,,,,,,,,,,
,,,,,,,,,,,,,,,
,,,,,,,,,,,,,,,
,,,,,,,,,,,,,,,
,,,,,,,,,,,,,,,
,,,,,,,,,,,,,,,
,,,,,,,,,,,,,,,
,,,,,,,,,,,,,,,
,,,,,,,,,,,,,,,
,,,,,,,,,,,,,,,
,,,,,,,,,,,,,,,
,,,,,,,,,,,,,,,
,,,,,,,,,,,,,,,
,,,,,,,,,,,,,,,
,,,,,,,,,,,,,,,
,,,,,,,,,,,,,,,
,,,,,,,,,,,,,,,
,,,,,,,,,,,,,,,
,,,,,,,,,,,,,,,
,,,,,,,,,,,,,,,
,,,,,,,,,,,,,,,
,,,,,,,,,,,,,,,
,,,,,,,,,,,,,,,
,,,,,,,,,,,,,,,
,,,,,,,,,,,,,,,
,,,,,,,,,,,,,,,
,,,,,,,,,,,,,,,
,,,,,,,,,,,,,,,
,,,,,,,,,,,,,,,
,,,,,,,,,,,,,,,
,,,,,,,,,,,,,,,
,,,,,,,,,,,,,,,
,,,,,,,,,,,,,,,
,,,,,,,,,,,,,,,
,,,,,,,,,,,,,,,
,,,,,,,,,,,,,,,
,,,,,,,,,,,,,,,
,,,,,,,,,,,,,,,
,,,,,,,,,,,,,,,
,,,,,,,,,,,,,,,
,,,,,,,,,,,,,,,
,,,,,,,,,,,,,,,
,,,,,,,,,,,,,,,
,,,,,,,,,,,,,,,
,,,,,,,,,,,,,,,
,,,,,,,,,,,,,,,
,,,,,,,,,,,,,,,
,,,,,,,,,,,,,,,
,,,,,,,,,,,,,,,
,,,,,,,,,,,,,,,
,,,,,,,,,,,,,,,
,,,,,,,,,,,,,,,
,,,,,,,,,,,,,,,
,,,,,,,,,,,,,,,
,,,,,,,,,,,,,,,
,,,,,,,,,,,,,,,
,,,,,,,,,,,,,,,
,,,,,,,,,,,,,,,
,,,,,,,,,,,,,,,
,,,,,,,,,,,,,,,
,,,,,,,,,,,,,,,
,,,,,,,,,,,,,,,
,,,,,,,,,,,,,,,
,,,,,,,,,,,,,,,
,,,,,,,,,,,,,,,
,,,,,,,,,,,,,,,
,,,,,,,,,,,,,,,
,,,,,,,,,,,,,,,
,,,,,,,,,,,,,,,
,,,,,,,,,,,,,,,
,,,,,,,,,,,,,,,
,,,,,,,,,,,,,,,
,,,,,,,,,,,,,,,
,,,,,,,,,,,,,,,
,,,,,,,,,,,,,,,
,,,,,,,,,,,,,,,
,,,,,,,,,,,,,,,
,,,,,,,,,,,,,,,
,,,,,,,,,,,,,,,
,,,,,,,,,,,,,,,
,,,,,,,,,,,,,,,
,,,,,,,,,,,,,,,
,,,,,,,,,,,,,,,
,,,,,,,,,,,,,,,
,,,,,,,,,,,,,,,
,,,,,,,,,,,,,,,
,,,,,,,,,,,,,,,
,,,,,,,,,,,,,,,
,,,,,,,,,,,,,,,
,,,,,,,,,,,,,,,
,,,,,,,,,,,,,,,
,,,,,,,,,,,,,,,
,,,,,,,,,,,,,,,
,,,,,,,,,,,,,,,
,,,,,,,,,,,,,,,
,,,,,,,,,,,,,,,
,,,,,,,,,,,,,,,
,,,,,,,,,,,,,,,
,,,,,,,,,,,,,,,
,,,,,,,,,,,,,,,
,,,,,,,,,,,,,,,
,,,,,,,,,,,,,,,
,,,,,,,,,,,,,,,
,,,,,,,,,,,,,,,
,,,,,,,,,,,,,,,
,,,,,,,,,,,,,,,
,,,,,,,,,,,,,,,
,,,,,,,,,,,,,,,
,,,,,,,,,,,,,,,
,,,,,,,,,,,,,,,
,,,,,,,,,,,,,,,
,,,,,,,,,,,,,,,
,,,,,,,,,,,,,,,
,,,,,,,,,,,,,,,
,,,,,,,,,,,,,,,
,,,,,,,,,,,,,,,
,,,,,,,,,,,,,,,
,,,,,,,,,,,,,,,
,,,,,,,,,,,,,,,
,,,,,,,,,,,,,,,
,,,,,,,,,,,,,,,
,,,,,,,,,,,,,,,
,,,,,,,,,,,,,,,
,,,,,,,,,,,,,,,
,,,,,,,,,,,,,,,
,,,,,,,,,,,,,,,
,,,,,,,,,,,,,,,
,,,,,,,,,,,,,,,
,,,,,,,,,,,,,,,
,,,,,,,,,,,,,,,
,,,,,,,,,,,,,,,
,,,,,,,,,,,,,,,
,,,,,,,,,,,,,,,
,,,,,,,,,,,,,,,
,,,,,,,,,,,,,,,
,,,,,,,,,,,,,,,
,,,,,,,,,,,,,,,
,,,,,,,,,,,,,,,
,,,,,,,,,,,,,,,
,,,,,,,,,,,,,,,
,,,,,,,,,,,,,,,
,,,,,,,,,,,,,,,
,,,,,,,,,,,,,,,
,,,,,,,,,,,,,,,
,,,,,,,,,,,,,,,
,,,,,,,,,,,,,,,
,,,,,,,,,,,,,,,
,,,,,,,,,,,,,,,
,,,,,,,,,,,,,,,
,,,,,,,,,,,,,,,
,,,,,,,,,,,,,,,
,,,,,,,,,,,,,,,
,,,,,,,,,,,,,,,
,,,,,,,,,,,,,,,
,,,,,,,,,,,,,,,
,,,,,,,,,,,,,,,
,,,,,,,,,,,,,,,
,,,,,,,,,,,,,,,
,,,,,,,,,,,,,,,
,,,,,,,,,,,,,,,
,,,,,,,,,,,,,,,
,,,,,,,,,,,,,,,
,,,,,,,,,,,,,,,
,,,,,,,,,,,,,,,
,,,,,,,,,,,,,,,
,,,,,,,,,,,,,,,
,,,,,,,,,,,,,,,
,,,,,,,,,,,,,,,
,,,,,,,,,,,,,,,
,,,,,,,,,,,,,,,
,,,,,,,,,,,,,,,
,,,,,,,,,,,,,,,
,,,,,,,,,,,,,,,
,,,,,,,,,,,,,,,
,,,,,,,,,,,,,,,
,,,,,,,,,,,,,,,
,,,,,,,,,,,,,,,
,,,,,,,,,,,,,,,
,,,,,,,,,,,,,,,
,,,,,,,,,,,,,,,
,,,,,,,,,,,,,,,
,,,,,,,,,,,,,,,
,,,,,,,,,,,,,,,
,,,,,,,,,,,,,,,
,,,,,,,,,,,,,,,
,,,,,,,,,,,,,,,
,,,,,,,,,,,,,,,
,,,,,,,,,,,,,,,
,,,,,,,,,,,,,,,
,,,,,,,,,,,,,,,
,,,,,,,,,,,,,,,
,,,,,,,,,,,,,,,
,,,,,,,,,,,,,,,
,,,,,,,,,,,,,,,
,,,,,,,,,,,,,,,
,,,,,,,,,,,,,,,
,,,,,,,,,,,,,,,
,,,,,,,,,,,,,,,
,,,,,,,,,,,,,,,
,,,,,,,,,,,,,,,
,,,,,,,,,,,,,,,
,,,,,,,,,,,,,,,
,,,,,,,,,,,,,,,
,,,,,,,,,,,,,,,
,,,,,,,,,,,,,,,
,,,,,,,,,,,,,,,
,,,,,,,,,,,,,,,
,,,,,,,,,,,,,,,
,,,,,,,,,,,,,,,
,,,,,,,,,,,,,,,
,,,,,,,,,,,,,,,
,,,,,,,,,,,,,,,
,,,,,,,,,,,,,,,
,,,,,,,,,,,,,,,
,,,,,,,,,,,,,,,
,,,,,,,,,,,,,,,
,,,,,,,,,,,,,,,
,,,,,,,,,,,,,,,
,,,,,,,,,,,,,,,
,,,,,,,,,,,,,,,
,,,,,,,,,,,,,,,
,,,,,,,,,,,,,,,
,,,,,,,,,,,,,,,
,,,,,,,,,,,,,,,
,,,,,,,,,,,,,,,
,,,,,,,,,,,,,,,
,,,,,,,,,,,,,,,
,,,,,,,,,,,,,,,
,,,,,,,,,,,,,,,
,,,,,,,,,,,,,,,
,,,,,,,,,,,,,,,
,,,,,,,,,,,,,,,
,,,,,,,,,,,,,,,
,,,,,,,,,,,,,,,
,,,,,,,,,,,,,,,
,,,,,,,,,,,,,,,
,,,,,,,,,,,,,,,
,,,,,,,,,,,,,,,
,,,,,,,,,,,,,,,
,,,,,,,,,,,,,,,
,,,,,,,,,,,,,,,
,,,,,,,,,,,,,,,
,,,,,,,,,,,,,,,
,,,,,,,,,,,,,,,
,,,,,,,,,,,,,,,
,,,,,,,,,,,,,,,
,,,,,,,,,,,,,,,
,,,,,,,,,,,,,,,
,,,,,,,,,,,,,,,
,,,,,,,,,,,,,,,
,,,,,,,,,,,,,,,
,,,,,,,,,,,,,,,
,,,,,,,,,,,,,,,
,,,,,,,,,,,,,,,
,,,,,,,,,,,,,,,
,,,,,,,,,,,,,,,
,,,,,,,,,,,,,,,
,,,,,,,,,,,,,,,
,,,,,,,,,,,,,,,
,,,,,,,,,,,,,,,
,,,,,,,,,,,,,,,
,,,,,,,,,,,,,,,
,,,,,,,,,,,,,,,
,,,,,,,,,,,,,,,
,,,,,,,,,,,,,,,
,,,,,,,,,,,,,,,
,,,,,,,,,,,,,,,
,,,,,,,,,,,,,,,
,,,,,,,,,,,,,,,
,,,,,,,,,,,,,,,
,,,,,,,,,,,,,,,
,,,,,,,,,,,,,,,
,,,,,,,,,,,,,,,
,,,,,,,,,,,,,,,
,,,,,,,,,,,,,,,
,,,,,,,,,,,,,,,
,,,,,,,,,,,,,,,
,,,,,,,,,,,,,,,
,,,,,,,,,,,,,,,
,,,,,,,,,,,,,,,
,,,,,,,,,,,,,,,
,,,,,,,,,,,,,,,
,,,,,,,,,,,,,,,
,,,,,,,,,,,,,,,
,,,,,,,,,,,,,,,
,,,,,,,,,,,,,,,
,,,,,,,,,,,,,,,
,,,,,,,,,,,,,,,
,,,,,,,,,,,,,,,
,,,,,,,,,,,,,,,
,,,,,,,,,,,,,,,
,,,,,,,,,,,,,,,
,,,,,,,,,,,,,,,
,,,,,,,,,,,,,,,
,,,,,,,,,,,,,,,
,,,,,,,,,,,,,,,
,,,,,,,,,,,,,,,
,,,,,,,,,,,,,,,
,,,,,,,,,,,,,,,
,,,,,,,,,,,,,,,
,,,,,,,,,,,,,,,
,,,,,,,,,,,,,,,
,,,,,,,,,,,,,,,
,,,,,,,,,,,,,,,
,,,,,,,,,,,,,,,
,,,,,,,,,,,,,,,
,,,,,,,,,,,,,,,
,,,,,,,,,,,,,,,
,,,,,,,,,,,,,,,
,,,,,,,,,,,,,,,
,,,,,,,,,,,,,,,
,,,,,,,,,,,,,,,
,,,,,,,,,,,,,,,
,,,,,,,,,,,,,,,
,,,,,,,,,,,,,,,
,,,,,,,,,,,,,,,
,,,,,,,,,,,,,,,
,,,,,,,,,,,,,,,
,,,,,,,,,,,,,,,
,,,,,,,,,,,,,,,
,,,,,,,,,,,,,,,
,,,,,,,,,,,,,,,
,,,,,,,,,,,,,,,
,,,,,,,,,,,,,,,
,,,,,,,,,,,,,,,
,,,,,,,,,,,,,,,
,,,,,,,,,,,,,,,
,,,,,,,,,,,,,,,
,,,,,,,,,,,,,,,
,,,,,,,,,,,,,,,
,,,,,,,,,,,,,,,
,,,,,,,,,,,,,,,
,,,,,,,,,,,,,,,
,,,,,,,,,,,,,,,
,,,,,,,,,,,,,,,
,,,,,,,,,,,,,,,
,,,,,,,,,,,,,,,
,,,,,,,,,,,,,,,
,,,,,,,,,,,,,,,
,,,,,,,,,,,,,,,
,,,,,,,,,,,,,,,
,,,,,,,,,,,,,,,
,,,,,,,,,,,,,,,
,,,,,,,,,,,,,,,
,,,,,,,,,,,,,,,
,,,,,,,,,,,,,,,
,,,,,,,,,,,,,,,
,,,,,,,,,,,,,,,
,,,,,,,,,,,,,,,
,,,,,,,,,,,,,,,
,,,,,,,,,,,,,,,
,,,,,,,,,,,,,,,
,,,,,,,,,,,,,,,
,,,,,,,,,,,,,,,
,,,,,,,,,,,,,,,
,,,,,,,,,,,,,,,
,,,,,,,,,,,,,,,
,,,,,,,,,,,,,,,
,,,,,,,,,,,,,,,
,,,,,,,,,,,,,,,
,,,,,,,,,,,,,,,
,,,,,,,,,,,,,,,
,,,,,,,,,,,,,,,
,,,,,,,,,,,,,,,
,,,,,,,,,,,,,,,
,,,,,,,,,,,,,,,
,,,,,,,,,,,,,,,
,,,,,,,,,,,,,,,
,,,,,,,,,,,,,,,
,,,,,,,,,,,,,,,
,,,,,,,,,,,,,,,
,,,,,,,,,,,,,,,
,,,,,,,,,,,,,,,
,,,,,,,,,,,,,,,
,,,,,,,,,,,,,,,
,,,,,,,,,,,,,,,
,,,,,,,,,,,,,,,
,,,,,,,,,,,,,,,
,,,,,,,,,,,,,,,
,,,,,,,,,,,,,,,
,,,,,,,,,,,,,,,
,,,,,,,,,,,,,,,
,,,,,,,,,,,,,,,
,,,,,,,,,,,,,,,
,,,,,,,,,,,,,,,
,,,,,,,,,,,,,,,
,,,,,,,,,,,,,,,
,,,,,,,,,,,,,,,
,,,,,,,,,,,,,,,
,,,,,,,,,,,,,,,
,,,,,,,,,,,,,,,
,,,,,,,,,,,,,,,
,,,,,,,,,,,,,,,
,,,,,,,,,,,,,,,
,,,,,,,,,,,,,,,
,,,,,,,,,,,,,,,
,,,,,,,,,,,,,,,
,,,,,,,,,,,,,,,
,,,,,,,,,,,,,,,
,,,,,,,,,,,,,,,
,,,,,,,,,,,,,,,
,,,,,,,,,,,,,,,
,,,,,,,,,,,,,,,
,,,,,,,,,,,,,,,
,,,,,,,,,,,,,,,
,,,,,,,,,,,,,,,
,,,,,,,,,,,,,,,
,,,,,,,,,,,,,,,
,,,,,,,,,,,,,,,
,,,,,,,,,,,,,,,
,,,,,,,,,,,,,,,
,,,,,,,,,,,,,,,
,,,,,,,,,,,,,,,
,,,,,,,,,,,,,,,
,,,,,,,,,,,,,,,
,,,,,,,,,,,,,,,
,,,,,,,,,,,,,,,
,,,,,,,,,,,,,,,
,,,,,,,,,,,,,,,
,,,,,,,,,,,,,,,
,,,,,,,,,,,,,,,
,,,,,,,,,,,,,,,
,,,,,,,,,,,,,,,
,,,,,,,,,,,,,,,
,,,,,,,,,,,,,,,
,,,,,,,,,,,,,,,
,,,,,,,,,,,,,,,
,,,,,,,,,,,,,,,
,,,,,,,,,,,,,,,
,,,,,,,,,,,,,,,
,,,,,,,,,,,,,,,
,,,,,,,,,,,,,,,
,,,,,,,,,,,,,,,
,,,,,,,,,,,,,,,
,,,,,,,,,,,,,,,
,,,,,,,,,,,,,,,
,,,,,,,,,,,,,,,
,,,,,,,,,,,,,,,
,,,,,,,,,,,,,,,
,,,,,,,,,,,,,,,
,,,,,,,,,,,,,,,
,,,,,,,,,,,,,,,
,,,,,,,,,,,,,,,
,,,,,,,,,,,,,,,
,,,,,,,,,,,,,,,
,,,,,,,,,,,,,,,
,,,,,,,,,,,,,,,
,,,,,,,,,,,,,,,