PHOTO URL,FIRST NAME,LAST NAME,ORGANIZATION,EMAIL,EMAIL (PLAIN),PHONE
,Alan,Duval,Alephant Big Data,Work: alanduval@alephant.co.uk,alanduval@alephant.co.uk,Work: +447939428060
,Bryony,Turtle,Atkins Limited,Work: bryony.turtle@atkinsglobal.com,bryony.turtle@atkinsglobal.com,Work: +441372726140
,Mohamed,Miled,DBRS Ratings Limited,Work: mmiled@dbrs.com,mmiled@dbrs.com,"Work: 07825683011
Work: 02078556669"
,Peter,Curtis,The Insight Gap,Work: peterjecurtis@gmail.com,peterjecurtis@gmail.com,Work: 07815798485
,Rui,Silva,"Net Plan-Telecomunicaqges e Energia, S.A. Centro Empresarial de Telheiras",Work: rui.silva@netplan.pt,rui.silva@netplan.pt,Work: +351217521250
,Stefan,Brausam,Putzmeister Engineering GmbH,Work: brausams@putzmeister.de,brausams@putzmeister.de,Work: +497127599348
,Steve,Harris,Atkins Limited,Work: steven.harris@atkinsglobal.com,steven.harris@atkinsglobal.com,"Work: +447887605569
Work: +441372726140"
,Tanya,Goshiy,AssessTech,Work: tanya.goshiy@assesstech.com,tanya.goshiy@assesstech.com,"Work: 07810787566
Work: 01483338646"
