PHOTO URL,FIRST NAME,LAST NAME,ORGANIZATION,EMAIL,EMAIL (PLAIN),PHONE
,Aboud,Khaddam,,,,
,Achim,Lederle,,Work: https://angel.co/achim-lederle,https://angel.co/achim-lederle,
,Adam,Edgell-Bush,,,,
,Adam,Knight,,,,
,Adil,Jauhar,,,,
,Adrian,de Montfalcon,,,,
,Adrian,Lloyd,,,,
,Ahmad,Butt,,,,
,Ahsan,Naqvi,,,,
,Aidan,Fitzpatrick,,,,
,Akhil,Paul,,,,
,Alain,Falys,,,,
,Alan,Morgan,,,,
,Alasdair,McPherson,,Work: https://angel.co/4mcp,https://angel.co/4mcp,
,Alexander,Asseily,,,,
,Alexander,Brühl,,,,
,Alexander,Elenskiy,,,,
,Alexander,Gerko,,,,
,Alexander,Pak,,,,
,Alexandre,Sagakian,,,,
,Alex,Gezelius,,,,
,Alex,Hoye,,,,
,Alex,Hunter,,,,
,Alex,Ikonn,,Work: hello@alexikonn.com,hello@alexikonn.com,
,Alex,Khein,,,,
,Alex,Ljung,,Work: https://angel.co/alexander-ljung,https://angel.co/alexander-ljung,
,Alex,Shevelenko,,,,
,Alex,van Klaveren,,,,
,Alex,Viall,,,,
,Allan,Majotra,,,,
,Amanda,Jones Floyd,,,,
,Amir,Banifatemi,,,,
,Amir,Eilon,,,,
,Ami,Shpiro,,,,
,Amjad,Hussain,,,,
,Andreas,Etten,,Work: https://angel.co/andreas-etten,https://angel.co/andreas-etten,
,Andreas,Koukorinis,,,,
,Andreas,Penna,,,,
,Andres,Susi,,,,
,Andrew,Bredon,,,,
,Andrew,Carton,,,,
,Andre,Wegner,,,,
,Andrew,J Scott,,Work: andrew@urbanhorizon.com,andrew@urbanhorizon.com,
,Andrew,Lacey,,,,
,Andrew,Lacy,,,,
,Andrew,MacKay,,,,
,Andrewn,Jude Rajanathan,,,,
,Andrew,Reicher,,,,
,Andrew,S. Reis,,,,
,Andrew,Szymanski,,,,
,Andy,Getsey,,,,
,Andy,McLoughlin,,Work: https://angel.co/bandrew,https://angel.co/bandrew,
,Andy,Person,,,,
,Andy,Phillipps,,,,
,Andy,Richards,,,,
,Andy,Whittaker,,,,
,Andy,Yates,,,,
,Anil,Hansjee,,Work: http://london.startups-list.com/people,http://london.startups-list.com/people,
,ANIL,UZUN,,,,
,Anmol,Nayyar,,,,
,Anton,Pasechnikov,,,,
,Anusha,Su,,,,
,Arek,Dysko,,,,
,Arend,Lars Iven,,Work: https://angel.co/arend-lars-iven,https://angel.co/arend-lars-iven,
,Arnaud,Loiseau,,,,
,Artemi,Krymski,,,,
,Ashesh,C Shah (alex),,,,
,Ashley,Howden,,,,
,Audrius,Visniauskas,,,,
,Axel,Schultze,,,,
,Azeem,Azhar,,,,
,Barrie,Heptonstall,,,,
,Benjamin,Ling,,,,
,Benjamin,Rohé,,Work: https://angel.co/benjaminr,https://angel.co/benjaminr,
,Benjamin,Vedrenne-Cloquet,,,,
,Ben,Metcalfe,,Work: blog@benmetcalfe.com,blog@benmetcalfe.com,
,Ben,Way,,,,
,Bert,De Reyck,,,,
,Blaine,Cook,,,,
,Bobby,Yasdani,,,,
,Bobby,Yazdani,,,,
,Bo,Pedersen,,,,
,Brittney,Bean,,,,
,Bruno,Haid,,,,
,Can,Serter,,,,
,Chad,Hagan,,,,
,Charles,Lorenceau,,,,
,Charles,Sekwalor,,,,
,Charlie,Muirhead,,,,
,Chennakeshav,Adya,,,,
,Chris,Adelsbach,,,,
,Chris,Ash,,Work: 5555,5555,
,Chris,Barchak,,,,
,Chris,Burke,,,,
,Chris,de Sibert,,,,
,Chris,Drake,,,,
,Chris,Ellis,,,,
,Chris,Morton,,,,
,Chris,Rhodes,,,,
,Chris,Sheldrick,,,,
,Chris,Smith @BStCapital,,,,
,Christian,Bower,,,,
,Christian,Dörffer,,,,
,Christian,Faes,,,,
,Christian,Lawless,,,,
,Christian,Reber,,Work: https://angel.co/christianreber,https://angel.co/christianreber,
,Christian,Toksvig,,,,
,Christian,Vollmann,,Work: https://angel.co/calroo1,https://angel.co/calroo1,
,Christian,Wolf,,Work: https://angel.co/chris-wolf01,https://angel.co/chris-wolf01,
,Christophe,Maire,,,,
,Christopher,Hitchen,,Work: https://angel.co/chris-hitchen,https://angel.co/chris-hitchen,
,Christopher,Münchhoff,,Work: https://angel.co/christopherm,https://angel.co/christopherm,
,Christopher,Scollo,,,,
,Christoph,Janz,,Work: https://angel.co/chrija,https://angel.co/chrija,
,Chrysanthos,Chrysanthou,,,,
,CJ,Halabi,,,,
,Cliff,Hinrichs,,,,
,Conor,Stanley,,Work: angel.co/conorstan,angel.co/conorstan,
,Corrado,Agusta,,,,
,Craig,Edmunds,,,,
,Cristian,Parrino,,,,
,Damien,Andreasen,,,,
,Damien,C. Tanner,,,,
,Damion,Hankejh,,,,
,Damon,Reeve,,,,
,Daniel,Axsater,,,,
,Daniel,Heaf,,,,
,Daniel,Jones,,,,
,Dan,Re'em,,,,
,Dan,Somers,,,,
,Dario,Suter,,,,
,Darren,Patterson,,,,
,David,Braben,,,,
,David,Calabrese,,,,
,David,C Brudenell,,,,
,David,David,,,,
,David,Gardner,,,,
,David,Kershaw,,,,
,David,Kinnear,,,,
,David,O'Flynn,,,,
,David,Opolon,,,,
,David,Thévenon,,,,
,David,Wickham,,,,
,Davor,Hebel,,,,
,Declan,Kennedy,,,,
,Denis,Buryakovskyy,,,,
,Denis,Shafranik,,,,
,Dennis,Schaefer,,Work: https://angel.co/dennis-schaefer,https://angel.co/dennis-schaefer,
,Denzyl,Feigelson,,,,
,Dimitris,Vranopoulos,,,,
,Ditlev,Bredahl,,,,
,Dmitry,Shakin,,,,
,Dominique,Burgauer,,,,
,Don,Birch,,,,
,Doug,Monro,,,,
,Doug,Scott,,,,
,Eamonn,Carey,,,,
,Ed,Freyfogle,,,,
,Edward,Shenderovich,,,,
,Ehssan,Dariani,,,,
,Eileen,Burbidge,,Work: https://angel.co/eileentso,https://angel.co/eileentso,
,Elaine,Huang Crawford,,,,
,Elizabeth,Murdoch,,,,
,Emma,Fiszman,,,,
,Emre,Baran,,,,
,Enrico,Pandian,,,,
,Enrique,Posner,,,,
,Eric,Martineau-Fortin,,,,
,Eric,Martineu-Fortin,,,,
,Eswar,Mani,,,,
,Etan,Ilfeld,,,,
,Fabian,Heilemann,,,,
,Fabio,Pezzotti,,,,
,Fabrice,Grinda,,,,
,Fabrice,Le Parc,,,,
,Fadzli,Anuar,,Work: fadzli@nest.my,fadzli@nest.my,
,f,Dapra',,,,
,Federico,Pirzio-Biroli,,,,
,Felix,Haas,,,,
,Felix,Petersen,,,,
,Felix,Schenavsky,,,,
,Firat,Ileri,,,,
,Florian,Heinemann,,,,
,Floris,Rost van Tonningen,,,,
,Frank,Meehan,,,,
,Frederic,Court,,,,
,Frédéric,Lasnier,,,,
,Frederik,Fleck,,,,
,Fred,Thuard,,,,
,Friedrich A.,Neuman,,,,
,Gary,Gauba,,,,
,Gavan,Gravesen,,,,
,Gavin,Weeks,,,,
,Gavin,White,,,,
,Gerald,Heydenreich,,,,
,Gernot,Zacke,,,,
,Gi,Fernando,,,,
,Gil,Dibner,,Work: http://yankeesabralimey.tumblr.com/ask,http://yankeesabralimey.tumblr.com/ask,
,Giuliano,Stiglitz,,,,
,Glenn,Elliott,,Work: info@ibh-group.com,info@ibh-group.com,
,Gonz,Ferrero,,,,
,Greg,Roodt,,,,
,Gunther,Schmidt,,,,
,Hamish,Brocklebank,,,,
,Henri,Kühnert,,,,
,Herman,Hauser,,,,
,Hiram,Hamilton,,,,
,Holger,Johnsson,,,,
,Holger,Weiss,,,,
,Hrair,Mekhsian,,,,
,Hugh,Durkin,,,,
,Ian,Clark,,,,
,Ian,Edwards,,,,
,iers,Cooper,,,,
,Ilya,Oskolkov-Tsentsiper,,,,
,Ilya,Spitalnik,,,,
,Ivan,Komorcec,,,,
,Ivan,Lenev,,,,
,Ivan,Mazour,,,,
,Ivan,Von Turkovich,,,,
,Jahor,Gupta,,,,
,Jalin,Somaiya,,,,
,James,Bilefeld,,,,
,James,Carstairs,,,,
,James,Fairclough,,,,
,James,Finn,,,,
,James,King,,Work: newseditor@independent.co.uk,newseditor@independent.co.uk,
,James,Peck,,,,
,James,Taylor,,,,
,Jamie,Murray Wells,,,,
,Jamie,Ward,,,,
,Jan,Becker,,,,
,Jan,Owen Rees,,,,
,Jan,Reichelt,,,,
,Jared,Keen,,,,
,Jason,Downes,,,,
,Jason,Seats,,,,
,Jason,Stockwood,,,,
,Jay,Moran,,,,
,Jean,Canzoneri,,,,
,Jean-Paul,Petranca,,,,
,Jeff,Marsden,,,,
,Jeff,Reynar,,,,
,Jeff,Scofield,,,,
,Jens,Lapinski,,Work: https://angel.co/jens-lapinski,https://angel.co/jens-lapinski,
,Jeremy,Yap,,,,
,Jesse,Sandoval,,,,
,Jesse,Thomas,,,,
,Jimmy,Furland,,,,
,Jimmy,Maymann,,,,
,Jimmy,Wales,,,,
,Joakim,Jardenberg,,,,
,Joe,Cohen,,,,
,Joe,Stepniewski,,,,
,Johann,Hansmann,,,,
,John,Taysom,,,,
,John,Yeomans,,,,
,Jonathan,Bill,,,,
,Jonathan,Tam,,,,
,Jonathon,Millar,,,,
,Jon,Davidman,,,,
,Jörg,Rheinbold,,,,
,Jose,Cobian,,Work: contact@tetuanvalley.com,contact@tetuanvalley.com,
,Jose,Marin,,,,
,Joseph,Nachman,,,,
,Josh,Russell,,,,
,Joshua,B Siegel,,,,
,Jouko,Ahvenainen,,,,
,Juan,Lopez-Valcarcel,,,,
,Juan-Luis,Hortelano,,,,
,Juan,Manuel Fernández Lobato,,,,
,Julien,André,,,,
,Julien,de Salaberry,,,,
,Justin,E Scull,,,,
,Justin,Golshir,,,,
,Jyri,Engestrom,,,,
,Kai,Bolik,,,,
,Kate,Jhaveri,,,,
,Kavin,Bharti Mittal,,,,
,Keir,McConomy,,,,
,Keith,Calder,,,,
,Keith,Willey,,,,
,Kelvin,Au,,,,
,Kerry,Ritz,,,,
,Khaled,Helioui,,,,
,Khaled,Ouafi Zimermann,,,,
,Kirill,Makharinsky,,,,
,Kiyan,Foroughi,,,,
,Klaus,Hommels,,,,
,Kolja,Hebenstreit,,,,
,Kukadia,Nish,,Work: https://angel.co/nish-kukadia,https://angel.co/nish-kukadia,
,Kukadia,Sach,,,,
,Lance,G Johnson,,,,
,Lars,Dittrich,,,,
,Lars,Hinrichs,,,,
,Lars,Rasmussen,,,,
,Laurent,Delaporte,,,,
,Lee,Pickrell,,,,
,Leif,Nurmimaki,,,,
,Leon,Liebman,,,,
,Leo,Patching,,,,
,Leo,Wang,,,,
,Lex,Deak,,,,
,Liad,Shababo,,,,
,Lian,Kor,,,,
,Lokman,KURIS,,,,
,Lorenz,Bogaert,,,,
,Luca,Longobardi,,,,
,Luis,Rivera Gurrea-Nozaleda,,,,
,Lukas,Weber,,,,
,Lukasz,Gadowski,,,,
,Maarten,Beucker Andreae,,,,
,Maks,Giordano,,,,
,Malcolm,Scovil,,,,
,Marc,Aafjes,,,,
,Marc,Hazan,,,,
,Marco,Giunta,,Work: www.marcogiunta.com/contact/,www.marcogiunta.com/contact/,
,Marc,P. Bernegger,,,,
,Marc,Strigel,,,,
,Marcus,Greenwood,,,,
,Mareza,Larizadeh,,,,
,Maria,Dramalioti-Taylor,,,,
,Marian,Dusan,,Work: contact@mariandusan.ro,contact@mariandusan.ro,
,Mario,Branciforti,,,,
,Mario,Brockmann,,,,
,Mark,Bernstein,,,,
,Mark,Brooks,,,,
,Mark,Cummins,,Work: mart@edcatingsilicom.com,mart@edcatingsilicom.com,
,Mark,Edward Turner,,,,
,Mark,Esiri,,,,
,Mark,Hirschfield,,,,
,Mark,Reid,,,,
,Mark,Warms,,,,
,Martin,Campbell,,,,
,Martin,Dunford,,,,
,Martin,Sinner,,,,
,Martin,Varsavsky,,,,
,Martynas,Gudonavicius,,,,
,Massimiliano,Squillace,,,,
,Matt,Arnold,,,,
,Matteo,Girardi,,,,
,Matthew,Cushen,,,,
,Matthias,Spieß,,,,
,Matt,O'Neill,,,,
,Maxim,Chmyshuk,,,,
,Maximilian,Thyssen,,,,
,Max,Niederhofer,,,,
,Max,Pellegrini,,,,
,Maya,Plentz Fagundes,,,,
,Mbwana,Alliy,,"Work: Sorry, the page you were looking for in this blog does not exist.","Sorry, the page you were looking for in this blog does not exist.",
,Meagan,Marks,,,,
,Meeta,Gournay,,,,
,Michael,Acton Smith,,,,
,Michael,Birch,,Work: bananas@monkeyinferno.com,bananas@monkeyinferno.com,
,Michael,Blakey,,Work: contactus@avonmoredevelopments.com,contactus@avonmoredevelopments.com,
,Michael,Brehm,,,,
,Michael,Edwards,,,,
,Michael,Heinrich,,,,
,Michael,Liebreich,,,,
,Michael,Reinstein,,,,
,Michael,Sonenshine,,,,
,Michael,Urban,,,,
,Michele,Orzan,,,,
,Mihai,Mafteianu,,,,
,Mike,Bank,,,,
,Mike,Lebus,,,,
,mimma,viglezio,,,,
,Miriam,Lahage,,,,
,Mohamed,Nanabhay,,,,
,Mohan,Chennupati,,,,
,Mohsen,Moazami,,,,
,Monty,Metzger,,Work: https://angel.co/montymetzger,https://angel.co/montymetzger,
,Morten,E. Wulff,,,,
,Morten,Sondergaard,,,,
,Murad,Sofizade,,,,
,Napoleon,Biggs,,,,
,Nate,Houk,,,,
,Neil,Hutchinson,,Work: https://angel.co/neil-hutchinson,https://angel.co/neil-hutchinson,
,Net,Jacobsson,,,,
,Nicholas,"Cooper,",,,,
,Nick,Brown,,,,
,Nikos,Moraitakis,,,,
,Nina,Pustilnik,,,,
,Nishul,Saperia,,,,
,Nitin,Singhal,,,,
,Oded,Ran,,,,
,Oleg,Tscheltzoff,,,,
,Oliver,Jung,,,,
,Oliver,Samwer,,,,
,osman,mardin,,,,
,Otto,Scholtz,,,,
,Owen,Li,,,,
,Pamir,Gelenbe,,,,
,Paolo,Rubatto,,,,
,P,Atbrox,,Work: info@atbrox.com,info@atbrox.com,
,Paul,Heydon,,Work: info@avistapartners.com,info@avistapartners.com,
,Paul,Humphreys,,,,
,Paul,Norris,,,,
,Paul,Nowak,,,,
,Paulo,Gaspar,,,,
,Permjot,Valia,,,,
,Perry,Blacher,,,,
,Peter,Read,,,,
,Peter,Thomson,,,,
,Philipp,Belter,,,,
,Phil,Wilkinson,,Work: https://angel.co/philip-wilkinson,https://angel.co/philip-wilkinson,
,Pierre-Edouard,Harant,,,,
,Pieter,Sleeboom,,,,
,Proud,Limpongpan,,,,
,Raghav,Gupta,,,,
,Raja,Bhatia,,,,
,Rajat,Agarwal,,,,
,Raj,Ramanandi,,,,
,Randeep,Wilkhu,,,,
,Reda,Khatim,,,,
,Renaud,Visage,,,,
,Rene,Rechtman,,,,
,Richard,Barnwell,,,,
,Richard,D. Titus,,,,
,Richard,H Harris,,,,
,Richard,Kearney,,,,
,Richard,Muirhead,,,,
,Richard,Taylor,,,,
,Richard,Youngman,,,,
,Rich,Martell,,Work: This Domain Name Has Expired,This Domain Name Has Expired,
,Ricky,Thomas,,,,
,Rob,Bailey,,,,
,Robert,Dighero,,,,
,Robert,Hurst,,,,
,Robert,Maier,,,,
,Robert,Paul,,,,
,Robert,Sansom,,,,
,Robin,Klein,,,,
,Robin,Saxby,,,,
,Rob,McCombie,,,,
,Rob,Robinson,,,,
,Roger,Toor,,,,
,Romain,Eude,,,,
,Ron,Hillmann,,,,
,Ronny,Rehn,,,,
,Roy,Tuvey,,,,
,Roy,Vella,,,,
,Royyuru,Avinash,,,,
,Rupesh,Chatwani,,,,
,Russell,Buckley,,,,
,Saad,AlSogair,,,,
,Sachin,Dev Duggal,,,,
,Sagi,Shorrer,,,,
,Salim,Mitha,,,,
,Sal,Matteis,,,,
,Samer,Karam,,,,
,Sami,Mikati,,,,
,Sam,Mathews,,,,
,Sammy,Rubin,,,,
,Samuli,Siren,,,,
,Sanford,Dickert,,,,
,Sanjay,Parthasarathy,,,,
,Saul,Klein,,,,
,Scott,Sage,,,,
,Sean,Park,,,,
,Sean,Phelan,,,,
,Sean,Shapcott,,,,
,Sebastian,Coman,,,,
,Sebastian,Ortega,,,,
,Shahar,Waiser,,,,
,Shahzad,Ali,,Work: rachel@leonisventures.com,rachel@leonisventures.com,
,Shakil,Khan,,,,
,Shawn,Ghosh,,Work: Contact@TechMeetups.com,Contact@TechMeetups.com,
,Shehreyar,Hameed,,,,
,Sherry,Coutu,,,,
,Simon,McDermott,,,,
,Simon,Murdoch,,,,
,Simon,Schaefer,,,,
,Simon,Squibb,,,,
,Sina,Afra,,Work: sina.afra@gmail.com.,sina.afra@gmail.com.,
,Sokratis,Papafloratos,,,,
,Stan,Stalnaker,,,,
,Stefan,Pajkovic,,,,
,Steffen,Thilsted,,,,
,Stephan,Bisse,,,,
,Stephan,Fitch,,,,
,Stephan,Muecke,,,,
,Stephan,Schubert,,,,
,Stephan,Uhrenbacher,,,,
,Steve,Karmeinsky,,,,
,Steven,Begeda,,,,
,Steven,Brown,,,,
,Steve,O'Donnell,,,,
,Stuart,Hamilton,,,,
,Sumon,Sadhu,,,,
,Sunil,Gunderia,,,,
,Sunny,Midha,,,,
,Suzanne,Biegel,,,,
,Sven,Ripsas,,,,
,Taavet,Hinrikus,,,,
,Tait,Simpson,,,,
,Taneli,Tikka,,,,
,Tariq,Krim,,,,
,Thibaud,Elziere,,Work: https://angel.co/tiboel,https://angel.co/tiboel,
,Thilo,Hardt,,,,
,Thomas,Jones,,,,
,Thomas,Madsen-Mygdal,,,,
,Tibor,Nagygyörgy,,,,
,Tilo,Bonow,,,,
,Tim,Dick,,,,
,Tim,Jackson,,,,
,Tim,Schumacher,,,,
,Tim,Slesinger,,,,
,Titus,Sharpe,,,,
,Tobias,P. Schirmer,,,,
,Tobin,Ireland,,,,
,Tom,Allason,,,,
,Tom,Brammar,,,,
,Tom,Buehlmann,,,,
,Tom,Hulme,,,,
,Tom,Montgomery,,,,
,Tom,Samodol,,,,
,Tony,Kypreos,,,,
,Tony,Saigh,,,,
,Turi,Munthe,,,,
,Tyrone,T,,,,
,Ulrich,Hegge,,,,
,Ush,Patel,,,,
,Usman,Haque,,,,
,Valerie,Taylor Roberts,,,,
,Victor,Zabrockis,,,,
,Vikrant,Bhargava,,,,
,Vipul,Patel,,,,
,Volker,Heistermann,,,,
,William,Armitage,,,,
,William,Kirby,,,,
,William,Reeve,,,,
,Wojciech,Woziwodzki,,,,
,Wouter,Gort,,,,
,Xen,Lategan,,,,
,Yee,Lee,,,,
,Zak,Tanjeloff,,,,
,Zoe,Adamovic,,,,
,Zoltan,Vardy,,,,
