FIRST NAME,LAST NAME,JOB ROLE,ORGANIZATION,ORGANIZATION INDUSTRY,EMAIL,EMAIL (PLAIN),PHONE
Adam,Hembury,Director of Innovation,DLA Piper,Legal Services,Work: Adam.Hembury@dlapiper.com,Adam.Hembury@dlapiper.com,
Adam,Street,Commercial Director,Atkins Global,Consulting,Work: adam.street@atkinsglobal.com,adam.street@atkinsglobal.com,
Andy,Gamble,Global CIO,Dyson,Technology,,,"Work: 01908359113
Work: 07738982265"
Andy,Hornby,Chief Operating Officer,Ladbrokes Coral Plc,Retail,Work: andy.hornby@coral.co.uk,andy.hornby@coral.co.uk,Work: 07990561954
Christopher P,Campbell,Business Development Director,The Buckinghamshire Group,Healthcare & Pharma,Work: chris.campbell@royalbucks.co.uk,chris.campbell@royalbucks.co.uk,"Work: +441296678800
Work: +447768905450"
Darren,Russell,Digital Transformation Director,Mott MacDonald,Consulting,Work: Darren.Russell@mottmac.com,Darren.Russell@mottmac.com,
David,A Smith,Chief Strategy Officer,MWH Global Inc.,Consulting,Work: kathleen.hart@mwhglobal.com,kathleen.hart@mwhglobal.com,
David A.,Smith,Chief Strategy Officer,MWH Global Inc.,Consulting,Work: david.a.smith@mwhglobal.com,david.a.smith@mwhglobal.com,Work: +447990534956
David,Marock,Director,The Standard Club,,david_marock@yahoo.com: david_marock@yahoo.com,david_marock@yahoo.com,
David,Marock,Non Executive Director,Charles Taylor Managing Agency,,david.marock@ctplc.com: david.marock@ctplc.com,david.marock@ctplc.com,2033208988: 2033208988
Garry,Harrison,General Manager – Banking and Capital Markets,CSC - Computer Sciences Corporation,FMCG,Work: gharrison5@csc.com,gharrison5@csc.com,
Genevieve,Kangurs,Head of Digital Transformation,TSB,Financial Services,Work: Genevieve.kangurs@tsb.co.uk,Genevieve.kangurs@tsb.co.uk,
Hywel,Wilson,"Industry Leader, Banking and Capital Markets",CSC - Computer Sciences Corporation,FMCG,Work: hwilson25@csc.com,hwilson25@csc.com,
James,Jones,Senior Marketing Manager,AppNexus,,jamiepjones5@gmail.com: jamiepjones5@gmail.com,jamiepjones5@gmail.com,
John,Neill,Chairman & Group Chief Executive,Unipart Group,Consulting,Work: john.neill@unipart.com,john.neill@unipart.com,
Jon,Andrews,Partner,PricewaterhouseCoopers LLP,,Work: jon.andrews@pwc.com,jon.andrews@pwc.com,"Work: +442078049000
Work: +447881518833
Work: +442075835000"
Luisa,Edves,"Account Manager, Legal, Professional & Education",Strategy International Ltd,Consulting,Work: le@strategyinternational.co.uk,le@strategyinternational.co.uk,
Max,Hill,Digital Lead Project Manager,TSB,Financial Services,Work: max.hill@tsb.co.uk,max.hill@tsb.co.uk,
Peter,Curnow-Ford,Chief Executive Officer,Viatec Associates,Consulting,Work: petercf@viatec.co.uk,petercf@viatec.co.uk,Work: 07973668131
Peter,O'Kane,Chairman,Strategy International Ltd,Consulting,Work: pok@partnercapital.net,pok@partnercapital.net,Work: 07767371600
Stephen,Burgin,"Vice President Europe, GE Power Strategic Accounts",GE Power,Energy & Utilities,Work: stephen.burgin@ge.com,stephen.burgin@ge.com,"Work: +441344460514
Work: +447801776728"
Tom,Cargill,Director,British Foreign Policy Group,Government,Work: tcargill@britishforeignpolicygroup.org.uk,tcargill@britishforeignpolicygroup.org.uk,Work: 07971643150
Tom,Hajek,Global Head Of IT Commercial,Specsavers,Consumer Services,Work: toni.hajek@specsavers.com,toni.hajek@specsavers.com,"Work: 08452020241
Work: +447392101614
Work: +441489862058"
Vineet,Jain,"Client Partner, Banking and Capital Markets",CSC - Computer Sciences Corporation,FMCG,Work: vjain59@csc.com,vjain59@csc.com,Work: 07710181214
