PHOTO URL,FIRST NAME,LAST NAME,ORGANIZATION,EMAIL,EMAIL (PLAIN),PHONE
,Hans,Langenbach,A1 Telekom Austria,Work: hans.langenbach@a1telekom.at,hans.langenbach@a1telekom.at,
,Tim,Meckenstock,Aareal Bank,Work: tim_meckenstock@yahoo.com,tim_meckenstock@yahoo.com,
,Sascha,Koehler,ABN Amro Group,Work: sascha.koehler@gmx.com,sascha.koehler@gmx.com,
,Marc,Burkhard,ABN Amro Group,Work: linkedin@burkhard-clan.de,linkedin@burkhard-clan.de,
,Christoph,Anhamm,ABN Amro Group,Work: christoph.anhamm@arcor.de,christoph.anhamm@arcor.de,
,Dr. Gerhard,Hofmann,AGENTUR ZUKUNFT,Work: hofmann@agentur-zukunft.eu,hofmann@agentur-zukunft.eu,
,Bjorn,Schwarze,AhoyRTC GmbH,Work: bs@addix.net,bs@addix.net,
,Nina,Fischer,Akeso & Company Limited,Work: mail@ninafi.de,mail@ninafi.de,
,Victor,Van Haeren,"Akoesticum, national training centre for Performing Arts",Work: victor.van.haeren@tiscali.nl,victor.van.haeren@tiscali.nl,
,Volker,Rieke,alfabet AG,Work: v.rieke@arcor.de,v.rieke@arcor.de,
,Arne Daniel,Mutschler,alfabet AG,Work: arne.mutschler@web.de,arne.mutschler@web.de,
,Jessica,Sfeir,alfabet AG,Work: jessica.sfeir@web.de,jessica.sfeir@web.de,
,Sascha,Klinke,alfabet AG,Work: sascha.klinke@saschaklinke.de,sascha.klinke@saschaklinke.de,
,Martin,Clemm,alfabet AG,Work: martin@clemm.de,martin@clemm.de,
,Marcus,Wiemann,Alliance for Rural Electrification,Work: m.wiemann@ruralelec.org,m.wiemann@ruralelec.org,
,Hans,Fugers,Alliander,Work: hans.fugers@gmail.com,hans.fugers@gmail.com,
,Christopher,Koch,Allianz Group,Work: christopher.koch@allianzgi.com,christopher.koch@allianzgi.com,
,Dirk,Diederich,Allianz Group,Work: dirk.diederich@allianz.com,dirk.diederich@allianz.com,
,Martin,"Opfermann, CFA",Allianz Group,Work: opfermann@web.de,opfermann@web.de,
,Karl,Happe,Allianz Group,Work: karl.happe@allianzgi.com,karl.happe@allianzgi.com,
,Simone,Setka,Ansel & Mšllers GmbH,Work: sksetka@arcor.de,sksetka@arcor.de,
,Ken,Hudson,Any Image b.v.,Work: ken@anyimage.nl,ken@anyimage.nl,
,Andrew,Marshall,apNet AG,Work: andrew.marshall@bluewin.ch,andrew.marshall@bluewin.ch,
,RŮdiger,Vietze,APP Unternehmensberatung AG,Work: RV1968POPUEDI@VTXNET.CH,RV1968POPUEDI@VTXNET.CH,
,Frederik,BŸhrmann,Atos Consulting,Work: f.buehrmann@gmx.de,f.buehrmann@gmx.de,
,M.,F.,auf Anfrage,Work: mark.frech@commerzbank.com,mark.frech@commerzbank.com,
,Benjamin,KŸhl,Bakery Films Filmproduktion GmbH,Work: multifocus@gmx.de,multifocus@gmx.de,
,Wernhard,Kublun,Bank J. Safra Sarasin Ltd,Work: Wernhard@global.t-bird.edu,Wernhard@global.t-bird.edu,
,Meike,von Platen-Holzapfel,BASF,Work: meike.von.platen@gmail.com,meike.von.platen@gmail.com,
,Ralph,Holzapfel,BASF Colors & Effects,Work: ralph.holzapfel@outlook.com,ralph.holzapfel@outlook.com,
,Oliver,Schmahl,Bayer Business Services,Work: o.schmahl@yahoo.de,o.schmahl@yahoo.de,
,Greg,Lamberti,Bayerische Landesbank,Work: Greg.Lamberti@bayernlb.co.uk,Greg.Lamberti@bayernlb.co.uk,
,Berrie,Pelser,beCause Global Consulting,Work: info@ber-art.nl,info@ber-art.nl,
,Dirk,Beiersdorff,Beiersdorff GmbH,Work: dirk@beiersdorff.de,dirk@beiersdorff.de,
,Jan,Horvat,Bertrandt,Work: janhorvat@web.de,janhorvat@web.de,
,Cornelius,Kalk,Bewegende Bilder,Work: kalk@bewegende-bilder.de,kalk@bewegende-bilder.de,
,Arnold,De Veth,B.I.A Business International,Work: info@arnolddeveth.nl,info@arnolddeveth.nl,
,Nelson,Holzner,BillPay,Work: nelson.holzner@nholzner.com,nelson.holzner@nholzner.com,
,Sven,Pirk,BMW Bank GmbH,Work: sven.pirk@gmx.de,sven.pirk@gmx.de,
,Sabine,Schmidt,BMW Group,Work: schmidt_post@yahoo.de,schmidt_post@yahoo.de,
,Andreas,Walter,BMW Group,Work: andreas.walter@bmwgroup.com,andreas.walter@bmwgroup.com,
,Cornel,Vintila,BPM Wave International,Work: corvin@bpmwave.ch,corvin@bpmwave.ch,
,Adela Clara,Wiener,BPM Wave International AG,Work: Adela@bpmwave.ch,Adela@bpmwave.ch,
,Volker,Krass,Brander Urstoff GmbH,Work: krass@krasscapital.com,krass@krasscapital.com,
,Kathrin,Herrmann,brightONE GmbH,Work: kathrin.herrmann@brightone.de,kathrin.herrmann@brightone.de,
,Johan,van Dam,Bulldog Media,Work: info@bulldogmedia.nl,info@bulldogmedia.nl,
,Carsten,Pfeiffer,Bundesverband Erneuerbare Energie,Work: carsten.pfeiffer@bee-ev.de,carsten.pfeiffer@bee-ev.de,
,Adrian,DeVore,Capriza,Work: adrian.devore@capriza.com,adrian.devore@capriza.com,
,Jacques,Mayeux,Cardinal Health,Work: jacquesmayeux@hotmail.ch,jacquesmayeux@hotmail.ch,
,Kevin,Hasenkamp,Catchpoint Systems Inc,Work: me@kevin-hasenkamp.de,me@kevin-hasenkamp.de,
,Stefan,Brendgen,CeFDex AG,Work: Stefan.Brendgen@gmx.de,Stefan.Brendgen@gmx.de,
,Dirk,Prange,Citi,Work: dirk.prange@web.de,dirk.prange@web.de,
,Christoph,Polomsky,Citigroup,Work: cpolomsky@t-online.de,cpolomsky@t-online.de,
,Christian,Klapproth,ckc-services,Work: ck@ckc-services.com,ck@ckc-services.com,
,Gerd,Haaf,clearconsult Haaf,Work: gerd.haaf@googlemail.com,gerd.haaf@googlemail.com,
,Guido,Wille,Clearstream Banking,Work: guido.wille@alumni.duke.edu,guido.wille@alumni.duke.edu,
,Frank,Damerow,Climate Bonds Initiative,Work: frank.damerow@googlemail.com,frank.damerow@googlemail.com,
,Andreas,Hart,Clintworld,Work: andreas.hart@clintworld.de,andreas.hart@clintworld.de,
,Caroline,Fuellberg,CloserStill Media,Work: caroline.fuellberg@closerstillmedia.com,caroline.fuellberg@closerstillmedia.com,
,Henriette,Melens,Cloudwatch,Work: h.melens@usbhorloges.nl,h.melens@usbhorloges.nl,
,J_rn,Kramer,Coloplast,Work: dejkr@coloplast.com,dejkr@coloplast.com,
,Axel,Stodiek,Commerzbank AG,Work: axel.stodiek@commerzbank.com,axel.stodiek@commerzbank.com,
,Heike,Hoevekamp,Commerzbank AG,Work: Heike.Hoevekamp@commerzbank.com,Heike.Hoevekamp@commerzbank.com,
,Markus,Landau,Commerzbank AG,Work: markus.landau@gmail.com,markus.landau@gmail.com,
,thorsten,schulz,Commerzbank AG,Work: thorsten.schulz@commerzbank.com,thorsten.schulz@commerzbank.com,
,Carolin,Schnabel,Commerzbank AG,Work: CAROLIN.SCHNABEL@Commerzbank.com,CAROLIN.SCHNABEL@Commerzbank.com,
,Dr. Kevin,Zander,Commerzbank AG,Work: kevin.zander@gmail.com,kevin.zander@gmail.com,
,Guenter,Schaertl,Commerzbank AG,Work: guenter.schaertl@commerzbank.com,guenter.schaertl@commerzbank.com,Work: 496913643272
,Bernhard,Moelder,Commerzbank AG,Work: bernhard.moelder@gonbach.de,bernhard.moelder@gonbach.de,
,Martin,Preissler,Commerzbank AG,Work: martin.preissler@gmx.net,martin.preissler@gmx.net,
,Axel,Gerling,Commerzbank AG,Work: axel.gerling@commerzbank.com,axel.gerling@commerzbank.com,
,Daniel,Bauchet,Commerzbank AG,Work: daniel@bauchet.de,daniel@bauchet.de,
,Eugenia Ida,Molnar,Commerzbank AG,Work: Eugenia.Molnar@commerzbank.com,Eugenia.Molnar@commerzbank.com,
,Christian,Kratz,Commerzbank AG,Work: christian.kratz@commerzbank.com,christian.kratz@commerzbank.com,
,Till,Hartenstein,Commerzbank AG,Work: till.hartenstein@commerzbank.com,till.hartenstein@commerzbank.com,
,Frank,Henning,Commerzbank AG,Work: frank.henning@commerzbank.com,frank.henning@commerzbank.com,
,Thomas,Lingemann,Commerzbank AG,Work: thomas.lingemann@dkib.com,thomas.lingemann@dkib.com,
,Michael F.,Spitz,Commerzbank AG,Work: michael@spitz.com,michael@spitz.com,
,Torsten,MŮller,Commerzbank AG,Work: Torsten.Mueller@commerzbank.com,Torsten.Mueller@commerzbank.com,
,Kevin,"Rettberg, CFA",Commerzbank AG,Work: kevrettberg@gmail.com,kevrettberg@gmail.com,
,Marco,Stoeckle,Commerzbank AG,Work: marco.stoeckle@gmail.com,marco.stoeckle@gmail.com,
,Marcus,Schanne,Commerzbank AG,Work: marcus.schanne@dkib.com,marcus.schanne@dkib.com,
,Stephan,Schimberg,Commerzbank AG,Work: Stephan.Schimberg@commerzbank.com,Stephan.Schimberg@commerzbank.com,
,Thomas,Deppe,Commerzbank AG,Work: thomas.deppe@commerzbank.com,thomas.deppe@commerzbank.com,
,Michael,Goetzen,Commerzbank AG,Work: michael.goetzen@commerzbank.com,michael.goetzen@commerzbank.com,
,Mike,Kapoor,Commerzbank AG,Work: mike.kapoor@commerzbank.com,mike.kapoor@commerzbank.com,
,Michael,Abraham,Concerto Financial Solutions,Work: m.abraham@concerto-fs.com,m.abraham@concerto-fs.com,
,Christian,Schedling,Concerto Financial Solutions,Work: christian.schedling@concerto-fs.com,christian.schedling@concerto-fs.com,
,John,de Vos,Connect To Voip BV,Work: johndevos@connecttovoip.nl,johndevos@connecttovoip.nl,
,Nima,Ahmadzadeh,Conseil national des finances publiques,Work: nima.ahmadzadeh@gmail.com,nima.ahmadzadeh@gmail.com,
,Klaus,Bšhner,Consultant EAM - Lean EAM,Work: k.boehner@boeconsult.de,k.boehner@boeconsult.de,
,Alexander,Goerisch,Credit Agricole CIB,Work: alexander.goerisch@me.com,alexander.goerisch@me.com,
,Christian,Haller,Credit Agricole CIB,Work: haller.christian@web.de,haller.christian@web.de,
,David,Rummel,David Rummel,Work: linkedin@rummels.de,linkedin@rummels.de,
,Davor,Basic,db IT Consulting Davor Basic,Work: Davor.Basic@dbitc.de,Davor.Basic@dbitc.de,
,Martijn,Brand,De e-commerce gids,Work: martijn@evoworks.nl,martijn@evoworks.nl,
,Martin,Becker,DekaBank,Work: martin.a_becker@arcor.de,martin.a_becker@arcor.de,
,Michael,Cyrus,Deka Investment,Work: michael.cyrus@deka.de,michael.cyrus@deka.de,
,Tim,Bangemann,Deka Investment,Work: tim.bangemann@gmail.com,tim.bangemann@gmail.com,
,Christian,Sattler,Deloitte,Work: csattler@deloitte.de,csattler@deloitte.de,
,Tarek,Mohamed,Deloitte Digital,Work: tarek@mohamed.de,tarek@mohamed.de,
,Michael,Grampp,Deloitte Switzerland,Work: mgrampp@deloitte.ch,mgrampp@deloitte.ch,
,Alexander,Brandmeier,Deutsche Bahn AG - DB Fernverkehr AG,Work: alexander.brandmeier@web.de,alexander.brandmeier@web.de,
,Julius,Seiffert,Deutsche Bank AG,Work: Julius.Seiffert@db.com,Julius.Seiffert@db.com,
,Ingo,Ramming,Deutsche Boerse AG,Work: ingoramming@yahoo.com,ingoramming@yahoo.com,
,Stefan,Engels,Deutsche Boerse AG,Work: stefan.engels@eurexchange.com,stefan.engels@eurexchange.com,
,Paul,Beck,Deutsche Boerse AG,Work: paul.beck@eurexchange.com,paul.beck@eurexchange.com,
,Vassily,Pascalis,Deutsche Boerse AG,Work: vpascalis@yahoo.com,vpascalis@yahoo.com,
,Matthias,Graulich,Deutsche Boerse AG,Work: matthias.graulich@eurexclearing.com,matthias.graulich@eurexclearing.com,
,Thomas,Mosch,Deutsche Messe AG,Work: thomas.mosch@messe.de,thomas.mosch@messe.de,
,AndrŽ,Wittenburg,Deutsche Post DHL Group,Work: andre.wittenburg@mytum.de,andre.wittenburg@mytum.de,
,Robert,Katona,Deutsche Telekom AG,Work: rkatona@telekom.de,rkatona@telekom.de,
,Dirk,Poppelbuss,Deutsche Telekom AG,Work: dpoppelbuss@telekom.de,dpoppelbuss@telekom.de,
,Bianca,Koenig,Deutsche Telekom AG,Work: bianca.koenig@telekom.de,bianca.koenig@telekom.de,
,Jens,Kannler,Deutsche Telekom AG,Work: jens.kannler@telekom.de,jens.kannler@telekom.de,
,Susan,Wegner,Deutsche Telekom AG,wegners@telekom.de: wegners@telekom.de,wegners@telekom.de,
,Victoria,Craig de Flores,Deutsche Telekom AG,victoria.craig.de.flores@telekom.de: victoria.craig.de.flores@telekom.de,victoria.craig.de.flores@telekom.de,
,Michael,Kollig,Deutsche Telekom AG,michael.kollig@googlemail.com: michael.kollig@googlemail.com,michael.kollig@googlemail.com,
,Friedbert,Meurer,Deutschlandradio,Work: Friedbert.Meurer@dradio.de,Friedbert.Meurer@dradio.de,
,Kai,Dexheimer,DEXCON Consulting GmbH,Work: kai@dexheimer.de,kai@dexheimer.de,
,Harald,Patt,Die AKTIONŰRSBANK Kulmbach GmbH,Work: harald.patt@gmx.net,harald.patt@gmx.net,
,Michael,Baas,DLS Software & Beratung GmbH,Work: michael@mbaas.de,michael@mbaas.de,
,Thomas,Malleschitz,Drei (H3G) Austria,Work: thomas.malleschitz@drei.com,thomas.malleschitz@drei.com,
,Claudia,Tomisek,Drei (H3G) Austria,Work: claudia.tomisek@drei.com,claudia.tomisek@drei.com,
,Gerhard,GrŮnthaler,Dresdner Bank,Work: gerhard.gruenthaler@t-online.de,gerhard.gruenthaler@t-online.de,
,Jannick,Lilienthal,Dresdner Kleinwort,Work: Jannick.Lilienthal@dkib.com,Jannick.Lilienthal@dkib.com,
,Michael,Rosenfeld,Dr. Rosenfeld Consulting,Work: michael.rosenfeld@rosenfeld-consulting.ch,michael.rosenfeld@rosenfeld-consulting.ch,
,Richard,Jansen,DSV - Global Transport and Logistics,Work: ahpdijk@xs4all.nl,ahpdijk@xs4all.nl,
,Meik,Lessig,DUFOUR Yachts North Europe GmbH,Work: meik.lessig@t-online.de,meik.lessig@t-online.de,
,Toine,Aarts ? 0621674851,Dutch Trading Services BV (CVI.world),Work: info@connectbn.nl,info@connectbn.nl,
,Christian R.,G_rtner,DZ BANK AG,Work: christian.r.gaertner@gmail.com,christian.r.gaertner@gmail.com,
,Wolfgang,Gehrer,EasyEmplo,Work: mail@wolfganggehrer.de,mail@wolfganggehrer.de,
,Frederic,Dacqmine,Effective Executive Coaching,Work: info@effectivecoaching.de,info@effectivecoaching.de,
,Daniel,Gerber,EFG Private Bank,Work: miscellaneous@thegerbers.ch,miscellaneous@thegerbers.ch,
,Tiziano,Di Valerio [L.I.O.N.],"Elliott Group, Ebara Corp",Work: diva@bluewin.ch,diva@bluewin.ch,
,Matthias,Moritz,EL ME - Elena Ley Music Entertainment,Work: max@maxmojomoritz.de,max@maxmojomoritz.de,
,Fred,"Hermans, MBA [LION]",Endeavour Consultancy Ltd,Work: fred.hermans@xs4all.nl,fred.hermans@xs4all.nl,
,Dr. Till,Stenzel,E.ON,Work: till_s@yahoo.com,till_s@yahoo.com,
,Michael,Schiffarth,E.ON Business Services,Work: schiffarth@yahoo.de,schiffarth@yahoo.de,
,Sylvia,Neubauer,E-Plus,Work: sylvia.neubauer@eplus-gruppe.de,sylvia.neubauer@eplus-gruppe.de,
,Thomas,Fiedler,ERGO Group AG,Work: trf17@gmx.de,trf17@gmx.de,
,Franz,Thiel,Ernst & Young GmbH WirtschaftsprŸfungsgesellschaft,Work: franz@fthiel.de,franz@fthiel.de,
,Frank,Geisler,ERPsourcing AG,Work: frank.geisler@erpsourcing.ch,frank.geisler@erpsourcing.ch,
,Michael,Schmotz,Erste Group Bank AG,Work: schmotz@web.de,schmotz@web.de,
,Ralf,Huesmann,Eurex Clearing AG,Work: ralf.huesmann@eurexchange.com,ralf.huesmann@eurexchange.com,
,Gottfried,Schmaltz,Eurex Clearing AG,Work: gottfried.schmaltz@deutsche-boerse.com,gottfried.schmaltz@deutsche-boerse.com,
,Tobias,"Ehinger, CAIA",Eurex Clearing AG,Work: t.ehinger@gmail.com,t.ehinger@gmail.com,
,Kay,Schaefer,Eurex Clearing AG,Work: Kay.Schaefer@eurexchange.com,Kay.Schaefer@eurexchange.com,
,Peter,Sack,Eurex Clearing AG,Work: Peter.Sack@eurexclearing.com,Peter.Sack@eurexclearing.com,
,Heike,Eckert,Eurex Clearing AG,Work: HeikeEckert@outlook.com,HeikeEckert@outlook.com,
,Axel,Vischer,Eurex Clearing AG,Work: axel.vischer@gmail.com,axel.vischer@gmail.com,
,Rex,Jones,Eurex Clearing AG,Work: rex.jones@eurexchange.com,rex.jones@eurexchange.com,
,Roland,Schwinn,Eurex Clearing Asia Ltd. (Deutsche Borse Group),Work: roland.schwinn@mac.com,roland.schwinn@mac.com,
,Christoph,Kraus,EUREX Frankfurt AG,Work: Christoph.Kraus@eurexchange.com,Christoph.Kraus@eurexchange.com,
,Bernd,Mack,EUREX Frankfurt AG,Work: bernd.mack@deutsche-boerse.com,bernd.mack@deutsche-boerse.com,
,Marcel,Naas,Eurex Zurich AG,Work: marcel.naas@eurexrepo.com,marcel.naas@eurexrepo.com,
,Markus-A.,Flesch,Eurex Zurich AG,Work: Markus-Alexander.Flesch@eurexchange.com,Markus-Alexander.Flesch@eurexchange.com,
,G_sta,Feige,Euroclear,Work: gosta.feige@gmail.com,gosta.feige@gmail.com,
,Dr. Randolf,Roth,European Energy Exchange AG,Work: randolf.roth@eurexchange.com,randolf.roth@eurexchange.com,
,Dr Herman,Rapp,European Operations Management Association,Work: hprapp@web.de,hprapp@web.de,
,Claus,Schuster,european private placement facility (eppf) S.A.,Work: claus.schuster@web.de,claus.schuster@web.de,
,Peter,HessbrŸggen,evoltas GmbH,Work: ph@evoltas.de,ph@evoltas.de,
,Marcus,Merkel,EWE NETZ GmbH,Work: marcus.merkel@ewe-netz.de,marcus.merkel@ewe-netz.de,
,Harald,Hecking,ewi Energy Research & Scenarios gGmbH,Work: harald.hecking@gmail.com,harald.hecking@gmail.com,
,Robert,Bopp,EY,Work: Robert.Bopp@de.ey.com,Robert.Bopp@de.ey.com,Work: 004916093913812
,Stefan,Hartl,Felus Pflege GmbH,Work: stefan_hartl@gmx.net,stefan_hartl@gmx.net,
,Verena,Kempe,Feri Trust,Work: verenakempe@hotmail.co.uk,verenakempe@hotmail.co.uk,
,Rainer,Riess,FESE - Federation of European Securites Exchanges,Work: mail@rainer-riess.com,mail@rainer-riess.com,
,Christian,Zich,FH Deggendorf,Work: xili@ppmt.de,xili@ppmt.de,
,Sylvain,Quillet,Fiduciaire indŽpendant,Work: sylvain.quillet@bluewin.ch,sylvain.quillet@bluewin.ch,
,Gerald,Rink,FIL Fondsbank GmbH,Work: Gerald.Rink@fid-intl.com,Gerald.Rink@fid-intl.com,
,Ralf,Dreyer,FIMAS Financial Market Solutions,Work: RalfDreyer@gmx.de,RalfDreyer@gmx.de,
,Karsten,Sommer,FIMAS GmbH,Work: Karsten.sommer@fimas-consulting.com,Karsten.sommer@fimas-consulting.com,
,Markus,Quick,Fintegral,Work: markus.quick@pco-ag.de,markus.quick@pco-ag.de,
,Andreas,Peter,Fintegral Deutschland AG,Work: andreas.peter@pco-ag.de,andreas.peter@pco-ag.de,
,Marc,Daferner,Fintegral Deutschland AG,Work: marc.daferner@pco-ag.de,marc.daferner@pco-ag.de,
,Christof,Born,Fintegral Deutschland AG (ehemals Dr. Peter & Company AG),Work: christof.born@pco-ag.de,christof.born@pco-ag.de,
,Torsten,Kinzelt,Fintricity,Work: torsten@databaar.ch,torsten@databaar.ch,
,Tobias,Sproehnle,Fintricity,Work: tobias@sproehnle.de,tobias@sproehnle.de,
,Ulrich,Fiolka,Fiolka-Impex-GmbH,Work: mophisto@hotmail.com,mophisto@hotmail.com,
,Stefan,Misterek,FIS,Work: smisterek@gmail.com,smisterek@gmail.com,
,Elfrieke,van Galen,Foundation Natural Leadership,Work: elfriekevangalen@online.nl,elfriekevangalen@online.nl,
,Markus,Bechler,Freelance,Work: MBechler@gmx.de,MBechler@gmx.de,Work: 072466107
,Michael,Schnellbuegel [LION],Freelance Consultant,Work: mischnellbgl@gmx.de,mischnellbgl@gmx.de,
,Johannes,"Wagner, CFA",GAM,Work: Johannes.Wagner@gmx.ch,Johannes.Wagner@gmx.ch,
,Dr. Sven,David,German Armed Forces,Work: dr.sven-david@gmx.de,dr.sven-david@gmx.de,
,Michael,Prange,German Water Partnership e.V.,Work: prange@germanwaterpartnership.de,prange@germanwaterpartnership.de,
,Matthias,Krauss,GfK NOP,Work: matthiaskrauss.uk@gmail.com,matthiaskrauss.uk@gmail.com,
,Ulrich,Jaerkel,Gizmo Management GmbH,Work: ulrich.jaerkel@gizmo-management.com,ulrich.jaerkel@gizmo-management.com,
,Thomas,Veit,Goldman Sachs,Work: thomashermann.veit@gmail.com,thomashermann.veit@gmail.com,
,Ralfdieter,FŸller,GWAdriga GmbH & Co. KG,Work: r-fueller@gmx.de,r-fueller@gmx.de,
,Peter,Fiechter,Haywood search & selection,Work: fiechter@haywood.nl,fiechter@haywood.nl,
,Nadine,Jones,Heads! Executive Consultancy,Work: nmessmer76@yahoo.de,nmessmer76@yahoo.de,
,Matthias,Hussl,Hussl Media,Work: matthias.hussl@parx.de,matthias.hussl@parx.de,
,Dietmar,Breyer,Hype Innovation,Work: dietmar.breyer@t-online.de,dietmar.breyer@t-online.de,
,Fabian,Schlederer,HypoVereinsbank - UniCredit Bank AG,Work: fabian.schlederer@unicredit.de,fabian.schlederer@unicredit.de,
,Jochen,Freund,IBM,Work: freund.jochen@t-online.de,freund.jochen@t-online.de,
,Joost,Oorthuizen,IDH The Sustainable Trade Initiative,Work: joorthuizen@planet.nl,joorthuizen@planet.nl,
,Frank,Knobloch,ID Logistics Germany,Work: knobloch.frank@t-online.de,knobloch.frank@t-online.de,
,Maren,Lammerding,iexergy gmbh,Work: MarenLammerding@gmx.de,MarenLammerding@gmx.de,
,Muthana H,Kubba,IMCZ,Work: kubba@trasco.ch,kubba@trasco.ch,
,Florian,Matthes,InfoAsset AG,,,
,Christian,Schulz,ING Wholesale Banking,Work: schulz_christian@gmx.net,schulz_christian@gmx.net,
,Tim,van Amstel,innogy SE,Work: tvamstel@gmail.com,tvamstel@gmail.com,
,Martin,Delaney,Innovation Value Institute,Work: martin.delaney@nuim.ie,martin.delaney@nuim.ie,
,Brian,Mulder,Insidestat,Work: brian@insidestat.nl,brian@insidestat.nl,
,Prof. Bernard,Attas,Institut Suisse de Brainworking,Work: bernard.attas@bluewin.ch,bernard.attas@bluewin.ch,
,Andre,Lichner,Interhyp,Work: Andre.Lichner@interhyp.de,Andre.Lichner@interhyp.de,
,Roland,Schopp,Intetics,Work: Roland.Schopp@ard-tech.de,Roland.Schopp@ard-tech.de,
,Stefan,Zerbe,ITM Beratungsgesellschaft mbH,Work: zerbe@itm-consulting.de,zerbe@itm-consulting.de,
,Jan-Arwed,Richter,JACDEC GbR,Work: jrichter@jacdec.de,jrichter@jacdec.de,
,Florian,Feiler,JUVARO GmbH,Work: florian.feiler@interone.de,florian.feiler@interone.de,
,Werner,Keller,Keller Unternehmensberatung AG,Work: keller@keller-beratung.ch,keller@keller-beratung.ch,
,Tim Jakob,Chen-Voos,Klopotek,Work: jaktrip@gmx.de,jaktrip@gmx.de,
,Gerrit,Kalshoven,KMC,Work: g.kalshoven@hccnet.nl,g.kalshoven@hccnet.nl,
,Jikke,Blanken-Biermasz,Kneppelhout & Korthals Advocaten,Work: jbi@kneppelhout.nl,jbi@kneppelhout.nl,
,Mariusz,Jodko,kobaltblau Management Consultants GmbH,Work: mjodko@web.de,mjodko@web.de,
,Ulrich,von Zanthier,KPMG AG WirtschaftsprŮfungsgesellschaft,Work: ulrich.zanthier@web.de,ulrich.zanthier@web.de,
,Gunter,Glitsch,"Krebs+Kiefer GmbH, Berlin",Work: glitsch-sorg@web.de,glitsch-sorg@web.de,
,Andreas,Antwerpen,Kšnig-Karlmann-Gymnasium Altštting,Work: andreas.antwerpen@gmx.de,andreas.antwerpen@gmx.de,
,Judith,Quick,LAUFMAMALAUF Frankfurt,Work: j.quick@quick-kommunikation.de,j.quick@quick-kommunikation.de,
,Lard,Hermse,LeasePlan Nederland,Work: lard.hermse@home.nl,lard.hermse@home.nl,
,Henning,Lutz,LebensWerkstatt,Work: henning.lutz@bridging-it.de,henning.lutz@bridging-it.de,
,Christian,Schindler,LSG Group,Work: christian.schindler@dlh.de,christian.schindler@dlh.de,
,Sebastian,Schu,Lyxor Asset Management,Work: sebastian.schu@live.com,sebastian.schu@live.com,
,Guido,Barthels,MainFirst Group,Work: gbarthels@gmail.com,gbarthels@gmail.com,
,Christian,Hoppe,Main Incubator GmbH,Work: hoppe@main-incubator.com,hoppe@main-incubator.com,
,Corneliu,Bilbie,Management Software Consulting,Work: corneliu@bpmwave.ch,corneliu@bpmwave.ch,
,Joerg,Hoerster,Maravon,Work: jhoerster@maravon.com,jhoerster@maravon.com,
,Marieke,Hensel,MariekeHensel.com,Work: marieke@hensel.nl,marieke@hensel.nl,
,Christoph,Stuebbe,Markit,Work: christoph.stuebbe@markit.com,christoph.stuebbe@markit.com,
,Manuel,LŃpez,Marsh,Work: manuel-lopez@web.de,manuel-lopez@web.de,
,Joachim,Kuschel,MBA-Association of Germany,Work: joachim@kuschel-web.de,joachim@kuschel-web.de,
,Dr. Jannis,Vitzthum,McKinsey & Company,Work: jan@vitzthums.de,jan@vitzthums.de,
,Matt,Zemlin,Mediflow,Work: matt.zemlin@mediflow-deutschland.de,matt.zemlin@mediflow-deutschland.de,
,Stefan,Kratzer,Merck Group,Work: stefan@mueller-kratzer.de,stefan@mueller-kratzer.de,
,Henk,Rippen,MetaRatio GmbH,Work: henk.rippen@online.de,henk.rippen@online.de,
,Michael,Pfaff,Michael Pfaff Consult,Work: michael@pfafffamily.eu,michael@pfafffamily.eu,
,Michael Richter,International marketing/sales consultant,Michael Richter - International marketing consultant,Work: michael.richter@marketing-und-vertrieb-international.de,michael.richter@marketing-und-vertrieb-international.de,
,J_rg,Morio,Morio Consulting,Work: joerg.morio@morioconsulting.de,joerg.morio@morioconsulting.de,
,David,Mark,MSCI Inc.,,,
,Robert,Pottmann,Munich Ergo AssetManagement GmbH,Work: rpottmann@meag.com,rpottmann@meag.com,
,Arno,Bongers,Munich Re,Work: arno.bongers@gmx.net,arno.bongers@gmx.net,
,Achim,Dosch,Munich Re (Group),Work: adosch@munichre.com,adosch@munichre.com,
,Tobias,Grimm,Munich Re (Group),Work: TGrimm@munichre.com,TGrimm@munichre.com,
,Ernst,Rauch,Munich Re (Group),Work: erauch@munichre.com,erauch@munichre.com,
,Franz,Vogt,Munich Re (Group),Work: franzvogt@gmx.de,franzvogt@gmx.de,
,Jane,Reinecke,My Wealth Cloud Ltd,Work: janereinecke@web.de,janereinecke@web.de,
,Klaus,Zimmermann,Nalu Capital S.A.,Work: klaus.zimmermann@nalucapital.com,klaus.zimmermann@nalucapital.com,
,Nico,Visser,Nedcargo Logistics,Work: linkedin@nicovisser.nl,linkedin@nicovisser.nl,
,Sandra,Ebinger,NetAcad GmbH,Work: s.ebinger@net-acad.de,s.ebinger@net-acad.de,
,Volker,Nonnenmann,Nonnenmann Inc.,Work: volker.nonnenmann@nonnenmann-gmbh.de,volker.nonnenmann@nonnenmann-gmbh.de,
,Charles,"DeElena II MBA, MHA",North Sound Mental Health Administration,Work: charles.deelena@gmail.com,charles.deelena@gmail.com,
,Boris,Breddermann,Novartis Corporate,Work: boris.breddermann@gmx.ch,boris.breddermann@gmx.ch,
,Ailert,Riemersma,Novim Media,Work: ailert@live.nl,ailert@live.nl,
,Elisabeth,Rettl,Orange Austria,Work: elisabeth.rettl@orange.co.at,elisabeth.rettl@orange.co.at,
,Stefan,Riedel,Orange Switzerland,Work: stefan.riedel@orange.ch,stefan.riedel@orange.ch,
,Artur,Hasselbach,orderbird AG,Work: artur@orderbird.com,artur@orderbird.com,Work: 01707755658
,Paul,van Os,OX Consultancy,Work: paul@oxconsultancy.nl,paul@oxconsultancy.nl,
,Paul H.,Diebold,Paul Diebold Value Engineering,Work: pauldiebold@bluewin.ch,pauldiebold@bluewin.ch,
,Gregor,Gruber,PCS Prime Collateralised Securities Europe asbl,Work: GregorGruber@hotmail.com,GregorGruber@hotmail.com,
,Olivier,Parchet,PebbleAge,Work: parchet@pebbleage.ch,parchet@pebbleage.ch,
,Peter,Aschenbrenner,Planview,Work: peter@aschenbrenners.de,peter@aschenbrenners.de,
,Johan,Boonstra,Politie Nederland,Work: johan.boonstra@politie.nl,johan.boonstra@politie.nl,
,Tobias,Paulun,Powernext,Work: mail@tobiaspaulun.de,mail@tobiaspaulun.de,
,Steffen,Koehler,Powernext SA,Work: koehler-steffen@web.de,koehler-steffen@web.de,
,Peter,Koepke,PrivatAir,Work: peter.koepke@email.de,peter.koepke@email.de,
,Joachim,Prokosch,ProSol Consulting,Work: joachim.prokosch@prosol.de,joachim.prokosch@prosol.de,
,Carsten,Radmacher,PwC,Work: c.radi@web.de,c.radi@web.de,
,Eric,Stettiner,PwC Consulting,Work: eric.stettiner@web.de,eric.stettiner@web.de,
,Matthias,Laue,P_yry Management Consulting,Work: matthias_laue@hotmail.com,matthias_laue@hotmail.com,
,Stefan,Hartmann,Quant Consult Limited,Work: stefan.k.hartmann@web.de,stefan.k.hartmann@web.de,
,Gerhard,Mueller,QuintilesIMS,Work: gmueller@de.imshealth.com,gmueller@de.imshealth.com,
,Michael,Wellenbeck,Qyte,Work: Michael.Wellenbeck@gmx.de,Michael.Wellenbeck@gmx.de,
,Phoebe,Bostan-Engel,redblue Marketing GmbH,Work: phoebe.engel@gmx.de,phoebe.engel@gmx.de,
,Gideon,Wieland,retired,Work: g.wieland549@upcmail.nl,g.wieland549@upcmail.nl,
,Reinhold,Hafner,risklab,Work: Reinhold.Hafner@risklab.de,Reinhold.Hafner@risklab.de,
,Thomas,"Obitz, FRM",RiskTransform,Work: info@obitz.de,info@obitz.de,
,Richard,Zijlstra,RiZi Solutions,Work: rizi@online.nl,rizi@online.nl,
,Adam,Knade,Rockit Ranch Productions,Work: ad@mkna.de,ad@mkna.de,
,Thomas,Varain,Roever Broenner Susat Mazars GmbH & Co. KG,Work: thomas.varain@mazars.de,thomas.varain@mazars.de,
,ROSS,WATSON,Rudolph Logistik Gruppe,Work: rosswatson@hotmail.de,rosswatson@hotmail.de,
,Marc,Michallet,R+V Versicherung,Work: mmichallet@gmail.com,mmichallet@gmail.com,
,Carsten,Stoecker,"RWE AG, RWE Consulting, RWE IT GmbH",Work: carsten.stoecker@cstoecker.com,carsten.stoecker@cstoecker.com,
,Joost,Eisink,SailSafe,Work: linkedin@live.nl,linkedin@live.nl,
,Franz,Berger,salesforce.com,Work: franzberger@t-online.de,franzberger@t-online.de,
,Sarah,Morgan,sarah morgan visual thinking,Work: sarah.morgan@t-online.de,sarah.morgan@t-online.de,
,Martin,Schoenhofer,Sch_nhofer Sales & Engineering GmbH,Work: schoenhofer@t-online.de,schoenhofer@t-online.de,
,Alexei,Makartsev,SchwŠbische Zeitung,Work: a.makartsev@web.de,a.makartsev@web.de,
,Thorsten,Goettel,SEB,Work: thorsten@goettel-online.de,thorsten@goettel-online.de,
,Bostjan,Praprotnik,Seerene,Work: Bostjan.Praprotnik@t-online.de,Bostjan.Praprotnik@t-online.de,
,Ruedi,Seiler,Seiler Engineering Nova GmbH,Work: ruedi_seiler@bluewin.ch,ruedi_seiler@bluewin.ch,
,Martin,MŸller,Service Management Partners,Work: martin.mueller@smpartners.ch,martin.mueller@smpartners.ch,
,Dominik,Michel,ServiceNow - The Enterprise IT Cloud Company,Work: dominik0811@yahoo.de,dominik0811@yahoo.de,
,Michael,Kresse,SERVIEW,Work: michael.kresse@serview.de,michael.kresse@serview.de,
,Robert,Wende,SEViX GmbH,Work: mail@wendepunktberatung.de,mail@wendepunktberatung.de,
,Ruud,Nijs,SID - Society for International Development Dutch Chapter,Work: ruud.nijs@xs4all.nl,ruud.nijs@xs4all.nl,
,Thorsten,K_stel,Siemens AG,Work: goise.tk@web.de,goise.tk@web.de,
,Matthias,Funke,Silicon Valley Data Science,Work: Matthias.Funke@gmxpro.de,Matthias.Funke@gmxpro.de,
,Christian,Fritz,Silva Innenarchitekten,Work: christian.fritz@gmx.de,christian.fritz@gmx.de,
,Paula,Ziehr,Software AG,Work: paulaziehr@web.de,paulaziehr@web.de,
,Isabella Freiherrin,von Ohoven,Sonderbotschafterin der Bundesregierung,Work: isabella.ohoven@outlook.de,isabella.ohoven@outlook.de,
,Michael,Stadelmann,sonnen GmbH,Work: m.stadelmann@sonnenbatterie.de,m.stadelmann@sonnenbatterie.de,
,Peter,van Loon,SO Soest,Work: LinkedIn@pbpvanloon.nl,LinkedIn@pbpvanloon.nl,
,Cornelia,Daig-Kastura,SPD Bayern,Work: Cornelia.Daig-Kastura@spd.de,Cornelia.Daig-Kastura@spd.de,
,Thomas,Baier,SPM SUCCESS,Work: thomas.baier@spm-success.de,thomas.baier@spm-success.de,
,Daniel,Gisler,Stockpulse GmbH,Work: daniel.gisler@gmail.com,daniel.gisler@gmail.com,
,Tina,Faedtke,Sulzer GmbH,Work: tina.faedtke@gmx.de,tina.faedtke@gmx.de,
,Urs,Kern,SWIFT,Work: upkern61@web.de,upkern61@web.de,
,Erwan,Bigan,Swisscom,Work: erwan.bigan@swisscom.com,erwan.bigan@swisscom.com,
,Herve,Peitrequin,Swisscom,hervepeitrequin@gmail.com: hervepeitrequin@gmail.com,hervepeitrequin@gmail.com,
,Elvermann,Rainer,swissn software & services gmbh,Work: rainer.elvermann@swissn.ch,rainer.elvermann@swissn.ch,
,Rainer,Elvermann,swissn software & services gmbh,Work: rainer.elvermann@t-online.de,rainer.elvermann@t-online.de,
,Frank,Trefzer,Tealium,Work: tf020277@gmx.de,tf020277@gmx.de,
,Oliver,Rockstein,Tele 2 Germany,Work: oliver.rockstein@tele2.com,oliver.rockstein@tele2.com,
,Antonella,Battaglini,TheCompensators*,Work: antonella@pik-potsdam.de,antonella@pik-potsdam.de,
,Sophia,"Desroches, MBA",The EstŽe Lauder Companies Inc.,Work: s.desroc@gmail.com,s.desroc@gmail.com,
,Cordelia,Makartsev,THE GERMAN EDITOR,Work: c.makartsev@web.de,c.makartsev@web.de,
,Dr. Thomas,Hillig,THEnergy - Dr. Thomas Hillig Energy Consulting,Work: thomas.hillig@gmx.net,thomas.hillig@gmx.net,
,Henk,Rijkse,ThunderCloudCompany,Work: h.k.rijkse@home.nl,h.k.rijkse@home.nl,
,Eckard,Ritter,Tourismuswerbung Dr. Ritter - Social Tourism Marketing,Work: e.ritter@ipartnership.de,e.ritter@ipartnership.de,
,Michael,Roczinski,TPoC Advisory,Work: mroczinski@gmx.de,mroczinski@gmx.de,
,*Herman,Otten,Train je Team,Work: info@trainjeteam.nl,info@trainjeteam.nl,
,Sebastian,Meyer,Trayport,Work: Sebastian.Meyer@enwisa.de,Sebastian.Meyer@enwisa.de,
,Anselm,Lippisch,Troux Technologies,Work: anselm.lippisch@t-online.de,anselm.lippisch@t-online.de,
,Dr. Christian,Schmitt,TrustBills,Work: dr.christian.schmitt@web.de,dr.christian.schmitt@web.de,
,Peter,Richters,UBP Asset Management,Work: peter.richters@yahoo.de,peter.richters@yahoo.de,
,Manuel,Roller,UBS Limited,Work: manuel.roller@gmx.de,manuel.roller@gmx.de,
,Daniel,Koller,UBS Limited,Work: Daniel.Koller@allianzgi.com,Daniel.Koller@allianzgi.com,
,Alexander,Ernst,UBS Limited,Work: mail@alex-ernst.de,mail@alex-ernst.de,
,Roland,Blomer,"UMIT - Private UniversitŠt fŸr Gesundheitswissenschaften, Medizinische Informatik und Technik",Work: roland@blomer.de,roland@blomer.de,
,Oliver,WŮst,UniCredit,Work: oliver.wuest@unicredit.de,oliver.wuest@unicredit.de,
,Oliver,Neff,United Nations International Computing Centre,Work: mail@Oliver-Neff.de,mail@Oliver-Neff.de,
,Uli&Robert,Obermaier,UniversitŠt Freiburg,Work: robert.obermaier@web.de,robert.obermaier@web.de,
,Matthias,"Wi§otzki, PhD",UniversitŠt Rostock,Work: wissotzki@e-performance.de,wissotzki@e-performance.de,
,Peter,Gomber,University of Frankfurt,Work: gomber@wiwi.uni-frankfurt.de,gomber@wiwi.uni-frankfurt.de,
,Armin,"Heinzl, Prof. Dr.",University of Mannheim,Work: heinzl@uni-mannheim.de,heinzl@uni-mannheim.de,
,Tobi,Kellner,UWC Robert Bosch College,Work: tobi_kellner@yahoo.com,tobi_kellner@yahoo.com,
,Rainer,Lelewel,"various, international",Work: rainer.lelewel@trilink.ch,rainer.lelewel@trilink.ch,
,Raymond,Schrama,"Various start-ups, small and medium sized companies and listed worlwide companies",Work: mkb@demkbfabriek.nl,mkb@demkbfabriek.nl,
,Uwe,Velten,VELTEN Communications,Work: u.velten@gmx.de,u.velten@gmx.de,
,Dr. Jonas J.,Danzeisen,Venios GmbH,Work: jonasdanzeisen@web.de,jonasdanzeisen@web.de,
,Michael,Pilz,Versicherungskammer Bayern,Work: mail@michaelpilz.com,mail@michaelpilz.com,
,Benedikt,Laudage,VHV Holding AG,Work: benedikt.laudage@insead.edu,benedikt.laudage@insead.edu,
,Geke,Rosier,Vita.io,Work: geke.rosier@rightbrains.nl,geke.rosier@rightbrains.nl,
,Pieter,"Taffijn, Open Networker (6000+)",VOF De Alfabetboeken,Work: pietertaffijn@kpnmail.nl,pietertaffijn@kpnmail.nl,
,Dennis,De Vico,"Volunteer, SEO",Work: dennis.devico@yahoo.com,dennis.devico@yahoo.com,
,Andrea,Waterman < andrea@watermanpartners.nl >,Waterman & Partners Executive Search,Work: andrea@watermanpartners.nl,andrea@watermanpartners.nl,
,Marcel,Minaifar,Westcon Group Germany GmbH - formerly known as Intact,Work: minaifar@arcor.de,minaifar@arcor.de,
,Virginia Belli,(LION),Westhouse Group,Work: v.belli@westhouse.ch,v.belli@westhouse.ch,
,Kay,Maier,Wincor Nixdorf,Work: kay.maier@outlook.com,kay.maier@outlook.com,
,Tathagat,Dey,Wipro,Work: tathagat.dey@gmail.com,tathagat.dey@gmail.com,
,Angela,Dr. Lang-Thiel,Worldkonnekt | German Language Recruitment,Work: angela.lang-thiel@mipec.com,angela.lang-thiel@mipec.com,
,Armin,Beerwart,W&W Asset Management GmbH,Work: armin.beerwart@gmx.de,armin.beerwart@gmx.de,
,Jens,Doering,x-markets consulting,Work: jens.doering@x-markets.de,jens.doering@x-markets.de,
,Robert,Orth,x-markets consulting,Work: robert.orth@x-markets.de,robert.orth@x-markets.de,
,Rainer,Weissenberger,YAVEON AG,Work: Rainer.Weissenberger@t-online.de,Rainer.Weissenberger@t-online.de,
,Yann,Blumer,"ZHAW School of Management and Law, Center for Innovation and Enterpreneurship",Work: yann.blumer@zhaw.ch,yann.blumer@zhaw.ch,
,Achim (Allianz SE),Wiechert,,Work: achim.wiechert@allianz.com,achim.wiechert@allianz.com,
,Florian,Friske,,Work: florian@ff-advisors.de,florian@ff-advisors.de,
,Oliver,Karpf,,Work: oliver.karpf@t-online.de,oliver.karpf@t-online.de,
,Sebastian,Alscher,,Work: sebastian.alscher@gmail.com,sebastian.alscher@gmail.com,
,Kai,Silbach,,Work: ksilbach@unterlinden-apotheke.de,ksilbach@unterlinden-apotheke.de,
,Marco,Ebel,,Work: marco.ebel@gmx.de,marco.ebel@gmx.de,
,niki,altun,,Work: altunnecla@hotmail.de,altunnecla@hotmail.de,
,roland,spiehl,,Work: rs@evoltas.de,rs@evoltas.de,
,Norbert,Englert,,Work: nenglert@gmx.de,nenglert@gmx.de,
