PHOTO URL,FIRST NAME,LAST NAME,ORGANIZATION,EMAIL,EMAIL (PLAIN),PHONE
,Abbas,Ismail,,None: abbas.h.ismail@gmail.com,abbas.h.ismail@gmail.com,
,Adrian,Daniel,,"None: aj.daniel@btinternet.com
None: adrian.daniel@dunnhumby.com","aj.daniel@btinternet.com, adrian.daniel@dunnhumby.com",
,Adrian,Daniel,NewDay,adrian.daniel@dunnhumby.com: adrian.daniel@newday.co.uk,adrian.daniel@newday.co.uk,
,Agnieszka,Michalik,Nokia,inesami@gmail.com: inesami@gmail.com,inesami@gmail.com,
,Ahmet,Temizsoy,Standard & Poor's,temizsoyahmet@gmail.com: temizsoyahmet@gmail.com,temizsoyahmet@gmail.com,
,Aki,Matsushima,Royal Mail,akimatsushima@gmail.com: akimatsushima@gmail.com,akimatsushima@gmail.com,
,Alan,Covall,Lloyds Banking Group,alancovall@aol.com: alancovall@aol.com,alancovall@aol.com,
,Alasdair,Anderson,HSBC Bank PLC,alasdair.anderson@gmail.com: alasdair.anderson@gmail.com,alasdair.anderson@gmail.com,
,Alex,Glaser,PIERCE PROTOCOLS LIMITED,alexglaser1973@gmail.com: alexglaser1973@gmail.com,alexglaser1973@gmail.com,
,Alpesh,Desai,IHG - InterContinental Hotels Group,desaiak@gmail.com: desaiak@gmail.com,desaiak@gmail.com,
,Andreas,Braun,Allianz Group,"ANDREAS.BRAUN1@ALLIANZ.COM: ANDREAS.BRAUN1@ALLIANZ.COM
ANDREAS.BRAUN1@allianz.com: ANDREAS.BRAUN1@allianz.com","ANDREAS.BRAUN1@ALLIANZ.COM, ANDREAS.BRAUN1@allianz.com",+49 172 6562298: +49 172 6562298
,Andrew,Deykin,Havas Media,andrew.deykin@gmail.com: andrew.deykin@gmail.com,andrew.deykin@gmail.com,
,Andrew,Hall,,None: andrew_hall@yahoo.com,andrew_hall@yahoo.com,
,Andrew,Maclaren,NATIONAL HEALTH SERVICES (NHS),acmaclaren@gmail.com: acmaclaren@gmail.com,acmaclaren@gmail.com,
,Andrew,Mann,,None: mannandrew@aol.com,mannandrew@aol.com,
,Andrew,McMurtrie,Direct Line Group,Work: andrew.mcmurtrie@directlinegroup.co.uk,andrew.mcmurtrie@directlinegroup.co.uk,
,Andrew,Trigg,Land Registry,andrew.trigg@landregistry.gsi.gov.uk: andrew.trigg@landregistry.gsi.gov.uk,andrew.trigg@landregistry.gsi.gov.uk,+44 (0) 776 802 2041: +44 (0) 776 802 2041
,Anil,Kumar,AIG Europe Limited,anilshere@gmail.com: anilshere@gmail.com,anilshere@gmail.com,
,Ankur,Gupta,Hortonworks,ankur.dba@gmail.com: ankur.dba@gmail.com,ankur.dba@gmail.com,
,Anna,Desiatnik,Rothschild Bank,"ashatskikh@mail.usf.edu: ashatskikh@mail.usf.edu
Work: Anna.Desiatnik@rothschild.com","ashatskikh@mail.usf.edu, Anna.Desiatnik@rothschild.com",
,Annie,Baldwin,PALAMIR,anniebaldwin@hotmail.com: anniebaldwin@hotmail.com,anniebaldwin@hotmail.com,
,Antonio,Alvarez,ISBAN,aalvarez.internet@gmail.com: aalvarez.internet@gmail.com,aalvarez.internet@gmail.com,
,Anya,Ziskina,L'Oreal,anna.ziskina@gmail.com: anna.ziskina@gmail.com,anna.ziskina@gmail.com,
,Asif,Nadeem,Provident Financial Group UK & ROI,asif.nadeem@provident.co.uk: asif.nadeem@provident.co.uk,asif.nadeem@provident.co.uk,
,Ben,Dudley,Havas Media,ben_r_dudley@hotmail.com: ben_r_dudley@hotmail.com,ben_r_dudley@hotmail.com,
,Ben,Gardner,Linklaters,bengardner135@btinternet.com: bengardner135@btinternet.com,bengardner135@btinternet.com,
,Bernard,Panes,Capgemini Sweden,bernard_panes@hotmail.com: bernard_panes@hotmail.com,bernard_panes@hotmail.com,
,Bo,Boisen,HSBC Bank PLC,bboisen@gmail.com: bboisen@gmail.com,bboisen@gmail.com,
,Boris,Huard,Experian,borishuard@hotmail.com: borishuard@hotmail.com,borishuard@hotmail.com,
,Brennan,Carley,Thomson Reuters,brennan.carley@protonadvisors.com: brennan.carley@protonadvisors.com,brennan.carley@protonadvisors.com,
,Brian,Bissett,XL Catlin,None: Brian.Bissett@catlin.com,Brian.Bissett@catlin.com,
,Cagri,Yucel,,"cagriy@cagri.net: cagriy@cagri.net
cagriy@cagri.net: cagriy@cagri.net","cagriy@cagri.net, cagriy@cagri.net",
,Carole,McCourt,Sage,carolemccourtdqm@outlook.com: carolemccourtdqm@outlook.com,carolemccourtdqm@outlook.com,
,Charles,Gadalla,SAP,charles.gadalla@gmail.com: charles.gadalla@gmail.com,charles.gadalla@gmail.com,
,Chris,Johnson,HSBC Bank PLC,chris.johnson@hsbc.com: chris.johnson@hsbc.com,chris.johnson@hsbc.com,
,Christine,De Tourniel,BNP Paribas,christinedetourniel@me.com: christinedetourniel@me.com,christinedetourniel@me.com,
,Christophe,le Lannou,Data Learning,cll@datalearning.eu: cll@datalearning.eu,cll@datalearning.eu,
,Claire,Jessop,Leeds Building Society,c.l.jessop@btopenworld.com: c.l.jessop@btopenworld.com,c.l.jessop@btopenworld.com,
,Daniel,Dinnyes,Barclays Bank PLC,dinnyesd@gmail.com: dinnyesd@gmail.com,dinnyesd@gmail.com,
,Daniel,Nelson,Ocado Technology,daniel.nelson@ocado.com: daniel.nelson@ocado.com,daniel.nelson@ocado.com,
,Daniel,Ryan,Swiss Re,daniel_ryan@swissre.com: daniel_ryan@swissre.com,daniel_ryan@swissre.com,+44 20 7933 3408: +44 20 7933 3408
,Dan,Kellett,Capital One,Dan.Kellett@capitalone.com: Dan.Kellett@capitalone.com,Dan.Kellett@capitalone.com,
,Darren,Robertson,Cloud Pro,darrenrobertson22@gmail.com: darrenrobertson22@gmail.com,darrenrobertson22@gmail.com,
,Darren,Siddle,HSBC Bank PLC,darrensiddle@hotmail.com: darrensiddle@hotmail.com,darrensiddle@hotmail.com,
,David,Asfaha,Addison Lee,davidasfaha@gmail.com: davidasfaha@gmail.com,davidasfaha@gmail.com,
,David,Coughlin,Dell EMC,davec@f2s.com: davec@f2s.com,davec@f2s.com,
,David,Greenwood,,None: hello@dgwd.co,hello@dgwd.co,
,David,Joyce,Sage,david.joyce@sage.com: david.joyce@sage.com,david.joyce@sage.com,
,David,Kao,,None: DavidVKao@gmail.com,DavidVKao@gmail.com,
,David,Lang,Lloyd's of London,davidmlang@btinternet.com: davidmlang@btinternet.com,davidmlang@btinternet.com,
,David,May,Vodafone Group Public Limited Company,d_j_may@hotmail.com: d_j_may@hotmail.com,d_j_may@hotmail.com,
,David,Pardoe,Hays,david.pardoe@aig.com: david.pardoe@aig.com,david.pardoe@aig.com,"2076516475: 2076516475
7990800534: 7990800534"
,David,Rhee,adidas group,"wdaveonline@gmail.com: wdaveonline@gmail.com
None: david.rhee@adidas.com","wdaveonline@gmail.com, david.rhee@adidas.com",
,David,Watkins,RSA,davidjwatkins@gmail.com: davidjwatkins@gmail.com,davidjwatkins@gmail.com,
,David,Wilton,Admiral Group Plc,dave_wilton@hotmail.com: dave_wilton@hotmail.com,dave_wilton@hotmail.com,
,Denys,Medin,RELX Group,denys.medin@icis.com: denys.medin@icis.com,denys.medin@icis.com,
,Derek,Dempsey,FICO,derek.dempsey@fico.com: derek.dempsey@fico.com,derek.dempsey@fico.com,2079408727: 2079408727
,Domenico,Picone,BlackRock,domenicopicone@hotmail.com: domenicopicone@hotmail.com,domenicopicone@hotmail.com,
,Dr Andrew,"Maynard BA, MA (Cantab) PhD",,None: maynardsmaths@hotmail.co.uk,maynardsmaths@hotmail.co.uk,
,Dries,de Dauw,,None: driesdedauw@hotmail.com,driesdedauw@hotmail.com,
,Dr. Przemyslaw,Rymaszewski,Zurich Insurance Company Ltd.,przemyslaw.rymaszewski@zurich.com: przemyslaw.rymaszewski@zurich.com,przemyslaw.rymaszewski@zurich.com,41786172465: 41786172465
,Ed,Wiley,Sears Holdings Corporation,Ed.Wiley@BoulderStrategicAnalytics.com: Ed.Wiley@BoulderStrategicAnalytics.com,Ed.Wiley@BoulderStrategicAnalytics.com,
,Ed,Wrazen,Trillium Software,ed.wrazen@trilliumsoftware.com: ed.wrazen@trilliumsoftware.com,ed.wrazen@trilliumsoftware.com,
,Elisabeth (Decitre),Ling,,None: elisabethling@gmail.com,elisabethling@gmail.com,
,Emanuele,Quintarelli,EY,emanuele.quintarelli@gmail.com: emanuele.quintarelli@gmail.com,emanuele.quintarelli@gmail.com,
,Enzo,Martoglio,SopraSteria,emartoglio@yahoo.com: emartoglio@yahoo.com,emartoglio@yahoo.com,
,Eran,Cypris,Kohl's Department Stores,eran@myidea.com: eran@myidea.com,eran@myidea.com,
,Erkin,Oksel,Citi,erkin.oksel@citi.com: erkin.oksel@citi.com,erkin.oksel@citi.com,
,Evgeny,Vinogradov,Yandex.Money,dm_jonny@mail.ru: dm_jonny@mail.ru,dm_jonny@mail.ru,
,Filip,Deryckere,NoisyChannels,filip.deryckere@noisychannels.com: filip.deryckere@noisychannels.com,filip.deryckere@noisychannels.com,
,Fredi,Lienhardt,Swiss Re,fredi@lienhardt.es: fredi@lienhardt.es,fredi@lienhardt.es,
,Gareth,Martin,Hewlett-Packard,"garethmartini@gmail.com: garethmartini@gmail.com
gareth.martin@atos.net: gareth.martin@atos.net
gareth.martin@atosorigin.com: gareth.martin@atosorigin.com","garethmartini@gmail.com, gareth.martin@atos.net, gareth.martin@atosorigin.com","07733 311462: 07733 311462
+44 7805 649790: +44 7805 649790"
,Garry,Williams,Aberdeen Asset Management,Garry.Williams@aberdeen-asset.com: Garry.Williams@aberdeen-asset.com,Garry.Williams@aberdeen-asset.com,
,Gary,Nelson,,None: gary.nelson@aimia.com,gary.nelson@aimia.com,
,Gary,Wilson,,None: garywilson49@hotmail.com,garywilson49@hotmail.com,
,Gauthier,Labalette,PayPal,labalette@gmail.com: labalette@gmail.com,labalette@gmail.com,
,Gavin,Kaimowitz,Sapient,kaimowitz@gmail.com: kaimowitz@gmail.com,kaimowitz@gmail.com,
,Gert,Harren,HolidayCheck AG,mail@gertharren.de: mail@gertharren.de,mail@gertharren.de,
,Giles,Pavey,dunnhumby,giles.pavey@dunnhumby.com: giles.pavey@dunnhumby.com,giles.pavey@dunnhumby.com,2088329442: 2088329442
,Giuseppe,Vettigli,Cambridge Energy Data Lab,giuseppe.vettigli@camenergydatalab.com: giuseppe.vettigli@camenergydatalab.com,giuseppe.vettigli@camenergydatalab.com,
,Graeme,Sherrington,Amlin,graeme.sherrington@allianzgi.com: graeme.sherrington@allianzgi.com,graeme.sherrington@allianzgi.com,2070651441: 2070651441
,Guillaume,"Gardey, Ph.D.",HSBC Bank PLC,guillaume.gardey@gmail.com: guillaume.gardey@gmail.com,guillaume.gardey@gmail.com,
,Gunnar,Peters,,None: gopeters@web.de,gopeters@web.de,
,Guoxian,Yang,CapSo Inc.,gyang@tcd.ie: gyang@tcd.ie,gyang@tcd.ie,
,Hany,Choueiri,State Street Global Advisors Limited,"h_choueiri@hotmail.com: h_choueiri@hotmail.com
None: HChoueiri@StateStreet.com","h_choueiri@hotmail.com, HChoueiri@StateStreet.com",
,Hariprasad,Akkineni,,None: hariprasada@gmail.com,hariprasada@gmail.com,
,Hari,Sekhon,Investment Bank,"hari.sekhon@uk.bnpparibas.com: hari.sekhon@uk.bnpparibas.com
harisekhon@gmail.com: harisekhon@gmail.com","hari.sekhon@uk.bnpparibas.com, harisekhon@gmail.com",
,Helen,Crooks,Lloyd's of London,Work: helen.crooks@lloyds.com,helen.crooks@lloyds.com,
,Hiten,Vaghela,TechSoup Global,hiten.vaghela@gmail.com: hiten.vaghela@gmail.com,hiten.vaghela@gmail.com,
,Howard,Barber,,None: howardnbarber@hotmail.co.uk,howardnbarber@hotmail.co.uk,
,Hugues,Le Bars,Neopost,h.lebars@neopost.com: h.lebars@neopost.com,h.lebars@neopost.com,
,Ignacio,Elola Villar,Import.io,ignacioelolavillar@gmail.com: ignacioelolavillar@gmail.com,ignacioelolavillar@gmail.com,
,Iqbal,Adjali,LV=,iqbal.adjali@btinternet.com: iqbal.adjali@btinternet.com,iqbal.adjali@btinternet.com,
,James,Hanscomb,tenthavenue,jameshanscomb@hotmail.com: jameshanscomb@hotmail.com,jameshanscomb@hotmail.com,
,James,McAlister,Winterbourne Healthcare,jamesaccounting@gmail.com: jamesaccounting@gmail.com,jamesaccounting@gmail.com,
,James,Ollunga,MediaVest,ollunga@gmail.com: ollunga@gmail.com,ollunga@gmail.com,
,James,Walker,,None: mailforjameswalker@googlemail.com,mailforjameswalker@googlemail.com,
,Jason,Levin,Carat,jasonalevin@yahoo.com: jasonalevin@yahoo.com,jasonalevin@yahoo.com,
,jedidiah,francis,CSC - Computer Sciences Corporation,jedidiah.francis@gmail.com: jedidiah.francis@gmail.com,jedidiah.francis@gmail.com,
,Jeremy,Posner,,None: jeremy.posner@synechron.com,jeremy.posner@synechron.com,
,Jeremy,Shaw,,None: jeremy928shaw@gmail.com,jeremy928shaw@gmail.com,
,Jimmy,Hosang,Direct Line Group,jimmyhosang@gmail.com: jimmyhosang@gmail.com,jimmyhosang@gmail.com,
,Johan,Vallin,TeliaSonera,vallin@kth.se: vallin@kth.se,vallin@kth.se,
,John,Allen,Deutsche Bank AG,john.howard.allen@gmail.com: john.howard.allen@gmail.com,john.howard.allen@gmail.com,
,John,Telford,Channel 4,JTelford@Channel4.co.uk: JTelford@Channel4.co.uk,JTelford@Channel4.co.uk,
,Jonathan,Hodges,Pearson North America,hodgesz@gmail.com: hodgesz@gmail.com,hodgesz@gmail.com,
,Jonathan,Mansley,Aviva plc,manslej@NORWICH-UNION.CO.UK: manslej@NORWICH-UNION.CO.UK,manslej@NORWICH-UNION.CO.UK,
,Jonathan,Robson,,None: jrobson@tibco.com,jrobson@tibco.com,
,Jon,Catling,,None: jon@catling.org,jon@catling.org,
,Josef,Habdank,Adform Aps,jahabdank@gmail.com: jahabdank@gmail.com,jahabdank@gmail.com,
,Joseph,Rice,Twitter,jrice@twitter.com: jrice@twitter.com,jrice@twitter.com,
,Joshua,Aburrow-Newman,Markerstudy Insurance,JAburrow-Newman@markerstudy.com: JAburrow-Newman@markerstudy.com,JAburrow-Newman@markerstudy.com,
,JP,Rangaswami,Deutsche Bank AG,jobsworth@me.com: jobsworth@me.com,jobsworth@me.com,
,Julian,Elliott,DENTSU AEGIS NETWORK LTD.,"julian.elliott@dentsuaegis.com: julian.elliott@dentsuaegis.com
julian.elliott@dentsuaegis.com: julian.elliott@dentsuaegis.com","julian.elliott@dentsuaegis.com, julian.elliott@dentsuaegis.com",+44 7770 733310: +44 7770 733310
,Julia,Sutton,HSBC Bank PLC,julia.x.sutton@hsbc.com: julia.x.sutton@hsbc.com,julia.x.sutton@hsbc.com,+44 7796 700739: +44 7796 700739
,Justin,Couzens,Cisco,jcouzens@live.co.uk: jcouzens@live.co.uk,jcouzens@live.co.uk,
,Karim,Walji,DST International,karimwalji@hotmail.com: karimwalji@hotmail.com,karimwalji@hotmail.com,
,Kathryn,Norris,HCL AXON,norris_kathryn@hotmail.com: norris_kathryn@hotmail.com,norris_kathryn@hotmail.com,
,Keith,Holmes,RSA,keithdh80@hotmail.com: keithdh80@hotmail.com,keithdh80@hotmail.com,
,Kemal,Cetin,Diageo,kemalcetin77@gmail.com: kemalcetin77@gmail.com,kemalcetin77@gmail.com,
,Kevin,Smith,,None: kevin.smith@willis.com,kevin.smith@willis.com,
,Kevin,Sulley,Thomson Reuters,kevsulley@googlemail.com: kevsulley@googlemail.com,kevsulley@googlemail.com,
,Keyur,Mehta,Betfair,keyur_mehta@yahoo.com: keyur_mehta@yahoo.com,keyur_mehta@yahoo.com,
,Kirill,Pankratov,Zurich Insurance Company Ltd.,"kirill.pankratov@rogers.com: kirill.pankratov@rogers.com
kirill.pankratov@zurich.com: kirill.pankratov@zurich.com","kirill.pankratov@rogers.com, kirill.pankratov@zurich.com",41446288275: 41446288275
,Kjersten Margaret,Moody,Unilever,kjersten_moody@yahoo.com: kjersten_moody@yahoo.com,kjersten_moody@yahoo.com,
,Kostas,Perifanos,Mail Online at Daily Mail,kostas.perifanos@gmail.com: kostas.perifanos@gmail.com,kostas.perifanos@gmail.com,
,Kris,Jack,RELX Group,mrkrisjack@gmail.com: mrkrisjack@gmail.com,mrkrisjack@gmail.com,
,Kristina,Collins,Lloyds Banking Group,kriscollins1@hotmail.co.uk: kriscollins1@hotmail.co.uk,kriscollins1@hotmail.co.uk,
,Lakshmi,Narasimhan,Crayon Data,lakshmi_09@yahoo.com: lakshmi_09@yahoo.com,lakshmi_09@yahoo.com,
,Lara,Korz,,None: Lara.Korz@AIG.com,Lara.Korz@AIG.com,
,Lara,Korz,Azur Underwriting Limited,None: lara.korz@azurpcg.com,lara.korz@azurpcg.com,
,Lauren,Sager Weinstein,Transport for London,laurensagerweinstein01@tfl.gov.uk: laurensagerweinstein01@tfl.gov.uk,laurensagerweinstein01@tfl.gov.uk,
,Lisa,Jebodhsingh,InterContinental Hotels Group (IHG),lisa.jebodhsingh@gmail.com: lisa.jebodhsingh@gmail.com,lisa.jebodhsingh@gmail.com,
,Lorraine,Waters,HSBC Bank PLC,lorraine.waters@hsbcib.com: lorraine.waters@hsbcib.com,lorraine.waters@hsbcib.com,
,Luca,Valnegri,,None: l.valnegri@datamaps.co.uk,l.valnegri@datamaps.co.uk,
,Lucy,Toussaint,,None: lucy_toussaint@hotmail.com,lucy_toussaint@hotmail.com,
,Luke,Anamourlis,MetLife Alico,luke@anamourlis.co.uk: luke@anamourlis.co.uk,luke@anamourlis.co.uk,
,Manu,Kumar,Vodafone Group Public Limited Company,manu.a.kumar@gmail.com: manu.a.kumar@gmail.com,manu.a.kumar@gmail.com,
,Marc-Olivier,Pittner,local.ch,tvpittner@gmail.com: tvpittner@gmail.com,tvpittner@gmail.com,
,Mark,Howden,ICBC Standard Bank,mark.howden@icbcstandard.com: mark.howden@icbcstandard.com,mark.howden@icbcstandard.com,
,Mark,Lee,Datalytyx,mark.lee@datalytyx.com: mark.lee@datalytyx.com,mark.lee@datalytyx.com,"8453716119: 8453716119
7808404308: 7808404308"
,Mark,Musson,HSBC Bank PLC,mark@musson.co.za: mark@musson.co.za,mark@musson.co.za,
,Mark Phillip,Lee,,None: pfc_sales@hotmail.co.uk,pfc_sales@hotmail.co.uk,
,Mark,Ramsey,,None: mark.x.ramsey@gsk.com,mark.x.ramsey@gsk.com,
,Mark,Sear,EMC,markasear@gmail.com: markasear@gmail.com,markasear@gmail.com,
,Mark,Whitehorn,,None: LinkedIn@Penguinsoft.co.uk,LinkedIn@Penguinsoft.co.uk,
,Martin,Glassborow,Sky,marting@spellen.org: marting@spellen.org,marting@spellen.org,
,Martin,Mitchell,M&G,martinmitch@gmail.com: martinmitch@gmail.com,martinmitch@gmail.com,
,Matthew,Keylock,"Mars, Incorporated.",mdkeylock@gmail.com: mdkeylock@gmail.com,mdkeylock@gmail.com,
,Matt,Hobby,Elsevier,mhobby1979@googlemail.com: mhobby1979@googlemail.com,mhobby1979@googlemail.com,
,Meredith,Ross,Credit Suisse Group,rossmeredith@gmail.com: rossmeredith@gmail.com,rossmeredith@gmail.com,
,Michael,Foley,EMC,mifoley@me.com: mifoley@me.com,mifoley@me.com,
,Michael,Reay,HSBC Bank PLC,mikereay@gmail.com: mikereay@gmail.com,mikereay@gmail.com,
https://abs.twimg.com/sticky/default_profile_images/default_profile_0_normal.png,Michael,Servaes,Army,Work: michaelservaes@aol.com,michaelservaes@aol.com,
,Mike,O'Donohue,Camelot,None: Michaelodonohue@hotmail.com,Michaelodonohue@hotmail.com,
,Mike,Stanley,NFU Mutual,michael.stanley315@gmail.com: michael.stanley315@gmail.com,michael.stanley315@gmail.com,
,Milind,Kamkolkar,Novartis,milind.kam@gmail.com: milind.kam@gmail.com,milind.kam@gmail.com,
,Naga,moparthy,London,nagabrahmammoparthy@gmail.com: nagabrahmammoparthy@gmail.com,nagabrahmammoparthy@gmail.com,
,Natalino,Busa,,None: natalino.busa@gmail.com,natalino.busa@gmail.com,
,Nathan,Barling,iProspect (Dentsu Aegis Network),nathan.barling@iprospect.com: nathan.barling@iprospect.com,nathan.barling@iprospect.com,
,Neale,Swinnerton,Mastodon C,neale@isismanor.com: neale@isismanor.com,neale@isismanor.com,
,Nigel,Davis,Willis,nwalderdavis@yahoo.co.uk: nwalderdavis@yahoo.co.uk,nwalderdavis@yahoo.co.uk,
,Nigel,Matthews,HSBC Bank PLC,nimatthe@me.com: nimatthe@me.com,nimatthe@me.com,
,Oleksandr,Pryymak,Facebook,235@inmind.org: 235@inmind.org,235@inmind.org,
,Paul,Brook,Dell EMC,"Paul_brook@dell.com: Paul_brook@dell.com
None: paul.brook@dell.com","Paul_brook@dell.com, paul.brook@dell.com",
,Paul,Jones,Barclays Bank PLC,pauldanieljones@gmail.com: pauldanieljones@gmail.com,pauldanieljones@gmail.com,
,Paul,Linnane,Utiligroup,paul.liannane@utiligroup.com: paul.liannane@utiligroup.com,paul.liannane@utiligroup.com,1772770280: 1772770280
,Paul,van Haver,TechSoup Global,pvh@vanhaver.com: pvh@vanhaver.com,pvh@vanhaver.com,
,Paul,White,Royal Mail,johnny.uk@icloud.com: johnny.uk@icloud.com,johnny.uk@icloud.com,
,Penny,Maystone,Capita Employee Benefits,penny.maystone@capita.co.uk: penny.maystone@capita.co.uk,penny.maystone@capita.co.uk,
,Peter,Enright,Cambridge University Press,peter.enright@rocketmail.com: peter.enright@rocketmail.com,peter.enright@rocketmail.com,
,Phil,Archer,W3C,phil@philarcher.org: phil@philarcher.org,phil@philarcher.org,
,Philip,Gunn,AIB Merchant Services,"gunnp@eircom.net: gunnp@eircom.net
phil.gillieg@yahoo.com: phil.gillieg@yahoo.com","gunnp@eircom.net, phil.gillieg@yahoo.com",
,Pierre,du Toit,,None: dutoit.pierrej@gmail.com,dutoit.pierrej@gmail.com,
,Pritesh,Chauhan,,None: pritesh.chauhan@hotmail.co.uk,pritesh.chauhan@hotmail.co.uk,
,Przemys?aw,Rymaszewski,Zurich Insurance Company Ltd.,przemyslaw.rymaszewski@gmail.com: przemyslaw.rymaszewski@gmail.com,przemyslaw.rymaszewski@gmail.com,
,Rajdeep,Mukherjee,,None: rajdeep.2.m@gmail.com,rajdeep.2.m@gmail.com,
,Rajiv,Tiwari,Barclays Bank PLC,rajivt_ece@yahoo.com: rajivt_ece@yahoo.com,rajivt_ece@yahoo.com,
,Randall,Helms,Viewster,pearsall@gmail.com: pearsall@gmail.com,pearsall@gmail.com,
,Raveendra,Bharadwaj,,None: raveendra.bharadwaj@gmail.com,raveendra.bharadwaj@gmail.com,
,Ravi,Bhatt,Santander,ravimbhatt@gmail.com: ravimbhatt@gmail.com,ravimbhatt@gmail.com,
,Ravinder,Bhadhal,,None: ravinder.bhadhal@man.com,ravinder.bhadhal@man.com,
,Ravinder,Bhadhal,Man,ravinder.bhadhal@gmail.com: ravinder.bhadhal@gmail.com,ravinder.bhadhal@gmail.com,
,Reza,Khorshidi,AIG Europe Limited,reza.khorshidi@aig.com: reza.khorshidi@aig.com,reza.khorshidi@aig.com,
,Richard,Benjamins,Telefonica,vrbenjamins@gmail.com: vrbenjamins@gmail.com,vrbenjamins@gmail.com,
,Richard,Hart,Tyco Fire & Security,RHart100@gmail.com: RHart100@gmail.com,RHart100@gmail.com,
,Richard,Porter,AstraZeneca UK Limited,RichSelina@gmail.com: RichSelina@gmail.com,RichSelina@gmail.com,
,Richard,Shelton,,None: richshelton01@yahoo.co.uk,richshelton01@yahoo.co.uk,
,Rick,Robinson,Amey,dr.rick.robinson@gmail.com: dr.rick.robinson@gmail.com,dr.rick.robinson@gmail.com,
,Riikka,Turunen,Sanoma,riikkaeturunen@hotmail.com: riikkaeturunen@hotmail.com,riikkaeturunen@hotmail.com,
,Robert,Michael,Carillion,Robert.Michael@btopenworld.com: Robert.Michael@btopenworld.com,Robert.Michael@btopenworld.com,
,Rod,Moyse,,None: rod.moyse@aviva.com,rod.moyse@aviva.com,
,Rowena,Parsons,Sony Computer Entertainment Europe,rowena@rparsons.co.uk: rowena@rparsons.co.uk,rowena@rparsons.co.uk,
,Russell,Marsh,Process Excellence Network (PEX Network - a division of IQPC),russell.marsh@gmail.com: russell.marsh@gmail.com,russell.marsh@gmail.com,
,Rutang,Thanawalla,,None: rutangt@gmail.com,rutangt@gmail.com,
,Samir,Sharma,datazuum,samir@datazuum.com: samir@datazuum.com,samir@datazuum.com,
,Scott,Clendaniel,MarketOne International,SClendaniel@MarketOne.com: SClendaniel@MarketOne.com,SClendaniel@MarketOne.com,
,Scott,Dettman,Right Management,scott.dettman@gmail.com: scott.dettman@gmail.com,scott.dettman@gmail.com,
,Seamus,Murphy,,None: seamus.b.murphy@gmail.com,seamus.b.murphy@gmail.com,
,Sean,Hayes,Incisive Media,sean.hayes@incisivemedia.com: sean.hayes@incisivemedia.com,sean.hayes@incisivemedia.com,
,Shahin,Nassiri,Barclays Bank PLC,Shahin.Nassiri@gmail.com: Shahin.Nassiri@gmail.com,Shahin.Nassiri@gmail.com,
,Sharon,Keogh,AIB Plc,sharon.e.keogh@aib.ie: sharon.e.keogh@aib.ie,sharon.e.keogh@aib.ie,
,Sharon,Palmer,Willis,slpalmer75@yahoo.co.uk: slpalmer75@yahoo.co.uk,slpalmer75@yahoo.co.uk,
,Shaun,Waterman,Royal Bank of Scotland,shaun.waterman@new-criteria.com: shaun.waterman@new-criteria.com,shaun.waterman@new-criteria.com,
,Shuai,Yuan,MediaGamma,sns@yuan-shuai.info: sns@yuan-shuai.info,sns@yuan-shuai.info,
,Sjaun,Wong,,None: skywonger@gmail.com,skywonger@gmail.com,
,Skander,Ben Mansour,Mindshare,skander@benmansour.net: skander@benmansour.net,skander@benmansour.net,
,Stefan,Franczuk,Cognizant Technology Solutions,stefan_franczuk@hotmail.com: stefan_franczuk@hotmail.com,stefan_franczuk@hotmail.com,
,Stephane,Auger,Danone Research,"work: Stephane.AUGER@danone.com
personal: s.r.auger@gmail.com","Stephane.AUGER@danone.com, s.r.auger@gmail.com",
,Steve,Boland,INTERSERVEfm LTD,steve.boland@interserve.com: steve.boland@interserve.com,steve.boland@interserve.com,+44 7779603551: +44 7779603551
,Steven,Collings,Zoopla Property Group,steven.collings@zpg.co.uk: steven.collings@zpg.co.uk,steven.collings@zpg.co.uk,
,Steven,Hutt,Maxeler Technologies,steven.hutt@yahoo.com: steven.hutt@yahoo.com,steven.hutt@yahoo.com,
,Steven,Pimblett,wejo ltd,"steve.pimblett@yahoo.co.uk: steve.pimblett@yahoo.co.uk
None: steve.pimblett@wejo.com","steve.pimblett@yahoo.co.uk, steve.pimblett@wejo.com",
,Steven,Quinby,Network Rail,steven.quinby@networkrail.co.uk: steven.quinby@networkrail.co.uk,steven.quinby@networkrail.co.uk,
,Steve,Vanourny,State Street Global Advisors Limited,svanourny@gmail.com: svanourny@gmail.com,svanourny@gmail.com,
,Stuart,Chalmers,BRE (Building Research Establishment),None: stuart.chalmers@gmail.com,stuart.chalmers@gmail.com,
,Stuart,Gillies,Credit Suisse Group,sgillies01@yahoo.co.uk: sgillies01@yahoo.co.uk,sgillies01@yahoo.co.uk,
,Stuart,Pearson,Aimia Inc,stuart.j.pearson@talk21.com: stuart.j.pearson@talk21.com,stuart.j.pearson@talk21.com,
,Susan,Wegner,Deutsche Telekom AG,wegners@telekom.de: wegners@telekom.de,wegners@telekom.de,
,Syed,Moonis,EnterCard,moonis62@gmail.com: moonis62@gmail.com,moonis62@gmail.com,
,Tharinda,Premasiri,Robi Axiata Limited,tharinda.premasiri@gmail.com: tharinda.premasiri@gmail.com,tharinda.premasiri@gmail.com,
,Thomas,Lee-Warren,Royal Mail,tlw@oculustech.com: tlw@oculustech.com,tlw@oculustech.com,
,Toby,Woolfe,International Business Machines,toby_woolfe@hotmail.com: toby_woolfe@hotmail.com,toby_woolfe@hotmail.com,
,Tom,Beattie,British Gas,beattie.tom@googlemail.com: beattie.tom@googlemail.com,beattie.tom@googlemail.com,
,Tom,Penney,London Borough of Merton,tom@socialkemistri.com: tom@socialkemistri.com,tom@socialkemistri.com,
,Tony,Jaskeran,GroupM,tonyjaskeran@hotmail.com: tonyjaskeran@hotmail.com,tonyjaskeran@hotmail.com,
,Ulla,Kruhse-Lehtonen,Sanoma,ullakl@yahoo.com: ullakl@yahoo.com,ullakl@yahoo.com,
,Veena,Dhillon,PayPal,veena_dhillon@yahoo.com: veena_dhillon@yahoo.com,veena_dhillon@yahoo.com,
,Vittorio,Guerci,,None: vittorio.guerci@gmail.com,vittorio.guerci@gmail.com,
,Volker,Bott,Deutsche Bank AG,volker.bott@gmx.de: volker.bott@gmx.de,volker.bott@gmx.de,
,Wilmer,Peres,,None: wnperes@yahoo.com,wnperes@yahoo.com,
,Yuanyuan,Liu,AIG Europe Limited,personal: lyy_bit934@msn.com,lyy_bit934@msn.com,
,Zog,Gibbens,Alliance Boots GmbH,zog.gibbens@boots.co.uk: zog.gibbens@boots.co.uk,zog.gibbens@boots.co.uk,7557319948: 00447557319948
