PHOTO URL,FIRST NAME,LAST NAME,ORGANIZATION,EMAIL,EMAIL (PLAIN),PHONE,CREATED
,,PAM,Coffee Interns Unite,None: PAM@gmail.com,PAM@gmail.com,,2018-08-08 00:23:44.932202
,Kushal,Seth,BOLD TECHNOLOGIES,None: kushal.seth@bold.com,kushal.seth@bold.com,,2018-08-06 14:47:33.439871
,Ryan,Maloney,Binghamton University,None: rmalone3@binghamton.edu,rmalone3@binghamton.edu,,2018-08-06 14:00:08.953575
,Brian,Belger,N/A,None: b.belger@yahoo.com,b.belger@yahoo.com,,2018-08-06 13:24:06.390633
,,Ajax,JVP Soft Tech,None: workabhisek@gmail.com,workabhisek@gmail.com,,2018-08-06 08:15:26.133952
,,Niraj,Cogni,None: nirajpore@gmail.com,nirajpore@gmail.com,,2018-07-30 15:17:30.037129
,,pallav,GL,None: pallav.kumar@globallogic.com,pallav.kumar@globallogic.com,,2018-07-30 10:43:04.291322
,,pallav,GL,None: pallav.kumar@globallogic.com,pallav.kumar@globallogic.com,,2018-07-30 10:43:04.025692
,Naznin,Haque,SUST,None: nazninhaque7622@gmail.com,nazninhaque7622@gmail.com,,2018-07-29 07:29:24.152901
,Babashola,King,Personal,None: babasholaking@gmail.com,babasholaking@gmail.com,,2018-07-25 18:04:01.034035
,,AMRI,ian,None: mohamed.amri2015@gmail.com,mohamed.amri2015@gmail.com,,2018-07-25 07:34:49.278852
,GUNAPATI,SREENIVASULU,Tolaram,None: sreenivas@tolaram.com,sreenivas@tolaram.com,,2018-07-24 10:37:13.485972
,Mohamed Faizal Bin Mohamed,Yusuf,Viseo,None: faizal.yusuf@viseo.com,faizal.yusuf@viseo.com,,2018-07-24 04:04:49.183795
,,surya,wns,None: surya.saha@wns.com,surya.saha@wns.com,,2018-07-23 09:10:23.434315
,Jack,Collins,Maastricht University,None: maastrichtstudent@gmail.com,maastrichtstudent@gmail.com,,2018-07-18 14:20:34.248820
,Angelina,Lian,Talent Capital,None: al@talent-capital.com,al@talent-capital.com,,2018-07-18 10:44:20.909826
,Dyon,Matulessy,sob,None: dmatulessy@schoolofblockchain.io,dmatulessy@schoolofblockchain.io,,2018-07-18 05:41:48.577119
,Pavlos,Macdonald-Kosmidis,Macdonald Trading,None: macdonaldtrading888@gmail.com,macdonaldtrading888@gmail.com,,2018-07-15 11:31:39.659327
,Max,Sultan,Invoiceledger,None: msmax@outlook.com,msmax@outlook.com,,2018-07-14 17:31:09.345977
,Mikołaj,Woźniak,SOFTWARE TECHNOLOGIES Mikołaj Woźniak,None: mikiw.pp@gmail.com,mikiw.pp@gmail.com,,2018-07-13 01:04:05.776521
,ANASTASIOS,DIAMANTIDIS,University of Sheffield,None: tdiamantides@gmail.com,tdiamantides@gmail.com,,2018-07-11 05:13:35.727888
,Andrew,Crow,,None: acrow@geraldeve.com,acrow@geraldeve.com,,2018-07-10 11:19:07.200264
,Edmund,Fitzgerald,Hawthorn,None: e.fitzgerald@hawthornadvisors.com,e.fitzgerald@hawthornadvisors.com,,2018-07-10 11:00:18.830828
,samaila,Bitrus,softdynamix,None: sama4ril@gmail.com,sama4ril@gmail.com,,2018-07-10 08:06:58.622073
,Gagan singh,dhami,bvit,"None: anitadhamidjjs57@gmail,com","anitadhamidjjs57@gmail,com",,2018-07-09 15:26:29.607786
,Ratan Kumar,Singh,Pawan Hans Limited,None: ratan.singh@pawanhans.co.in,ratan.singh@pawanhans.co.in,,2018-07-05 05:23:55.081960
,,Seshaditya,Indian IT,None: seshaditya@gmail.com,seshaditya@gmail.com,,2018-07-04 08:58:26.766184
,justin,manners,GibCyber,None: justin@gibcyber.com,justin@gibcyber.com,,2018-07-03 08:10:28.120954
,Rizza,Teves,APC,None: rizza923@gmail.com,rizza923@gmail.com,,2018-07-03 05:30:20.249756
,,dan,fintricity,None: dan.mcpeake@fintricity.com,dan.mcpeake@fintricity.com,,2018-07-02 10:26:21.454763
,,dan,,None: dan.mcpeake@finmt,dan.mcpeake@finmt,,2018-07-02 10:25:56.664343
,Eric,BALANCA,Digital Paws,None: ebalanca@digital-paws.com,ebalanca@digital-paws.com,,2018-07-02 02:15:52.873860
,,mark,BlackRock Pictures,None: mark@blackrockpictures.co.uk,mark@blackrockpictures.co.uk,,2018-06-29 11:59:02.908178
,,Caleb,SWISS RE,None: crockstone16@alustudent.com,crockstone16@alustudent.com,,2018-06-29 08:22:00.874246
,,Caleb,SWISS RE,None: crockstone16@alustudent.com,crockstone16@alustudent.com,,2018-06-29 08:22:00.621250
,,Taylor,ICBS,None: taylor.yu17@imperial.ac.uk,taylor.yu17@imperial.ac.uk,,2018-06-28 12:33:10.180458
,,Skylar,good culture,None: skaufeld@lion.lmu.edu,skaufeld@lion.lmu.edu,,2018-06-28 01:28:31.391824
,Lance,Hayden,ePatientFinder,None: lhayden@epatientfinder.com,lhayden@epatientfinder.com,,2018-06-27 04:33:24.087441
,,Ikhyar,Block,None: ikhyarsetyautama@gmail.com,ikhyarsetyautama@gmail.com,,2018-06-25 06:45:24.025668
,,Kaushik,Emirates,None: kaushik.r@emirates.com,kaushik.r@emirates.com,,2018-06-24 06:39:21.429593
,Lena,Hen,abc ,None: lena-k.henze@gmx.de,lena-k.henze@gmx.de,,2018-06-22 09:34:35.519757
,,karthik,Fractal,None: karthiksadagopan@yahoo.co.in,karthiksadagopan@yahoo.co.in,,2018-06-21 12:48:15.238895
,,avinash,Frost and Sullivan,None: naga.gunturu@frost.com,naga.gunturu@frost.com,,2018-06-21 11:24:23.822819
,Abdullah K Al,Hamad,INNOVISION IBS,None: alhamad81@gmail.com,alhamad81@gmail.com,,2018-06-16 12:53:00.625856
,Abhay Nidhi,Sharma,IIMA,None: x17abhay@iima.ac.in,x17abhay@iima.ac.in,,2018-06-15 11:31:03.045970
,,santosh,Dell,None: santosh_gore@dell.com,santosh_gore@dell.com,,2018-06-12 14:29:13.677581
,,trent,taruc,None: jkchong97@gmail.com,jkchong97@gmail.com,,2018-06-12 10:08:58.854565
,Ryan,Thornburg,Mooreland Partners,None: rthornburg@moorelandpartners.com,rthornburg@moorelandpartners.com,,2018-06-11 23:04:22.942630
,Ryan,Thornburg,Mooreland Partners,None: moorelandpartners.com,moorelandpartners.com,,2018-06-11 23:04:11.751379
,Liberty,York,Tech Tales,None: hello@wetelltechtales.com,hello@wetelltechtales.com,,2018-06-11 10:51:53.218665
,ESRA,INCE,VAKIFBANK,None: ESRA.INCE@VAKIFBANK.COM.TR,ESRA.INCE@VAKIFBANK.COM.TR,,2018-06-11 07:22:59.900619
,ESRA,İNCE,VAKIFBANK,None: ESRA.INCE@VAKIFBANK.COM.TR,ESRA.INCE@VAKIFBANK.COM.TR,,2018-06-11 07:22:52.281986
,ESRA,İNCE,VAKIFBANK,None: ESRA.INCE@VAKIFBANK.COM.TR,ESRA.INCE@VAKIFBANK.COM.TR,,2018-06-11 07:22:48.799697
,Federica,Palanga,ICT Consulting,None: palanga@ictc.it,palanga@ictc.it,,2018-06-07 15:31:06.470224
,,Lidija,PI,None: lidija.karaga@inteligencija.com,lidija.karaga@inteligencija.com,,2018-06-07 10:53:29.732395
,,chris,convert,None: christosvare@gmail.com,christosvare@gmail.com,,2018-06-07 10:50:44.929139
,,chris,convert,None: christosvare@gmail.com,christosvare@gmail.com,,2018-06-07 10:50:41.093227
,Daniel,S,HOE,None: daniel.s.89@web.de,daniel.s.89@web.de,,2018-06-07 06:03:01.450954
,nishanth,lakshmiah,IMI CCI,None: nishanth.lakshmiah@gmail.com,nishanth.lakshmiah@gmail.com,,2018-06-06 22:15:26.587346
,nishanth,lakshmiah,IMI CCI,None: nishanth.lakshmiah@gmail.com,nishanth.lakshmiah@gmail.com,,2018-06-06 22:15:25.167496
,Coralie,Dalcq,Heineken,None: coralie.dalcq@alken-maes.com,coralie.dalcq@alken-maes.com,,2018-06-06 13:41:18.469461
,Michael,Ajih,Interbusorg UK Ltd,None: mate_ajih@yahoo.com,mate_ajih@yahoo.com,,2018-06-06 10:18:18.825218
,Attul,Sehgal,Red Octopus Innovation,None: attul@redoctopusinnovation.com,attul@redoctopusinnovation.com,,2018-06-05 20:26:46.659907
,Dan,H,Hola HQ,None: dan.holandez@gmail.com,dan.holandez@gmail.com,,2018-06-03 05:22:24.687004
,Pujan,Bashyal,Institute of Engineering,None: bas_pu@yahoo.com,bas_pu@yahoo.com,,2018-06-02 13:58:49.417222
,Pujan,Bashyal,Institute of Engineering,None: bas_pu@yahoo.com,bas_pu@yahoo.com,,2018-06-02 13:58:48.218544
,Adam,Coreil,University of Dallas,None: acoreil@udallas.edu,acoreil@udallas.edu,,2018-06-01 18:24:21.969740
,Adam,Coreil,University of Dallas,None: acoreil@udallas.edu,acoreil@udallas.edu,,2018-06-01 18:22:06.308796
,,raghu,hp,None: raghu@hp.com,raghu@hp.com,,2018-05-31 14:08:04.838955
,Shirline,Serrao,Self,None: shirlineserrao@gmail.com,shirlineserrao@gmail.com,,2018-05-30 20:36:32.366430
,Jillian,Olagbende,Aerodev Solutions,None: y.olagbende@aerodevsolutions.com,y.olagbende@aerodevsolutions.com,,2018-05-29 14:29:28.648853
,,a,bnw,None: andrew@andrewlloydgordon.co.uk,andrew@andrewlloydgordon.co.uk,,2018-05-28 12:41:34.993207
,Roland,Arlt,RA,None: roland.arlt@gmail.com,roland.arlt@gmail.com,,2018-05-28 05:34:13.838449
,,G,Avaya,None: galshemaimry@avaya.com,galshemaimry@avaya.com,,2018-05-27 08:35:20.051781
,George,Thomas,EY,None: georgeth.thomas@gmail.com,georgeth.thomas@gmail.com,,2018-05-26 12:19:45.031746
,marco,quacken,qato,None: quacken@qato.de,quacken@qato.de,,2018-05-25 15:45:44.944758
,HY,Kang,"YMC, Inc.",None: hykang07@naver.com,hykang07@naver.com,,2018-05-25 02:48:38.243425
,nicola,taddei,None,None: fado82610@gmail.com,fado82610@gmail.com,,2018-05-23 13:39:13.615645
,,CHAMCHA,TATA WORLD,None: cumahd@tataworld.com,cumahd@tataworld.com,,2018-05-22 15:53:46.130536
,,chucma,TATA WORLD,None: cumahd@tataworld.com,cumahd@tataworld.com,,2018-05-22 15:51:55.455334
,Denis,Nwanshi,,None: denis.nwanshi@converselink.com,denis.nwanshi@converselink.com,,2018-05-21 14:44:01.259129
,Gert Van,Dijck,DHL,None: gert.van.dijck@dhl.com,gert.van.dijck@dhl.com,,2018-05-21 07:10:31.758826
,Jenny,Kent,globalCOAL,None: jenny.kent@globalcoal.com,jenny.kent@globalcoal.com,,2018-05-17 10:52:11.090457
,emma,rose,,None: deepakfddipg609@gmail.com,deepakfddipg609@gmail.com,,2018-05-17 10:34:18.595514
,Joseph,Doherty,AXELOS ,None: Joseph.Doherty@Axelos.com,Joseph.Doherty@Axelos.com,,2018-05-17 08:52:04.778765
,Callum,Sims,Worldpay Inc,None: callum.sims@Worldpay.com,callum.sims@Worldpay.com,,2018-05-16 18:46:47.814025
,Kirit,Mistry,,None: kiritmistry2@gmail.com,kiritmistry2@gmail.com,,2018-05-15 22:42:36.728415
,sarah,shafey,pwc,None: sarah.shafey@pwc.com,sarah.shafey@pwc.com,,2018-05-15 15:12:37.932101
,,Tareq,INSEAD,None: tareq.shalhoub@insead.edu,tareq.shalhoub@insead.edu,,2018-05-14 14:26:38.858335
,Ate,Wiekamp,Wiekamp Resource Mgt BV,None: wiekamp@gmail.com,wiekamp@gmail.com,,2018-05-11 08:18:58.055199
,Elenice,Macedo,HFSS,None: elenice.macedo@ts.fujitsu.com,elenice.macedo@ts.fujitsu.com,,2018-05-10 18:13:22.188144
,,fkjshfds`,sfsd,None: dspofdsop@dsfs.com,dspofdsop@dsfs.com,,2018-05-10 15:07:37.685070
,Bahige,Syriani,Self employed,None: bahige.syriani@hotmail.com,bahige.syriani@hotmail.com,,2018-05-09 16:16:09.923476
,Bahige,Syriani,Self employed,None: bahige.syriani@hotmail.com,bahige.syriani@hotmail.com,,2018-05-09 16:16:03.863067
,andi nurhikmah daeng,cora,binus university,None: andi.cora@binus.edu,andi.cora@binus.edu,,2018-05-09 13:55:19.591431
,Sagar,Das,Tampere University of Technology,None: sagarvicky28@gmail.com,sagarvicky28@gmail.com,,2018-05-09 13:05:00.253758
,Carina,Cunha,NA,None: carina.brasil.cunha@gmail.com,carina.brasil.cunha@gmail.com,,2018-05-08 18:44:58.455485
,Jitendra,Thakur,IIM Kozhikode,None: jitendrat21@iimk.ac.in,jitendrat21@iimk.ac.in,,2018-05-07 08:38:15.687728
,Jitendra,Thakur,IIM Kozhikode,None: jitendrat21@iimk.ac.in,jitendrat21@iimk.ac.in,,2018-05-07 08:38:14.287243
,Jitendra,Thakur,IIM Kozhikode,None: jitendrat21@iimk.ac.in,jitendrat21@iimk.ac.in,,2018-05-07 08:38:12.807235
,Jitendra,Thakur,IIM Kozhikode,None: jitendrat21@iimk.ac.in,jitendrat21@iimk.ac.in,,2018-05-07 08:38:12.444762
,suchai,thanawastien,shinawatra university,None: suchai@siu.ac.th,suchai@siu.ac.th,,2018-05-06 13:06:10.660406
,,vvv,ddss,None: xxx@yahoo.com,xxx@yahoo.com,,2018-05-04 19:09:58.771807
,Austin,Tucker,One12th Inc.,None: austin@1twelfth.com,austin@1twelfth.com,,2018-05-03 20:30:39.610740
,Austin,Tucker,One12th Inc.,None: austin@1twelfth.com,austin@1twelfth.com,,2018-05-03 20:19:03.587871
,Henrik,Farnstrand,Farnstrand Consulting,None: henrik.farnstrand@gmail.com,henrik.farnstrand@gmail.com,,2018-04-29 12:40:10.014280
,Varun,Kumar,"Olam international,mozambique",None: varun.kumar@olamnet.com,varun.kumar@olamnet.com,,2018-04-26 15:32:35.606407
,Pratik,Gupta,Aptech ,None: pratik@fabricstore.com,pratik@fabricstore.com,,2018-04-25 11:01:53.748809
,Jacob,Frey,Virginia Tech,None: ajf94@vt.edu,ajf94@vt.edu,,2018-04-23 21:21:42.881040
,,cristian,ey,None: cionete@gmail.com,cionete@gmail.com,,2018-04-23 11:44:54.106818
,,cristian,ey,None: cionete@gmailcom,cionete@gmailcom,,2018-04-23 11:44:41.624821
,,James,TechTrade,None: james.bystrom@outlook.com,james.bystrom@outlook.com,,2018-04-23 10:27:33.573508
,,James,TechTrade,None: james.bystrom@outlook.com,james.bystrom@outlook.com,,2018-04-23 10:27:28.744404
,,James,TechTrade,None: james.bystrom@outlook.com,james.bystrom@outlook.com,,2018-04-23 10:27:24.584029
,,James,TechTrade,None: james.bystrom@outlook.com,james.bystrom@outlook.com,,2018-04-23 10:27:11.717348
,,James,,None: james.bystrom@outlook.com,james.bystrom@outlook.com,,2018-04-23 10:27:07.249150
,Kelvin,Chan,CryptoStandard,None: kelvin.chan@cryptosatandard.io,kelvin.chan@cryptosatandard.io,,2018-04-22 08:20:26.114391
,Kelvin,Chan,CryptoStandard,None: kelvin.chan@cryptosatandard.io,kelvin.chan@cryptosatandard.io,,2018-04-22 08:20:24.201324
,romulo,luciano,IBMEC,None: romulo.benites@gmail.com,romulo.benites@gmail.com,,2018-04-21 20:14:36.258891
,,romulo,,None: romulo.benites@gmail.com,romulo.benites@gmail.com,,2018-04-21 20:14:04.182530
,,Siddharth,Cass Business School,None: siddharth.anandakrishnan@cass.city.ac.uk,siddharth.anandakrishnan@cass.city.ac.uk,,2018-04-20 15:00:18.822809
,,Siddharth,Cass Business School,None: siddharth.anandakrishnan@cass.city.ac.uk,siddharth.anandakrishnan@cass.city.ac.uk,,2018-04-20 15:00:15.417138
,Jerrold,Burden,Wall Street Media Co,None: jd@wall-street.com,jd@wall-street.com,,2018-04-20 12:07:08.661626
,Jerrold,Burden,,None: jd@wall-street.com,jd@wall-street.com,,2018-04-20 12:04:26.662449
,nilanjana,bora,UL,None: nilanjana.bora@unilever.com,nilanjana.bora@unilever.com,,2018-04-20 10:47:53.361828
,jonathan,Lo,giftviva,None: jonathan.lo@giftviva.com,jonathan.lo@giftviva.com,,2018-04-19 19:17:02.180126
,dabi,khar,self,None: dabi@carbtc.net,dabi@carbtc.net,,2018-04-17 07:53:23.025799
,,abdul,student,None: abdulsanka@gmail.com,abdulsanka@gmail.com,,2018-04-16 12:50:06.302126
,,asdsad,sdsd,None: asdasd@mailinator.com,asdasd@mailinator.com,,2018-04-16 12:09:19.040593
,Fabiana,Fournier,IBM,None: fabiana@il.ibm.com,fabiana@il.ibm.com,,2018-04-15 07:23:03.495386
,Alan,Munro,WK Webster & Co Ltd,None: amunro@wkwebster.com,amunro@wkwebster.com,,2018-04-14 10:01:52.120304
,,Ashok,EMC,None: ashokvhegde@yahoo.com,ashokvhegde@yahoo.com,,2018-04-13 12:46:41.038543
,Norhidayah,Hassan,Yayasan MENDAKI,None: norhidayah.hassan@mendaki.org.sg,norhidayah.hassan@mendaki.org.sg,,2018-04-11 08:39:58.189089
,,ash,srpcs,None: wida@gmail.com,wida@gmail.com,,2018-04-10 17:04:58.177012
,,ash,srpcs,None: wida,wida,,2018-04-10 17:04:39.092112
,Andrei,Czolak,EFundamentals,None: andrei@efpharma.com,andrei@efpharma.com,,2018-04-10 10:49:49.291932
,Andrei,Czolak,EFundamentals,None: andrei@efpharma.com,andrei@efpharma.com,,2018-04-10 10:49:46.608059
,Rachel,Cannon,Dentons US LLP,None: rachel.cannon@dentons.com,rachel.cannon@dentons.com,,2018-04-09 22:36:31.000954
,Gina,Nguyen,Redcoat media,None: gina@redcoatmedia.com,gina@redcoatmedia.com,,2018-04-06 03:08:09.532188
,,Ryan,,None: mercierjryan@gmail.com,mercierjryan@gmail.com,,2018-04-04 15:57:23.200311
,Chris,Watts,Cognizant,None: christopher.watts@cognizant.com,christopher.watts@cognizant.com,,2018-04-04 09:37:31.186747
,Ada,Jimenez,Softtek,None: maggie_js22@hotmail.com,maggie_js22@hotmail.com,,2018-04-03 21:12:22.191852
,Gijs,Merk,GP2C.nl,None: gijsmerkx@gmail.com,gijsmerkx@gmail.com,,2018-04-03 13:41:31.792997
,manisha,shetty,calypso technology,None: manisha.gx@gmail.com,manisha.gx@gmail.com,,2018-04-03 08:41:02.046517
,mike,watson,,None: mw@miruminvest.com,mw@miruminvest.com,,2018-04-02 08:25:51.085793
,mike,watson,,None: mw@miruminvest.com,mw@miruminvest.com,,2018-04-02 08:25:48.186764
,Divya,Miglani,IGDTUW ,None: divyamiglani17@gmail.com,divyamiglani17@gmail.com,,2018-04-02 03:28:14.248078
,Divya,Miglani,IGDTUW ,None: divyamiglani17@gmail.com,divyamiglani17@gmail.com,,2018-04-02 03:28:11.766221
,Richard,ORdowich,STS Associates Inc.,None: richord@stsdataliteracy.com,richord@stsdataliteracy.com,,2018-04-01 15:10:53.194290
,farman,naik,impact tec,None: crerimas@gmail.com,crerimas@gmail.com,,2018-03-29 15:35:43.048897
,haochen,huang,nnlife,None: haochen.huang@nnlife.co.jp,haochen.huang@nnlife.co.jp,,2018-03-29 08:02:08.344797
,haochen,huang,nnlife,None: haochen.huang@nnlife.co.jp,haochen.huang@nnlife.co.jp,,2018-03-29 08:02:07.711109
,John,Smith,Colruyt,None: johnsmith1981@gmail.com,johnsmith1981@gmail.com,,2018-03-29 07:34:33.090063
,,Jose,Sistole,None: jdmendoza@sistole.com,jdmendoza@sistole.com,,2018-03-28 22:28:03.418739
,Amy,Hockings,The Primal Mix,None: amyhockings01@gmail.com,amyhockings01@gmail.com,,2018-03-28 01:25:23.819007
,Rodionov,Sergey,HSE,None: poliolog234@yandex.ru,poliolog234@yandex.ru,,2018-03-27 16:36:38.355489
,Cathy,Guo,Chain Intelligence,None: cathy@chainintelligence.io,cathy@chainintelligence.io,,2018-03-27 10:20:22.068160
,Cathy,Guo,Chain Intelligence,None: cathy@chainintelligence.io,cathy@chainintelligence.io,,2018-03-27 10:20:21.404552
,Jaime,Petenko,Georgetown Law,None: jbp75@georgetown.edu,jbp75@georgetown.edu,,2018-03-26 16:46:32.335261
,Helen,Peachey,Oakland Innovation,None: helen.peachey@oaklandinnovation.com,helen.peachey@oaklandinnovation.com,,2018-03-26 15:46:57.235682
,sidhartha,shankar,imedsoft,None: sidhartha.shankar@gmail.com,sidhartha.shankar@gmail.com,,2018-03-26 11:52:12.727606
,,Wes,,None: wes2envy@yahoo.com,wes2envy@yahoo.com,,2018-03-19 17:24:04.963612
,,john,accenture,None: htatsenncom@gmail.com,htatsenncom@gmail.com,,2018-03-19 12:27:48.317896
,siddhartha,hotta,Government,None: siddhartha.hotta@border.gov.au,siddhartha.hotta@border.gov.au,,2018-03-19 04:29:02.246305
,Dan,Hembree,Charter,None: daniel.hembree@colorado.edu,daniel.hembree@colorado.edu,,2018-03-18 17:34:49.697620
,gonzalo,pujol,gp invest eafi sl,None: gonzalopujol@gpinvesteafi.com,gonzalopujol@gpinvesteafi.com,,2018-03-18 10:15:37.168734
,Joshua,Kho,Mr.,None: joskho@deloitte.ca,joskho@deloitte.ca,,2018-03-16 13:15:02.173105
,Ashley,Chen,,None: cyhsuan0330@gmail.com,cyhsuan0330@gmail.com,,2018-03-14 22:50:00.091595
,Macha,Pujitha,BNM Institute of Technology,None: machapujitha@gmail.coms,machapujitha@gmail.coms,,2018-03-14 05:13:00.680902
,Oliver,Gibbs,Redburn,None: ollieg44@hotmail.co.uk,ollieg44@hotmail.co.uk,,2018-03-13 17:51:23.643455
,Mahboobeh,Shariat,ITRC,None: mahboobe.shariat@gmail.com,mahboobe.shariat@gmail.com,,2018-03-13 06:27:38.382930
,Gardar,Gardarsson,Veftorg,None: gardar@veftorg.is,gardar@veftorg.is,,2018-03-12 09:43:16.516366
,Bibi,Dzifa,UGBS,None: gphabi@gmail.comm,gphabi@gmail.comm,,2018-03-12 06:46:58.640376
,Amir,Meskovic,Source Code LLC,None: amir.meskovic@optimus.business,amir.meskovic@optimus.business,,2018-03-11 21:46:04.579740
,,rf,fd,None: rt@d.com,rt@d.com,,2018-03-11 00:19:51.384483
,Arslan,Penjiyev,ArUSAN,None: arslan.penjiyev@gmail.com,arslan.penjiyev@gmail.com,,2018-03-11 00:06:53.529713
,Alistair,Read,Google,None: arwread@gmail.com,arwread@gmail.com,,2018-03-10 21:14:12.794596
,MAURO ANTONIO FERNÁNDEZ,ÁLVAREZ,FLORFRIA,None: mauroafe@gmail.com,mauroafe@gmail.com,,2018-03-09 15:53:05.916734
,Vaim,Dev,V AIM Solution,None: dev@v-aim.com,dev@v-aim.com,,2018-03-09 13:43:35.014218
,ELLEN,PAYNE,Pennsbury School District,None: epayne@pennsburysd.org,epayne@pennsburysd.org,,2018-03-05 14:15:25.929606
,Adam,Khan,Castlehaven Community Association,None: 645836@soas.ac.uk,645836@soas.ac.uk,,2018-03-05 14:04:50.248716
,Alistair,Read,Gmail,None: arwread@gmail.com,arwread@gmail.com,,2018-03-05 11:29:09.117284
,,Samarth,IAN ,None: s@pwc.com,s@pwc.com,,2018-03-03 17:27:49.761786
,Shruti,Hiray,NA,None: shrutihiray15@gmail.com,shrutihiray15@gmail.com,,2018-03-03 06:16:16.428381
,Sam,Winnall,DHL Customer Solutions and Innovation,None: samantha.winnall@dhl.com,samantha.winnall@dhl.com,,2018-03-01 09:15:01.592693
,Sergio,Nouvel,Continuum,None: snouvel@outlook.com,snouvel@outlook.com,,2018-02-28 16:15:17.117629
,,Amber ,Turner and Townsend,None: Amber.Shaffi@turntown.co.uk,Amber.Shaffi@turntown.co.uk,,2018-02-27 17:41:27.524008
,jan,howell,Sarume,None: jan@sarumeconsultancy.com,jan@sarumeconsultancy.com,,2018-02-27 13:57:46.384578
,Phung Chi,Kien,Schneider Electric,None: saigonkien@gmail.com,saigonkien@gmail.com,,2018-02-27 03:58:35.060778
,Julien,Faure,None,None: julien.faure@gmail.com,julien.faure@gmail.com,,2018-02-25 22:26:09.922069
,Julien,Faure,None,None: julien.faure@gmail.com,julien.faure@gmail.com,,2018-02-25 22:26:08.964249
,nico de,sandr,1993,None: nico.desandre@libero.it,nico.desandre@libero.it,,2018-02-25 17:24:16.205512
,Oral,Newman,Western Regional Health Authority,None: oral.newman@wrha.gov.jm,oral.newman@wrha.gov.jm,,2018-02-25 06:33:52.853999
,Konstantin,Zagaynov,,None: konstantin.blockchain@gmail.com,konstantin.blockchain@gmail.com,,2018-02-24 22:33:34.471988
,,Konstantin,Product Heroes UG,None: konstantin.blockchain@gmail.com,konstantin.blockchain@gmail.com,,2018-02-24 22:32:23.350048
,Ronak,Shah,,None: ronakk29@gmail.com,ronakk29@gmail.com,,2018-02-23 11:49:27.738925
,Sándor,Szabó,BUTE,None: szabos@hit.bme.hu,szabos@hit.bme.hu,,2018-02-22 17:24:44.846328
,Sándor,Szabó,BUTE,None: szabos@hit.bme.hu,szabos@hit.bme.hu,,2018-02-22 15:34:28.873923
,AKRITI,GUPTA,igdtue,None: akritigupta345@gmail.com,akritigupta345@gmail.com,,2018-02-22 07:17:44.142750
,,Wes,,None: wes2envy@yahoo.com,wes2envy@yahoo.com,,2018-02-20 11:36:35.171490
,Zelalem,Sintayehu,UFH,None: zshibeshi@ufh.ac.za,zshibeshi@ufh.ac.za,,2018-02-20 03:30:19.556440
,Bo,Pra,Bopra,None: info@bp.com,info@bp.com,,2018-02-19 13:39:53.276034
,Jonas,Dammen,NTNU,None: jodammen93@gmail.com,jodammen93@gmail.com,,2018-02-18 20:46:07.258636
,,Eunhee,Nyenrode Business Universtiry,None: e.park@my.nyenrode.nl,e.park@my.nyenrode.nl,,2018-02-17 10:40:26.513459
,andrew,young,innovato,None: ay@innovato.co.uk,ay@innovato.co.uk,,2018-02-16 10:54:22.332156
,ian,westlake,Dell,None: ian.westlake@dell.com,ian.westlake@dell.com,,2018-02-15 15:35:58.656923
,Joseph,Batista,Imperial College London,None: jose.batista-klein17@imperial.ac.uk,jose.batista-klein17@imperial.ac.uk,,2018-02-13 13:17:23.482823
,Eunice,Maingi,@iLabAfrica,None: emaingi@strathmore.edu,emaingi@strathmore.edu,,2018-02-12 12:58:19.592658
,,Marina,UVIGO,None: maribcn_1994@hotmail.com,maribcn_1994@hotmail.com,,2018-02-12 11:53:48.207791
,,Zachary,Accenture,None: zachary.croker@accenture.com,zachary.croker@accenture.com,,2018-02-12 09:50:50.599871
,,Zachary,Accenture,None: zachary.croker@accenture.com,zachary.croker@accenture.com,,2018-02-12 09:50:49.577740
,Paul,Basel,Basel Pharmacy,None: paul.basel@gmail.com,paul.basel@gmail.com,,2018-02-10 21:48:35.863977
,,Jenya ,KhNU,None: j.shipeleva@gmail.com,j.shipeleva@gmail.com,,2018-02-09 11:49:04.990010
,,Rebeca,SOAS,None: 645189@soas.ac.uk,645189@soas.ac.uk,,2018-02-08 19:31:38.116401
,,dza,none,None: dzad@gmail.com,dzad@gmail.com,,2018-02-08 12:47:09.440575
,Ng Siew,Sanz,Axiata,None: siew.sanz@axiata.com,siew.sanz@axiata.com,,2018-02-08 07:14:36.300972
,Ira,Sood,Tampere Univeristy of Technology,None: ira.sood@tut.fi,ira.sood@tut.fi,,2018-02-07 09:54:37.930118
,Soavi,Michele,Climate-Link,None: soavi.michele@gmail.com,soavi.michele@gmail.com,,2018-02-06 17:51:54.821632
,,mahe,IX,None: mahendra.k@intellectyx.com,mahendra.k@intellectyx.com,,2018-02-06 12:15:24.211338
,,mohan,business,None: mohan25@cioreviiew.com,mohan25@cioreviiew.com,,2018-02-06 12:12:51.412059
,MUHAMMAD,Usama,UPB,None: Khanusama011@gmail.com,Khanusama011@gmail.com,,2018-02-05 13:47:04.006555
,,Kiran,Crystal Solutions,None: kiran@crysol.com,kiran@crysol.com,,2018-02-03 05:42:00.927286
,,Mani,DSS,None: nagasubramani@yahoo.com,nagasubramani@yahoo.com,,2018-01-31 11:39:28.363621
,,ivan,asdad,None: djirx@Mail.ru,djirx@Mail.ru,,2018-01-31 09:03:55.502275
,,Full,Conpany,None: emaiil@mail.com,emaiil@mail.com,,2018-01-31 00:12:15.900323
,Wael,ElAttar,Kepler Gate,None: wael.elattar@keplergate.com,wael.elattar@keplergate.com,,2018-01-29 15:17:31.295532
,Abhishek,Singh,cdac,None: abhisheksinghmac@gmail.com,abhisheksinghmac@gmail.com,,2018-01-29 14:40:56.404265
,soma,sekhar,Bepec Solutions,None: vukoti1995@gmail.com,vukoti1995@gmail.com,,2018-01-29 10:27:53.836400
,,hjhjj,nodowdn,None: jjjj@fff.com,jjjj@fff.com,,2018-01-29 09:38:44.404577
,Carina,Cunha,,None: carina.brasil.cunha@gmail.com,carina.brasil.cunha@gmail.com,,2018-01-27 22:29:00.004427
,,shyam,Planet N ,None: shyamaca@gmail.com,shyamaca@gmail.com,,2018-01-25 09:50:42.491677
,,siva,Test,None: paysy09@gmail.com,paysy09@gmail.com,,2018-01-24 13:06:21.240132
,,abdulsattar,Ministry of Education,None: sattarjenjua@yahoo.com,sattarjenjua@yahoo.com,,2018-01-23 19:13:43.673115
,,Ash,Smarp,None: ashish.dudeja@smarp.com,ashish.dudeja@smarp.com,,2018-01-22 11:57:30.578855
,Rupert,Eyton-Jones,e2open,None: rupert.eyton-jones@e2open.com,rupert.eyton-jones@e2open.com,,2018-01-19 15:37:49.372319
,Rupert,Eyton-Jones,e2open,None: rupert.eyton-jones@e2open.com,rupert.eyton-jones@e2open.com,,2018-01-19 15:36:34.407188
,,ramesh,TCS,None: sjdfhdsdjkfa@tcs.com,sjdfhdsdjkfa@tcs.com,,2018-01-18 07:32:25.805771
,Nyamtseren,Batdelger,ITZone LLC,None: nyamtseren.b@itzone.mn,nyamtseren.b@itzone.mn,,2018-01-17 08:09:57.545038
,Nicholas,Rosier,Cass Business School,None: nicholas.rosier@cass.city.ac.uk,nicholas.rosier@cass.city.ac.uk,,2018-01-15 17:14:39.869391
,,x,x,None: c.t.zweers@gmail.com,c.t.zweers@gmail.com,,2018-01-15 15:45:49.087549
,Vigynesh,Bhatt,Qrius,None: vigynesh.qrius@gmail.com,vigynesh.qrius@gmail.com,,2018-01-14 10:17:46.187198
,Rupert,knight,Datability ,None: rupert@datability.world,rupert@datability.world,,2018-01-13 11:52:18.075075
,,Aniruddha,CCSL,None: aniruddha@carboncleansolutions.com,aniruddha@carboncleansolutions.com,,2018-01-11 20:34:07.963646
,Vladimir,Kokushkin,PMSoft,None: VKokushkin@pmsoft.ru,VKokushkin@pmsoft.ru,,2018-01-10 15:02:33.481670
,Hiroaki,Sonoda,Cass business school,None: sonodahiroaki@gmail.com,sonodahiroaki@gmail.com,,2018-01-10 13:07:17.381180
,,Ism,PAL Management,None: ismaeldaneluz@hotmail.com,ismaeldaneluz@hotmail.com,,2018-01-09 19:54:27.543690
,Andrew,Gleeson,Paddypowerbetfair,None: agleeson07@clongowes.net,agleeson07@clongowes.net,,2018-01-09 14:27:29.340000
,,rishi,gartner,None: rishipathak70@gmail.com,rishipathak70@gmail.com,,2018-01-09 12:40:08.230633
,,rishi,gartner,None: rishipathak70@gmail.com,rishipathak70@gmail.com,,2018-01-09 12:40:04.069804
,,rishi,gartner,None: rishipathak70@gmail.com,rishipathak70@gmail.com,,2018-01-09 12:40:03.890312
,,rishi,gartner,None: rishipathak70@gmail.com,rishipathak70@gmail.com,,2018-01-09 12:38:21.314893
,Hiroaki,Sonoda,cass business school,None: sonodahiroaki@gmail.com,sonodahiroaki@gmail.com,,2018-01-09 08:48:12.334395
,Samantha,Sam-Inimgba,anakle,None: aquablackpurple@yahoo.com,aquablackpurple@yahoo.com,,2018-01-09 08:42:13.212450
,,shay,TNT,None: shahnawaz101125@gmail.com,shahnawaz101125@gmail.com,,2018-01-05 13:38:29.941577
,Heemany,Shekhar,Student,None: heemany7@gmail.com,heemany7@gmail.com,,2018-01-05 03:29:18.910337
,Gavin,John,,None: gavin.john@stoneshot.com,gavin.john@stoneshot.com,,2018-01-02 10:36:31.090603
,Nidhi,choudhary,To The New,None: nidhi.choudhary@tothenew.com,nidhi.choudhary@tothenew.com,,2018-01-02 08:20:44.554106
,Basabendra,Bhattacharjee,IFFCO,None: bbhattacharjee@iffco.com,bbhattacharjee@iffco.com,,2017-12-30 03:39:37.886637
,Santhosh Reddy,Parapati,Guuu,None: santhoshreddy595@gmail.com,santhoshreddy595@gmail.com,,2017-12-28 03:54:38.638409
,Santhosh Reddy,Parapati,Guuu,None: santhoshreddy595@gmail.com,santhoshreddy595@gmail.com,,2017-12-28 03:54:37.635707
,Santhosh Reddy,Parapati,Guuu,None: santhoshreddyparapati@gmail.com,santhoshreddyparapati@gmail.com,,2017-12-28 03:54:17.074523
,Saumeya,Katyal,"Cummins College of Engineering, Pune",None: saumeyakatyal@gmail.com,saumeyakatyal@gmail.com,,2017-12-27 03:51:39.173438
,soumya v,s,HCL technologies,None: soumya_v@hcl.com,soumya_v@hcl.com,,2017-12-21 10:14:01.303398
,soumya v,s,HCL technologies,None: soumya_v@hcl.com,soumya_v@hcl.com,,2017-12-21 10:13:58.560680
,Ron,Lieuw,NSC,None: infor@nscnv.com,infor@nscnv.com,,2017-12-21 01:34:20.726544
,Aishatu Abdullahi,Adamu,"Federal University Dutse, Jigawa State",None: aaeshat@gmail.com,aaeshat@gmail.com,,2017-12-17 22:12:16.671531
,Arnold,Limbag,RMTU,None: arnoldlimbag071895@gmail.com,arnoldlimbag071895@gmail.com,,2017-12-13 15:53:40.180404
,Piyush,Goel,,None: Piyusgoel2507@gmail.com,Piyusgoel2507@gmail.com,,2017-12-13 07:06:38.105202
,Julian,Veraart,University of Amserdam,None: julian.veraart@student.uva.nl,julian.veraart@student.uva.nl,,2017-12-06 17:40:35.987940
,Dulce,Villarreal,Looking,None: DULCEDU@GMAIL.COM,DULCEDU@GMAIL.COM,,2017-12-06 01:53:35.251298
,Lone,Carstensen,Aalborg University,None: lone.carstensen@outlook.com,lone.carstensen@outlook.com,,2017-12-05 03:30:03.060981
,Avinash,Patel,Capgemini,None: avinash.patil@capgemini.com,avinash.patil@capgemini.com,,2017-12-04 17:14:52.077117
,Brice,Tahmazian,astra,None: brice421@yahoo.co.uk,brice421@yahoo.co.uk,,2017-12-03 08:53:16.508816
,Danny,Maddox,Intiva Health,None: danny@intivahealth.com,danny@intivahealth.com,,2017-12-01 15:57:18.527400
,Pham Quoc,Hoan,NEAC,None: pqhoan@mic.gov.vn,pqhoan@mic.gov.vn,,2017-11-30 10:48:44.447731
,Juzer,Tambawala,Algorythmix,None: juzer@algorythmix.in,juzer@algorythmix.in,,2017-11-29 22:48:39.063125
,Jerry,Joe,Analyst,None: joe@gmail.com,joe@gmail.com,,2017-11-28 16:07:11.047515
,Hiroaki,Sonoda,CASS Business School,None: Hiroaki.Sonoda@cass.city.ac.uk,Hiroaki.Sonoda@cass.city.ac.uk,,2017-11-28 14:42:02.699537
,Robert,Harrison,DDB Tribal Healthcare,None: robert.harrison27@btinternet.com,robert.harrison27@btinternet.com,,2017-11-27 21:00:48.966753
,Zach,Gollwitzer,None,None: zach.gollwitzer@gmail.com,zach.gollwitzer@gmail.com,,2017-11-27 17:54:13.545826
,Kevin,Dunn,Martin Currie Investment Management Ltd,None: kdunn@martincurrie.com,kdunn@martincurrie.com,,2017-11-27 16:07:21.546176
,,Bas,,None: keiz@hotmail.com,keiz@hotmail.com,,2017-11-27 13:14:23.076778
,Serhat,Demir,,None: serhatdemir@gmail.com,serhatdemir@gmail.com,,2017-11-25 01:25:32.016051
,Adam,Beal,General Motors,None: abfromcs@gmail.com,abfromcs@gmail.com,,2017-11-22 02:04:30.581994
,Mohammed Zubair,Ahmed,AFNAM Management & IT Consultants,None: zubair@afnam.com,zubair@afnam.com,,2017-11-21 11:24:46.456583
,Amber,Shaffi,Freelancer ,None: amber_shaffi@yahoo.co.uk,amber_shaffi@yahoo.co.uk,,2017-11-17 17:57:30.990342
,Silvia Diaz,Galan,AIN,None: sdiaz@ain.es,sdiaz@ain.es,,2017-11-17 10:21:08.360462
,Charlotte,Whiteacre,H+K Strategies,None: charlotte.whiteacre@hkstrategies.com,charlotte.whiteacre@hkstrategies.com,,2017-11-16 11:51:45.774711
,,ka,Financial Times,None: kag@gmail.com,kag@gmail.com,,2017-11-15 23:25:16.201546
,Pranshu,Raghav,Allstate,None: pragj@allstate.com,pragj@allstate.com,,2017-11-15 22:26:44.819811
,Antony,Abell,Variable Pitch Ltd,None: antonyabell@variable-pitch.com,antonyabell@variable-pitch.com,,2017-11-15 22:24:50.355386
,Jatin,Singhal,SITM,None: jatin.singhal@sitm.ac.in,jatin.singhal@sitm.ac.in,,2017-11-15 20:06:06.457423
,Angelo,Ferrante,,None: angelo.ferrante@mailbox.org,angelo.ferrante@mailbox.org,,2017-11-15 19:10:47.762780
,Kumar,Vaibhav,Korn Ferry ,None: kumar.vaibhav@kornferry.com,kumar.vaibhav@kornferry.com,,2017-11-15 06:12:39.527853
,Austin,Hammer,,None: austinjackhammer@gmail.com,austinjackhammer@gmail.com,,2017-11-14 00:41:59.528009
,Dr. Amitabh,Anand,SKEMA Bachelor Business School,None: amitabh.anand@skema.edu,amitabh.anand@skema.edu,,2017-11-13 14:09:21.247542
,Arvind,Sabharwal,,None: arvind.sab@gmail.com,arvind.sab@gmail.com,,2017-11-11 02:11:39.115499
,Robert,Bolton,,None: rboltonuk@yahoo.co.uk,rboltonuk@yahoo.co.uk,,2017-11-09 15:50:28.365068
,Hans,Kespohl,Covestro,None: hans.kespohl@covestro.com,hans.kespohl@covestro.com,,2017-11-08 20:30:53.226301
,Muhammad Mahmudul,Karim,INCEIF,None: shawn_m81@yahoo.com,shawn_m81@yahoo.com,,2017-11-08 15:24:56.383867
,Khalil Anton,Ambalong,Mindanao State University - General Santos,None: khalil.ambalong@msugensan.edu.ph,khalil.ambalong@msugensan.edu.ph,,2017-11-06 07:56:46.374326
,Aleksei,Kachko,LMSUbs,None: alikseey@gmail.com,alikseey@gmail.com,,2017-11-03 05:16:39.340938
,Shubham,Singh,Self Employed,"None: sid94family@gmail.com
None: sid94family@gmail.com","sid94family@gmail.com, sid94family@gmail.com",,2017-11-02 08:20:02.341717
,Joseph,Faile,Elephant,"None: joe.faile@gmail.com
None: joe.faile@gmail.com","joe.faile@gmail.com, joe.faile@gmail.com",,2017-11-01 23:14:37.206977
,Elena,Orsik,Revain ,None: b2marketing2017@gmail.com,b2marketing2017@gmail.com,,2017-11-01 15:36:59.477797
,Christopher,Saunders,Finspiria Partners,None: saunders@finspiria.com,saunders@finspiria.com,,2017-11-01 10:53:28.443363
,Ashish,Uttamchandani,CrimsonLogic,None: ashishu@crimsonlogic.com,ashishu@crimsonlogic.com,,2017-11-01 03:13:46.543529
,Sutender,Mehta,Beroceutica,"None: mehta.sutender@gmail.com
None: mehta.sutender@gmail.com","mehta.sutender@gmail.com, mehta.sutender@gmail.com",,2017-10-30 17:57:06.352673
,,Georgy,Eetti,None: georgie@agriya.in,georgie@agriya.in,,2017-10-30 07:00:13.255455
,Rajesh,Narayanan,HP,None: rajeshnarayanan3@gmail.com,rajeshnarayanan3@gmail.com,,2017-10-29 07:04:20.279593
,Siva,Narayn,Fintricity,None: starsiva1@gmail.com,starsiva1@gmail.com,Work: 07465488818,2017-10-27 14:33:41.420699
,Paulo,Scholle,Convergenc3,None: Paulo@Hollard.com,Paulo@Hollard.com,,2017-10-27 05:06:11.540845
,Jeff,Jose,HCL Technologies,None: jeffyjs88@gmail.com,jeffyjs88@gmail.com,,2017-10-26 16:24:55.125396
,Erwin,Soon,metro,None: erwinsooner@gmail.com,erwinsooner@gmail.com,,2017-10-25 16:59:41.464091
,Espen,Makla,School,None: spnmkl@gmail.com,spnmkl@gmail.com,,2017-10-23 22:55:57.560471
,Sandeep,Chowdhury,SAP,None: sandeep.chowdhury@sap.com,sandeep.chowdhury@sap.com,,2017-10-23 10:01:08.770044
,,selvam,freelancer,None: selvam124081@gmail.com,selvam124081@gmail.com,,2017-10-23 02:50:56.751538
,Thomas,Tharakan,Tharakan Foods Pvt Ltd,None: tomtharakan1@gmail.com,tomtharakan1@gmail.com,,2017-10-22 17:41:12.888508
,Stefan,Linder,Student,None: stefan.linder@me.com,stefan.linder@me.com,,2017-10-22 14:09:18.873244
,Atom,Singh,GE Capital,None: atom.singh@ge.com,atom.singh@ge.com,,2017-10-21 05:08:01.621979
,Gino,Rodriguez,"Morningstar Investment Management, LLC",None: gino.rodriguez@morningstar.com,gino.rodriguez@morningstar.com,,2017-10-18 18:22:52.643606
,Michele,Lestiboudois,Dell EMC,None: michele.lestiboudois@telenet.be,michele.lestiboudois@telenet.be,,2017-10-16 14:51:42.100645
,Mohamad,Yassine,Taghleef Industries ,None: mohamad.yassine@ti-films.com,mohamad.yassine@ti-films.com,,2017-10-16 13:10:44.530054
,Evgheni,Camenscic,Cardiff University,None: camenscic.evgheni@gmail.com,camenscic.evgheni@gmail.com,,2017-10-16 11:58:59.573375
,Munish,Arora,Vrtusa,None: munisharora2016@gmail.com,munisharora2016@gmail.com,,2017-10-14 14:34:28.712044
,Munish,Arora,Vrtusa,None: munisharora2016@gmail.com,munisharora2016@gmail.com,,2017-10-14 14:34:26.369599
,,Kartik,RSM,None: ksama@myrsm.nl,ksama@myrsm.nl,,2017-10-12 18:34:14.584847
,Aly,Aslam,app,None: aly-2397@hotmail.com,aly-2397@hotmail.com,,2017-10-11 21:17:33.134582
,Ganz,Giacomo,Allianz Group,None: giacomo.ganz@allianzre.com,giacomo.ganz@allianzre.com,,2017-10-11 06:37:58.760048
,Lucy,Wang,Livepeer,None: lucywang1189@gmail.com,lucywang1189@gmail.com,,2017-10-08 23:06:39.283677
,Otabek,Iskandarov,European Bank for Reconstruction and Development (EBRD),None: iskandaO@ebrd.com,iskandaO@ebrd.com,,2017-10-05 10:51:58.167736
,Rose,Atienza,my own ,None: r.molina.atienza@gmail.com,r.molina.atienza@gmail.com,,2017-10-04 13:18:00.761765
,Paige,Greve,Aquilon,None: pgreve@aquiloninc.com,pgreve@aquiloninc.com,,2017-10-03 18:06:26.226609
,Walter,Hitziger,POST AG,None: walter.hitziger@post.at,walter.hitziger@post.at,,2017-10-03 17:26:28.595321
,Yannick,Hoffmann,UCD,None: yannick-hoffmann@arcor.de,yannick-hoffmann@arcor.de,,2017-10-02 22:16:33.998221
,David,Deputy,Vertex Inc,None: david.deputy@vertexinc.com,david.deputy@vertexinc.com,,2017-10-02 20:06:59.880803
,Sameer,Gadgil,Larsen & Toubro,None: sameer.gadgil@larsentoubro.com,sameer.gadgil@larsentoubro.com,,2017-10-02 05:42:59.108052
,Cruzz,Razor,Bleocean tech,None: cruzzrazor@gmail.com,cruzzrazor@gmail.com,,2017-10-01 07:18:56.992728
,Jay Dee,Miller,Self,None: jaydeemiller.uk@gmail.com,jaydeemiller.uk@gmail.com,,2017-09-29 21:50:09.412884
,Julius,Chaidez,Social Interest Solutions,None: jchaidez@socialinterest.org,jchaidez@socialinterest.org,,2017-09-27 20:39:46.646347
,,ASP,Capgemini,None: talktoavi59@gmail.com,talktoavi59@gmail.com,,2017-09-27 19:09:25.359023
,Rajesh,Khullar,prickety,None: khullarrajesh88@gmail.com,khullarrajesh88@gmail.com,,2017-09-27 16:52:00.061488
,Wesley,Kukard,University of Otago,None: Wesleykukard@gmail.com,Wesleykukard@gmail.com,,2017-09-25 23:54:31.769712
,Ben,Davies,HSF,None: ben.nauntondavies@hsf.com,ben.nauntondavies@hsf.com,,2017-09-25 20:53:54.335235
,Jitan,Chandanani,IBM,None: chandan1@in.ibm.com,chandan1@in.ibm.com,,2017-09-23 11:35:56.410757
,Norbert,Deli,HD marketing,None: delinorbi@gmail.com,delinorbi@gmail.com,,2017-09-21 14:55:48.166751
,,Shola,Private,None: oadeni@gmail.com,oadeni@gmail.com,,2017-09-21 11:07:44.813390
,Tanya,Seda,Network Control,None: tanya@networkcontrol.com,tanya@networkcontrol.com,,2017-09-20 18:51:29.335288
,Puneet,Mishra,Newgen,None: puneet.mishra@newgen.co.in,puneet.mishra@newgen.co.in,,2017-09-20 05:09:41.559332
,Steve,Szabo,The Coca-Cola Company,,,,2017-09-18 13:07:55.485742
,Waqar,Younas,Jonkoping University,None: yowa1700@ju.se,yowa1700@ju.se,,2017-09-17 12:20:43.940828
,Cosma,Belli,Dell EMC,None: cosma.belli@dell.com,cosma.belli@dell.com,,2017-09-14 13:00:54.950500
,Goldy,Khurana,Self,None: khuranagoldy01@gmail.com,khuranagoldy01@gmail.com,,2017-09-14 10:35:57.212044
,Marisol,Guzman,Statoil ASA,None: mgmo@statoil.com,mgmo@statoil.com,,2017-09-14 09:25:27.765655
,Neha Vinay,Bairathi,University of South Florida,None: nehabairathi@mail.usf.edu,nehabairathi@mail.usf.edu,,2017-09-13 23:25:22.164987
,Sreeja,Pinupolu,self,None: sreejapinupolu@hmail.com,sreejapinupolu@hmail.com,,2017-09-13 06:39:25.444089
,Sue,Davoudi,Lloyds Banking Group,None: sue.davoudi@lloydsbanking.com,sue.davoudi@lloydsbanking.com,,2017-09-12 12:43:25.552322
,Karin,Neelsen,General Re,work: karin.neelsen@genre.com,karin.neelsen@genre.com,,2017-09-11 08:08:05.318518
,Tannawy,Sinha,Capgemini,None: tannawy.sinha@capgemini.com,tannawy.sinha@capgemini.com,,2017-09-08 11:13:07.395189
,Oladotun,Solaja,Oxford Policy Management,None: dotsolaja@icloud.com,dotsolaja@icloud.com,,2017-09-06 01:31:26.902909
,Raghavendra,Singh,myApps Solutions,None: raghavendra.s@myapps-solutions.com,raghavendra.s@myapps-solutions.com,,2017-09-05 11:37:30.043040
,,Vignesh,Symbiosis,None: vignesh.ss@siom.in,vignesh.ss@siom.in,,2017-09-04 05:16:21.370558
,Shayan,Alipour,KNTU,None: alipshayan@gmail.com,alipshayan@gmail.com,,2017-09-03 06:49:42.400464
,Selva,Kumar,RS Software,None: SELVAKUMAR.VR@RSSOFTWARE.COM,SELVAKUMAR.VR@RSSOFTWARE.COM,,2017-08-29 19:54:32.010914
,Max,Hird,Structured Software,None: max.hird@structured.software,max.hird@structured.software,,2017-08-26 18:13:07.777967
,Suvrajit,Saha,klimazone,None: contactsaha@gmail.com,contactsaha@gmail.com,,2017-08-25 14:16:10.076209
,Susanne,Hallauer,SwissRe,None: susanne_hallauer@swissre.com,susanne_hallauer@swissre.com,,2017-08-24 13:42:53.498075
,Virjinia,Alexieva,Signac.net,None: virjinia@signac.net,virjinia@signac.net,,2017-08-24 07:03:19.281830
,Melvin,Williams,Equinox Consulting Partners LLC,None: melvin@equinoxconsultingpartnersllc.com,melvin@equinoxconsultingpartnersllc.com,,2017-08-23 12:17:41.442069
,Nick,Syusko,KICKICO,None: syusko.n@gmail.com,syusko.n@gmail.com,,2017-08-21 20:12:38.282468
,Andrea,Colombo,None,None: andrecolly95@gmail.com,andrecolly95@gmail.com,,2017-08-21 14:16:14.188513
,Virgilio,Pierini,Phoenix Technology,None: virgilio.pierini@photec.it,virgilio.pierini@photec.it,,2017-08-19 10:37:54.042598
,Paul,Brook,Dell EMC,"Paul_brook@dell.com: Paul_brook@dell.com
None: paul.brook@dell.com","Paul_brook@dell.com, paul.brook@dell.com",,2017-08-18 13:00:25.103450
,Francesca,Hall,Skipton Building Society ,None: francesca.hall@skipton.co.uk,francesca.hall@skipton.co.uk,,2017-08-18 09:47:48.679173
,Roberto,Carlini,Avanguard SRL,None: rcarlini@avanguardsrl.com,rcarlini@avanguardsrl.com,,2017-08-17 17:32:00.106129
,Martina,Henry,Diageo,None: martina.henry@diageo.com,martina.henry@diageo.com,,2017-08-17 15:01:44.379199
,Anand,Sivanandan,Takaud Savings& Pensions,None: anand.sivanandan@takaud.com,anand.sivanandan@takaud.com,,2017-08-17 05:05:56.438899
,Jean-Noel,Bajeet,Fluid & Energy Solutions Consultancy Ltd,None: jean-noel.bajeet@fluensys.co.uk,jean-noel.bajeet@fluensys.co.uk,,2017-08-16 20:55:55.377322
,Shaf,Mansour,RaisingIT,None: shaf.mansour@raisingit.com,shaf.mansour@raisingit.com,,2017-08-15 22:20:26.111032
,Catherine,K,,None: katiethbk@hotmail.com,katiethbk@hotmail.com,,2017-08-14 19:36:51.868279
,John,Ruddy,Noah Consulting,None: john.ruddy@noah-consulting.com,john.ruddy@noah-consulting.com,,2017-08-14 16:07:39.188963
,Santosh,Gunjapalli,amma comapny pvt.ltd,None: santoshgunjapalli@gmail.com,santoshgunjapalli@gmail.com,,2017-08-14 07:05:32.868062
,Waseem,Noufel,University of Glasgow,None: wnoufel@yahoo.com,wnoufel@yahoo.com,,2017-08-13 18:29:01.594007
,Svetlana,Goudkova,Euroynes,None: sgudkova@yahoo.com,sgudkova@yahoo.com,,2017-08-13 14:36:42.273900
,Dries,Wijnen,,None: drieswijnen@gmail.com,drieswijnen@gmail.com,,2017-08-13 13:56:29.299275
,Mark,Argent,Mark Argent,None: mail@markargent.com,mail@markargent.com,,2017-08-12 10:36:13.546476
,Miles,Kotay,Boeing,None: miles.kotay@boeing.com,miles.kotay@boeing.com,,2017-08-11 21:56:28.330914
,Kyle,Duford,Dr. Martens,None: kyle.duford@drmartens.com,kyle.duford@drmartens.com,,2017-08-11 04:53:45.774899
,Rana,Simaan,Rana Simaan Advisory,None: r.simaan@aol.com,r.simaan@aol.com,,2017-08-10 20:00:10.434926
,Mark,O'Mahony,Gatesden Limited,None: mark@gatesden.co.uk,mark@gatesden.co.uk,,2017-08-10 16:50:16.833946
,Mateusz,Dziedzic,NHS BSA,Work: mateusz.dziedzic@nhs.net,mateusz.dziedzic@nhs.net,,2017-08-10 11:37:59.382704
,Taya,Vernon,Fintricity,None: taya.vernon@fintricity.com,taya.vernon@fintricity.com,,2017-08-10 11:17:16.694461
,Raghu,Kiran,Hewlett-Packard,"None: raghu.kiran@hp.com
None: kiran@hp.com","raghu.kiran@hp.com, kiran@hp.com",,2017-08-10 09:50:23.363993
,Indu,Jacob,Merril Lynch,personal: jacob.indu@gmail.com,jacob.indu@gmail.com,,2017-08-09 05:09:18.443156
,Tim,Jastrzembski,BCPro,None: tim.jastrzembski@bcpro.de,tim.jastrzembski@bcpro.de,,2017-08-08 14:34:33.247036
,Lakshman,Kumar,"Hyderabad Business School, GITAM University",None: lakshman.yadavalli@gitam.edu,lakshman.yadavalli@gitam.edu,,2017-08-06 11:47:23.490932
,,Tarang,xcube labs,None: tarang.rai@xcubelabs.com,tarang.rai@xcubelabs.com,,2017-08-04 12:51:01.323366
,Malcolm,Bloom,Lloyds Banking Group,"None: mbloomsky@me.com
None: mbloom@sky.com","mbloomsky@me.com, mbloom@sky.com",,2017-07-29 20:19:35.676346
,Shirsho,Ghosh,Avalon Consulting,None: pgp15.shirsho@spjimr.org,pgp15.shirsho@spjimr.org,,2017-07-25 12:26:41.511343
,Leonid,Gintsburg,HQ Group,None: gintsburg.leonid@gmail.com,gintsburg.leonid@gmail.com,,2017-07-25 10:07:18.932459
,Mithu,Sengupta,Mash3 Ltd,None: mithu_sengupta8@yahoo.co.uk,mithu_sengupta8@yahoo.co.uk,,2017-07-24 08:51:26.799274
,Jordan,Goldman,Aequitas Capital,None: goldmanjordan@gmail.com,goldmanjordan@gmail.com,,2017-07-23 01:21:36.966275
,,Dinesh,,None: digitalmarketingdina@gmail.com,digitalmarketingdina@gmail.com,,2017-07-17 10:44:07.837392
,,Suma,Premier Institute,None: umaseshu@gmail.com,umaseshu@gmail.com,,2017-07-13 20:00:27.673970
,Rohin,Kumar,Software Systems LLC,None: rohin.kumar@ssloman.com,rohin.kumar@ssloman.com,,2017-07-10 12:44:54.856634
,Rodion,Beraya,Allianz Group,personal: Rodion.II.Beraya@gmail.com,Rodion.II.Beraya@gmail.com,Work: +49 17672606113 ,2017-07-08 08:57:59.673759
,Steven,Pimblett,wejo ltd,"steve.pimblett@yahoo.co.uk: steve.pimblett@yahoo.co.uk
None: steve.pimblett@wejo.com","steve.pimblett@yahoo.co.uk, steve.pimblett@wejo.com",,2017-07-06 08:13:57.835131
,Syed Mujtaba,Hassan,Telenor,None: naqvi.mujtaba@gmail.com,naqvi.mujtaba@gmail.com,,2017-07-05 12:23:09.548132
,Tom,Maleczek,Charles Taylor InsureTech,work: tom.maleczek@ctplc.com,tom.maleczek@ctplc.com,,2017-07-04 10:33:06.338192
,Bert,Oltmans,Oracle Austria,None: bert.oltmans@oracle.com,bert.oltmans@oracle.com,,2017-07-03 09:13:42.946269
,Shayantee,Aiyer,TransUnion CIBIL,None: sudas@transunion.com,sudas@transunion.com,,2017-07-01 02:25:56.194337
,Aayush,Kad,University of Toronto,None: aayush.kad18@rotman.utoronto.ca,aayush.kad18@rotman.utoronto.ca,,2017-06-30 15:01:21.962778
,Yvonne,Kuimba,Econet Wireless,None: Yvonne.Kuimba@econet.co.zw,Yvonne.Kuimba@econet.co.zw,,2017-06-29 17:35:08.014031
,Raveendar,Sangishetti,,None: ravisomulu@yahoo.com,ravisomulu@yahoo.com,,2017-06-28 05:47:45.307627
,Ray,Buckley,OneCPD,"None: ray@onecpd.co.uk
None: ray@onecpd.co.uk","ray@onecpd.co.uk, ray@onecpd.co.uk",,2017-06-26 13:41:59.720150
,Evan,Hunt,JP Morgan Chase,None: evan.c.hunt@jpmchase.com,evan.c.hunt@jpmchase.com,,2017-06-22 19:26:01.581169
,Rob,Leninham,Huawei,None: rob.lenih@huawei.com,rob.lenih@huawei.com,,2017-06-19 11:19:29.891541
,Yoshi,Yakomo,ether,None: yoshi.yakomo21@gmail.com,yoshi.yakomo21@gmail.com,,2017-06-16 15:37:44.965820
,Francesca,De Feo,Salmoiraghi e Viganò,None: f.defeo@salmoiraghievigano.it,f.defeo@salmoiraghievigano.it,,2017-06-16 08:27:29.700710
,Luca,Tramer,Omnia Card Systems,None: luca.tramer@email.it,luca.tramer@email.it,,2017-06-15 11:50:53.511166
,Alejandro,Gonzalez,MongoDB,None: alex.gonzalez@mongodb.com,alex.gonzalez@mongodb.com,,2017-06-14 19:48:32.770935
,,romain,Splunk,None: rtestu@splunk.com,rtestu@splunk.com,,2017-06-13 14:46:55.173957
,Anand,Tiwari,Everest Group,None: anand_tiwari2@yahoo.com,anand_tiwari2@yahoo.com,,2017-06-13 10:52:09.699818
,Jun,Xiang,Singapore Management University (SMU),None: junxiang.ng.2013@smu.edu.sg,junxiang.ng.2013@smu.edu.sg,,2017-06-12 02:50:51.657042
,Enrico,Camerinelli,Aite Group,None: ecamerinelli@aitegroup.com,ecamerinelli@aitegroup.com,,2017-06-11 08:22:54.829670
,Paul,Segal,Fortex,None: psegal9@gmail.com,psegal9@gmail.com,,2017-06-08 08:44:19.612895
,Dheeraj,Goyal,Dion Global Solutions,None: dheeraj.goyal@dionglobal.com,dheeraj.goyal@dionglobal.com,,2017-06-07 07:29:28.098705
,Fred,Risch,,None: frederickrisch@gmail.com,frederickrisch@gmail.com,,2017-06-06 19:18:50.145080
,Yosef,Taitz,Daylight CIS. Inc.,None: yosi@daylight.com,yosi@daylight.com,,2017-06-06 18:30:45.297601
,,Coco,DealGlobe,None: wei.xiao@dealglobe.com,wei.xiao@dealglobe.com,,2017-06-06 16:10:48.773419
,Michelle,Butler,HSBC Bank PLC,None: michelle.butler@hsbc.com,michelle.butler@hsbc.com,,2017-05-31 09:28:33.728691
,Svein,Omdal,Statoil ASA,None: som@statoil.com,som@statoil.com,,2017-05-31 07:39:22.588140
,Bruce,Mackenzie,Massy Group,None: bruce.mackenzie@massygroup.com,bruce.mackenzie@massygroup.com,,2017-05-26 19:54:12.038793
,Arliss,Coates,Econsultancy,None: arliss.coates@econsultancy.com,arliss.coates@econsultancy.com,,2017-05-26 18:54:17.565757
,Priya,Kashyap,GE Capital,None: priya.kashyap@ge.com,priya.kashyap@ge.com,,2017-05-26 09:28:20.359008
,Vu,Hai,FEI,None: vuhunghai@yahoo.com,vuhunghai@yahoo.com,,2017-05-26 08:39:05.465278
,Rembrandt,Kuipers,Carlson Wagonlit Travel,"rem@kuipers.me.uk: rem@kuipers.me.uk
None: rembrandt.kuipers@carlsonwagonlit.com","rem@kuipers.me.uk, rembrandt.kuipers@carlsonwagonlit.com",,2017-05-25 17:09:59.769410
,Rob,Massuger,Qurrent Nederland BV,None: rob.massuger@qurrent.nl,rob.massuger@qurrent.nl,,2017-05-24 11:04:32.959634
,Peter,Franklin,Enstra Consulting,work: peter.franklin@enstra.com,peter.franklin@enstra.com,,2017-05-23 07:48:32.561665
,Claire,Anwyl,DP World,None: canwyl@dpworldsouthampton.com,canwyl@dpworldsouthampton.com,,2017-05-22 10:53:52.707007
,Fergus,Gordon,N/A,None: fergus_gordon@hotmail.com,fergus_gordon@hotmail.com,,2017-05-21 15:55:49.125500
,Akshay,Jain,Sumeru Nigeria Ltd,None: akshay@sumerusolutions.com,akshay@sumerusolutions.com,,2017-05-17 09:12:06.712648
,Sumit,Saini,Accenture,None: sumitsaini13@gmail.com,sumitsaini13@gmail.com,,2017-05-15 05:27:20.588028
,Guiomar,Fernández,IoT Solutions World Congress / Fira Barcelona,None: gfernandez@firabarcelona.com,gfernandez@firabarcelona.com,,2017-05-12 11:01:52.389581
,Loic,Bertin,DATA4 GROUP,None: loic.bertin@data4group.com,loic.bertin@data4group.com,,2017-05-10 12:42:02.161761
,Lawrence,Lerner,Lerner Consulting,None: lawrencelerner@gmail.com,lawrencelerner@gmail.com,,2017-05-09 22:25:42.011188
,Bharath,Aditya,Hello Krispypapad LLP,"None: bharath@krispypapad.com
None: nlfba002@gmail.com","bharath@krispypapad.com, nlfba002@gmail.com",,2017-05-09 14:28:21.829010
,Anna,Nowak,McKinsey,None: anna_nowak@mckinsey.com,anna_nowak@mckinsey.com,,2017-05-09 10:34:41.102192
,Matt,Wallin,CASS Business School,None: matthew.wallin@cass.city.ac.uk,matthew.wallin@cass.city.ac.uk,,2017-05-09 10:00:12.678258
https://media.licdn.com/mpr/mpr/shrinknp_400_400/AAEAAQAAAAAAAAjrAAAAJDRiMmY1MjlhLTA5N2QtNGU2ZS1iZmY2LTAzNjE2ZGQwMzE0Yg.jpg,Ann-Sofie,Cuyvers,Al-Futtaim Group,"Ann-Sofie.Cuyvers@AlfuttaimFinance.ae: Ann-Sofie.Cuyvers@AlfuttaimFinance.ae
Work: cuyvers.annsofie@gmail.com
None: ann-sofie.cuyvers@alfuttaimfinance.ae","Ann-Sofie.Cuyvers@AlfuttaimFinance.ae, cuyvers.annsofie@gmail.com, ann-sofie.cuyvers@alfuttaimfinance.ae",,2017-05-09 06:04:19.497907
,Tim,Emmert,Rockwell Collins,None: temmert@arinc.com,temmert@arinc.com,,2017-05-08 14:56:06.601095
,,name,company,None: test@example.com,test@example.com,,2017-05-06 14:56:33.908361
,Levent,Ozalp,OPTiiM,"levent.ozalp@optiim.com: levent.ozalp@optiim.com
lozalp@gmail.com: lozalp@gmail.com","levent.ozalp@optiim.com, lozalp@gmail.com",,2017-05-06 10:45:53.546706
,David,Phillips,UWE,"david.g.h.phillips@gmail.com: david.g.h.phillips@gmail.com
None: david.g.h.phillips@gmail.com","david.g.h.phillips@gmail.com, david.g.h.phillips@gmail.com",,2017-05-05 14:53:00.984776
,natalie,frangi,ITEC,"None: natalie.frangi@itec.guru
None: natalie.frangi@itec.guru","natalie.frangi@itec.guru, natalie.frangi@itec.guru",,2017-05-05 13:19:44.081904
,Ian,Kerr,Bolero International,None: ian.kerr@bolero.net,ian.kerr@bolero.net,,2017-05-05 13:01:18.496583
,Peter,McBurney,King's College London,Work: peter.mcburney@kcl.ac.uk,peter.mcburney@kcl.ac.uk,,2017-05-05 10:51:52.268475
,Paulo,Silva,Euronext,Work: PSilva@euronext.com,PSilva@euronext.com,,2017-05-05 10:48:09.308617
,Ninu,Augustine,IBS,None: ninu.augustine@ibsplc.com,ninu.augustine@ibsplc.com,,2017-05-02 12:15:58.350467
,,essam,private,None: esmhos@hotmail.com,esmhos@hotmail.com,,2017-04-30 04:59:53.461484
,Obeid,Ruff,,None: abdiabusharif@gmail.com,abdiabusharif@gmail.com,,2017-04-26 22:32:02.409154
,giovanni,altimari,BTO Research,None: giovanni.altimari@btoresearch.com,giovanni.altimari@btoresearch.com,,2017-04-24 12:41:32.982747
,Rick,Patch,Odyssey Partners,None: rick@patchfamily.com,rick@patchfamily.com,,2017-04-23 18:42:02.375686
,Michelle,Ji,HSBC Bank PLC,None: michelle521cn@gmail.com,michelle521cn@gmail.com,,2017-04-20 17:25:52.242784
,Sundararaman,Chintamani,Tech Mahindra,None: sundararaman.c@techmahindra.com,sundararaman.c@techmahindra.com,,2017-04-20 15:51:00.120683
,,Shashank,Freelance Consultant,None: whatthehecisthis@gmail.com,whatthehecisthis@gmail.com,,2017-04-19 06:52:32.748067
,Poonam,Khanna,,None: poonamkhanna1@gmail.com,poonamkhanna1@gmail.com,,2017-04-18 10:45:40.771387
,Sanjay,Verma,Lennox,None: sanjay.verma@lennoxintl.com,sanjay.verma@lennoxintl.com,,2017-04-13 16:16:06.651913
,John,Lahr,Daisy Labs,None: jlahr@daisylabs.io,jlahr@daisylabs.io,,2017-04-05 21:27:46.180806
,,m,GMX,"None: mw12@gmx.net
None: wmn@gmx.net","mw12@gmx.net, wmn@gmx.net",,2017-04-03 14:42:43.110747
,Temitope,Esan,Terragon Group,None: tesan@terragonltd.com,tesan@terragonltd.com,,2017-04-03 09:11:53.295570
,Mustafa,Kocakoc,VESTEL Electronics,None: mustafa.kocakoc@vestel.com.tr,mustafa.kocakoc@vestel.com.tr,,2017-03-30 19:06:20.451027
,David,Grant,Bleu Citron,personal: david.grant@talk21.com,david.grant@talk21.com,,2017-03-20 18:13:25.750228
,Michael,Schroff,SV SparkassenVersicherung AG,None: michael.schroff@sparkassenversicherung.de,michael.schroff@sparkassenversicherung.de,,2017-03-20 15:11:32.012625
,Nuraan,Esmael,None,None: nuraan.esmael@hotmail.com,nuraan.esmael@hotmail.com,,2017-03-20 12:47:50.041165
,David,Jones,Arena International,None: david.jones@arena-international.com,david.jones@arena-international.com,None: 02079366645,2017-03-17 09:42:16.216135
,Gautam,Rastogi,IBM,None: gautrast@in.ibm.com,gautrast@in.ibm.com,,2017-03-15 14:55:19.483239
,Wanderley,Alencar,EY,None: wanderley.alencar@br.ey.com,wanderley.alencar@br.ey.com,,2017-03-13 18:27:45.873973
,Sam,Botterill,Electron,None: sam.botterill@electron.org.uk,sam.botterill@electron.org.uk,,2017-03-13 13:31:11.721894
,Eric,Charvillat,,None: echarvillat@gmail.com,echarvillat@gmail.com,,2017-03-10 15:06:53.261423
,Carol,Wong,CLAP,None: km_carol_wong@yahoo.com,km_carol_wong@yahoo.com,,2017-03-07 04:00:54.468719
,Wajahat,Baloch,Trimcraft Ltd,None: wajahat.baloch@trimcraft.co.uk,wajahat.baloch@trimcraft.co.uk,,2017-03-03 16:49:40.437250
,Kaylan,Raman,Protiviti,None: Kalyan.raman@protivitigobal.me,Kalyan.raman@protivitigobal.me,,2017-03-02 09:25:59.871657
,Tomas,Novotny,Raven Studio,None: novotny@ravenstudio.cz,novotny@ravenstudio.cz,,2017-02-27 08:18:35.440953
,Andreas,Prybila,,None: andreas@prybila.at,andreas@prybila.at,Work: +43 6643953412,2017-02-24 23:07:32.396375
,Stuart,Chalmers,BRE (Building Research Establishment),None: stuart.chalmers@gmail.com,stuart.chalmers@gmail.com,,2017-02-22 13:09:00.322344
,Lara,Korz,Azur Underwriting Limited,None: lara.korz@azurpcg.com,lara.korz@azurpcg.com,,2017-02-22 08:13:09.880703
,,Giovanny,,None: giovanny11465gu@gmail.com,giovanny11465gu@gmail.com,,2017-02-21 21:22:17.987188
,Jane,Wharton,UK Ministry of Defence,None: jjanewharton@aol.com,jjanewharton@aol.com,,2017-02-21 19:23:06.910311
,Eleonora,Loureiro,CASS Business School,None: eleonorarl@gmail.com,eleonorarl@gmail.com,,2017-02-21 19:08:39.329291
,Nehle,Hertling,bemorrow GmbH,None: nehle.hertling@bemorrow.com,nehle.hertling@bemorrow.com,,2017-02-15 13:19:18.720262
,Lauren,Abraham,N/A,None: lauren.abraham77@googlemail.com,lauren.abraham77@googlemail.com,,2017-02-14 13:55:00.229012
,Eirik,Solberg,Statoil ASA,None: soleir@gmail.com,soleir@gmail.com,,2017-02-06 08:30:59.727359
,Redwan,Zeroual,Statoil ASA,"work: rzer@statoil.com
None: rzer@statoil.com","rzer@statoil.com, rzer@statoil.com",,2017-02-02 13:03:09.660129
,Jeremy,Cooke,,None: jeremy.cooke@gmail.com,jeremy.cooke@gmail.com,,2017-01-27 11:08:32.896062
,Dan,Feaheny,,None: dfeaheny@gmail.com,dfeaheny@gmail.com,,2017-01-26 11:02:52.353515
,Graham,Clark,Easier compliance,None: graham@easiercompliance.com,graham@easiercompliance.com,,2017-01-25 18:22:07.901702
,Marina,Titova,Argon Group,Work: marina.titova@argongroup.com,marina.titova@argongroup.com,,2017-01-25 18:21:27.041402
,sejin,yoon,Dahong,None: nuclecker27@naver.com,nuclecker27@naver.com,,2017-01-25 00:52:48.343370
,Vishal,Mallick,Performance Buildings AG,"vishal.mallick@performancebuildings.ch: vishal.mallick@performancebuildings.ch
None: vishal.mallick@performancebuildings.ch","vishal.mallick@performancebuildings.ch, vishal.mallick@performancebuildings.ch",,2017-01-22 10:36:34.059589
,Nathan,Hodgen,Federal Reserve Bank of Cleveland,None: nathanhodgen@gmail.com,nathanhodgen@gmail.com,None: 2169063653,2017-01-21 15:26:16.883572
,Plamena,Panova,Financial Times,None: plamena.panova@ft.com,plamena.panova@ft.com,,2017-01-19 13:38:46.764804
,Andrea,Burgess,Lloyds Banking Group,None: andrea.burgess@lloydsbanking.com,andrea.burgess@lloydsbanking.com,,2017-01-18 08:27:29.341918
,Wilfried,Pimenta de Miranda,Alpha Venturi,work: wilfried@alpha-venturi.com,wilfried@alpha-venturi.com,,2017-01-17 16:12:27.649856
,David,Wicks,Horndale Solutions,None: david.wicks@horndale.solutions,david.wicks@horndale.solutions,,2017-01-17 10:18:29.164811
,m,jull,jacks,None: mjull@jacks.com,mjull@jacks.com,,2017-01-16 13:36:21.177434
,Paul,stannard,World Nano Foundation ,None: paul.stannard@worldnanofoundation.com,paul.stannard@worldnanofoundation.com,,2017-01-13 09:38:26.302381
,Jamshed,Hakim,UBS Limited,None: jamshed-H.hakim@UBS.com,jamshed-H.hakim@UBS.com,,2017-01-11 12:40:54.214119
,Jay,Doshi,,None: me@jaydoshi.com,me@jaydoshi.com,,2017-01-10 16:33:06.159359
,Tatiana,Surenkova,City & Financial Global,None: tsurenkova@cityandfinancial.com,tsurenkova@cityandfinancial.com,,2017-01-10 10:38:19.579901
,Liz,Martin,Discover Lists,None: liz@discoverlists.com,liz@discoverlists.com,None: 9142885940,2017-01-09 20:44:18.046620
,David,Gardner,Tinyglobe,None: davega@tinyglobe.net,davega@tinyglobe.net,,2017-01-03 23:39:17.533662
,Elsa,Fisher,Sales and Marketing,None: elsa.edata@outlook.com,elsa.edata@outlook.com,None: 000-000-0000,2016-12-21 13:59:47.563124
,Joe,Awni,CBD,None: joe.awni@gmail.com,joe.awni@gmail.com,None: +1 410 428 3634,2016-12-20 17:12:16.679829
,Neeraj,Tayade,CASS Business School,"None: Neeraj.Tayade@cass.city.ac.uk
None: neeraj.tayade@cass.city.ac.uk","Neeraj.Tayade@cass.city.ac.uk, neeraj.tayade@cass.city.ac.uk",,2016-12-19 17:02:02.036432
,Oenone,Scott,Electron,None: oenone.scott@electron.org.uk,oenone.scott@electron.org.uk,,2016-12-16 14:32:24.013813
,Matt,Bray,retireoo,None: mbray.rm@gmail.com,mbray.rm@gmail.com,,2016-12-15 09:01:12.257419
,Waman,Kulkarni,Liberty Commodities,Personal: wamanskulkarni@yahoo.com,wamanskulkarni@yahoo.com,,2016-12-14 17:33:45.075025
,,Luke,Elements,None: luke@weareelements.io,luke@weareelements.io,,2016-12-14 13:51:31.233332
,Sivan,Bender,SlidePiper,None: sivanb@slidepiper.com,sivanb@slidepiper.com,,2016-12-12 11:27:55.278291
,Kyrre,Finskud,Microsoft,None: kyfinsku@microsoft.com,kyfinsku@microsoft.com,,2016-12-12 10:45:20.215826
,,Tony,,None: tony.vernall@hotmail.com,tony.vernall@hotmail.com,,2016-12-09 09:16:16.008892
,,Nikolas,,None: nikolas.kr@gmail.com,nikolas.kr@gmail.com,,2016-12-08 09:53:59.646498
,Takako,Inoue,Komatsu Research and Advisory,None: tinoue@komatsuresearch.com,tinoue@komatsuresearch.com,,2016-12-06 16:01:52.249767
,Dave,Gardner,Index Online Pro,None: dave.gardner@indexonlinepro.com,dave.gardner@indexonlinepro.com,None: 1 573 539 1776,2016-12-06 14:16:07.389792
,Tobi,Gibson,ExplainYourPitch,None: TobiGibson@explainyourpitch.com,TobiGibson@explainyourpitch.com,,2016-11-30 20:05:02.140763
,Alexandros,Leonidis,London Business School,None: aleonidis.mim2017@london.edu,aleonidis.mim2017@london.edu,,2016-11-30 18:51:39.291628
,Tilo,Nirk,Daimler,None: tilo.nirk@daimler.com,tilo.nirk@daimler.com,,2016-11-29 16:24:25.123265
,Mike,Fish,,None: mike.fish@bigdata4analytics.com,mike.fish@bigdata4analytics.com,,2016-11-29 14:34:33.761158
,Marie,Popoff,L'Oreal,None: marie.popoff@loreal.com,marie.popoff@loreal.com,,2016-11-24 14:09:57.967001
,Hazim,Sarraf,SNAX,None: hazim.sarraf@snax.com.co,hazim.sarraf@snax.com.co,Work: 00971503969589,2016-11-23 06:07:54.383302
,Alejandro,Garro,audare consulting,None: alejandro.garro@audare.com.ar,alejandro.garro@audare.com.ar,,2016-11-20 15:22:30.768123
,Andre,Burgess,Fintricity,"None: andre.burgess@brightpath.technology
Work: andre.burgess@fintricity.com","andre.burgess@brightpath.technology, andre.burgess@fintricity.com",,2016-11-18 06:41:00.903806
,Paulo,Alexandrino,Do It Better,None: paulo.alexandrino@doitbetter.pt,paulo.alexandrino@doitbetter.pt,None: 934118652,2016-11-16 14:52:48.478598
,Anisie,Lorena,Long Way ,None: lorena.anisie@long-way.eu,lorena.anisie@long-way.eu,,2016-11-16 11:07:29.549156
,Oleg,Savin,Freelance,None: ocama@mail.ru,ocama@mail.ru,,2016-11-16 07:53:47.882826
,Adedayo,Adebiyi,Lantem Consulting,None: ade.adebiyi@outlook.com,ade.adebiyi@outlook.com,,2016-11-15 15:12:09.119560
,Vladislav,Danilenko,Avon,None: vidiotrue@list.ru,vidiotrue@list.ru,,2016-11-13 08:01:55.018310
,Reema,doshi,Kingsway Tyres,None: reema@doshi.cc,reema@doshi.cc,,2016-11-10 10:32:32.617854
,Ben,Drake,Fleming,None: ben.drake@fleming.events,ben.drake@fleming.events,None: 00917411223884,2016-11-08 05:26:13.021709
,Owen,Williams,Statoil ASA,None: oww@statoil.com,oww@statoil.com,,2016-11-07 23:05:12.021819
,Alberto,Martellini,American Express,None: martellini.alberto@gmail.com,martellini.alberto@gmail.com,,2016-11-07 20:34:04.653370
,Luke,Dyyas,Quaero Capital,None: l.dyas@quaerocapital.com,l.dyas@quaerocapital.com,,2016-11-04 09:24:38.824254
,Bhavna,cansick,Port technology international,None: bee@porttechnology.org,bee@porttechnology.org,,2016-11-04 06:30:13.321001
,Vikki,Ormsby,HUI,None: VikkiOrmsby93@gmail.com,VikkiOrmsby93@gmail.com,,2016-11-01 11:03:59.457745
,Ashley,Sass,AMS Insight,None: ash_sass@AMSInsight.onmicrosoft.com,ash_sass@AMSInsight.onmicrosoft.com,,2016-10-27 22:02:39.182807
,Attul,Sehgal,Red octopus ,None: attul@redoctopusinnovation.com,attul@redoctopusinnovation.com,,2016-10-27 17:30:58.389804
,Paolo,Petronio,PP Business Consulting,None: pp@globianetwork.com,pp@globianetwork.com,,2016-10-21 13:53:34.962912
,Cynthia,George,DO&E,None: cynthia.george3@hotmail.com,cynthia.george3@hotmail.com,None: 555-555-5555,2016-10-20 05:02:51.871114
,Elpiniki,Mylona,Ericsson,None: elpimyl@gmail.com,elpimyl@gmail.com,,2016-10-19 13:31:24.658012
,Kristina,Milakovic,united cloud,None: kristina.milakovic@united.cloud,kristina.milakovic@united.cloud,,2016-10-19 13:27:54.866310
,Tristan,Palmer,In Working For You,None: tristanpalmerlondon@gmail.com,tristanpalmerlondon@gmail.com,,2016-10-19 10:02:58.440302
,Lisa,Evans,Powerleadbox,None: lisa.evans@powerleadbox.com,lisa.evans@powerleadbox.com,None: 0000000000,2016-10-18 05:50:59.598380
,Bill,Clarke,The Technology Roadmap Group,None: BClarke0828@gmail.com,BClarke0828@gmail.com,,2016-10-17 10:40:27.012670
,Joanne,Burns,Jburns,None: jo@followell.com,jo@followell.com,,2016-10-17 09:04:29.178693
,Susannah,Haan,PWI Brussels,None: susannah.haan@dunelm.org.uk,susannah.haan@dunelm.org.uk,,2016-10-15 09:08:04.466163
,prakshat,shrimankar,ampl,None: prakshat@gmail.com,prakshat@gmail.com,,2016-10-14 22:23:40.751442
,Arnis,Dubrovskis,Tchibo,Work: arnis.dubrovskis@tchibo.pl,arnis.dubrovskis@tchibo.pl,,2016-10-14 14:02:18.636989
,John,Smith,John Smith Plc,None: john.smith@smiths.com,john.smith@smiths.com,,2016-10-13 08:19:00.714267
,NIKOLAOS,BAKALIS,PRIMSER DEVELOPMENT SOLUTIONS,None: NBA@PRIMSER.GR,NBA@PRIMSER.GR,,2016-10-13 07:27:48.817032
,kiara,Green,E-Cloudbase,None: kiara.green@e-cloudbase.com,kiara.green@e-cloudbase.com,None: 6787135804,2016-10-12 16:44:56.786717
,Smaragda,Progiou,EL-FASHION,None: smaragda@el-fashion.gr,smaragda@el-fashion.gr,,2016-10-05 18:09:05.524480
,Rizwan,Khan,Branch Productions,None: rizwankhan1986@hotmail.co.uk,rizwankhan1986@hotmail.co.uk,,2016-10-05 14:28:55.892685
,,Giedrius,B-Linkpharma,None: giedrius@b-linkpharma.com,giedrius@b-linkpharma.com,,2016-09-30 07:32:42.721392
,Henry,Obatomi,Flw,Work: obatome@gmail.com,obatome@gmail.com,,2016-09-27 10:52:43.998559
,Le,Cocquen,WISekey SA,Work: elecocquen@wisekey.com,elecocquen@wisekey.com,,2016-09-26 16:36:06.145337
,Dimitri,Koutsos,Nephel Ltd,Personal: Dimitri.koutsos@gmail.com,Dimitri.koutsos@gmail.com,,2016-09-26 16:12:19.978239
,Javier Domingo,Folgado,RELIANZE Capital,Work: jdomingo@relianze.com,jdomingo@relianze.com,,2016-09-23 15:29:24.035125
,Piotr,Markiewicz,Metlife.pl,Work: Piotr.Markiewicz@Metlife.pl,Piotr.Markiewicz@Metlife.pl,,2016-09-21 16:49:42.250153
,Krupsahankar,Chaube,Techlink Infoware Pvt. Ltd.,Work: chaube@techlink.in,chaube@techlink.in,,2016-09-21 16:47:35.905910
,Bill,Clarke,The Technology Roadmap Group,Work: BClarke0828@gmail.com,BClarke0828@gmail.com,,2016-09-21 16:46:02.858036
,Juan,García Moreno,Pozuelo de Alarcon,Work: jgarmor@mapfre.com,jgarmor@mapfre.com,,2016-09-21 16:42:34.334660
,Izabella,Koukorava,CASS Business School,None: Izampella.koukorava@cass.city.ac.uk,Izampella.koukorava@cass.city.ac.uk,,2016-09-15 10:36:23.452613
,Ricardo,Spínola,The Improvers Consulting,Work: ricardo.spinola@theimprovers.consulting,ricardo.spinola@theimprovers.consulting,,2016-09-15 10:17:12.188878
,deepa,bhat,CASS Business School,None: deepakrishnabhat@gmail.com,deepakrishnabhat@gmail.com,,2016-09-15 09:57:51.902925
,Simon,Farrell,ACS Ltd,None: simon_farrell@me.com,simon_farrell@me.com,,2016-09-14 11:26:55.857094
,Mithi,Thaya,ZEAL,None: thaya.mithi@gmail.com,thaya.mithi@gmail.com,,2016-09-14 11:18:06.755185
,tom,aldridge,own,None: thald@msn.com,thald@msn.com,,2016-09-12 08:44:59.774395
https://media.licdn.com/mpr/mpr/shrinknp_400_400/AAEAAQAAAAAAAAJvAAAAJDNmZGNjNzBiLTg3MjktNDk4YS05YTg4LWM2N2JhZmE1NDJlMw.jpg,Jatil,Kassanjee,KPMG,None: jatil.kassanjee@kpmg.co.za,jatil.kassanjee@kpmg.co.za,,2016-09-11 23:59:46.385694
https://media.licdn.com/mpr/mpr/shrinknp_400_400/AAEAAQAAAAAAAAkMAAAAJDE3NzFjNzBjLTZmOGMtNGUyNy1hOGI0LTdlZWJjODdmY2FjMw.jpg,Kevin,Dunckley,HH Global,Work: kevin.dunckley@hhglobal.com,kevin.dunckley@hhglobal.com,,2016-09-09 11:09:27.485995
,Vikas,Gadre,NMIMS institute of Busienss Management,None: vikas.gadre@nmims.edu,vikas.gadre@nmims.edu,,2016-09-09 10:49:33.572230
,Grant,Caldwell,Connections Consult,None: grant.caldwell@connectionsconsult.ro,grant.caldwell@connectionsconsult.ro,None: +44 20 3289 0497,2016-08-23 07:29:13.690831
