PHOTO URL,FIRST NAME,LAST NAME,ORGANIZATION,EMAIL,EMAIL (PLAIN),PHONE
,Alex,Vines,The Royal Institute of International Affairs,Work: avines@chathamhouse.org,avines@chathamhouse.org,
,Herznan Chinery,Hesse,the S@Ti)fTtrib e Software Innovations for Africa ' s Renaissance,Work: herman@bslglobal.com,herman@bslglobal.com,Work: +233244358653
,Jasmine,Arora,London Stock Exchange Group,Work: jarora@lseg.com,jarora@lseg.com,Work: 447973949239
,Jay W.,Ireland,GE Capital,Work: jay.ireland@ge.com,jay.ireland@ge.com,Work: +254705116
,MARK,DEMIRJIAN,DEM-C,Work: mark@dem-capital.com,mark@dem-capital.com,Work: +961 1 985 885
,Mikir,Shah,AXA Group,Work: mikir.shah@axa-asr.com,mikir.shah@axa-asr.com,Work: +447775018459
,Mirela,Xhota,A Nikkei Company,Work: mirela.xhota@ft.com,mirela.xhota@ft.com,
,Rohit,Devani,Financial Times,Work: rmdevani@vossnet.co.uk,rmdevani@vossnet.co.uk,
,Tarek El,Sherbini,European Bank for Reconstruction and Development,Work: elshert@ebrd.com,elshert@ebrd.com,Work: +447921039918
,Terefe Dida,Meriyane,Embassy Of the-Federal Democratic Republic Of Ethiopia,Work: trade@ethioembassy.org.uk,trade@ethioembassy.org.uk,
,Yaw,Nsarkoh,Unilever Nigeria PLC,Work: yaw.nsarkohta@unilever.com,yaw.nsarkohta@unilever.com,Work: +2348129901600
