FIRST NAME,LAST NAME,JOB ROLE,ORGANIZATION,EMAIL,EMAIL (PLAIN),PHONE
Abdullah,Nami,Chief Compliance Officer,Al-Rajhi Banking & Inv. Corp.,,,
Adrian,Daniel,Head of Data Architecture,NewDay,adrian.daniel@dunnhumby.com: adrian.daniel@newday.co.uk,adrian.daniel@newday.co.uk,
Agnieszka,Michalik,Senior Data Architect,Nokia,inesami@gmail.com: inesami@gmail.com,inesami@gmail.com,
Aki,Matsushima,Data Scientist (Senior Manager),Royal Mail,akimatsushima@gmail.com: akimatsushima@gmail.com,akimatsushima@gmail.com,
Alain,Ouk Glickman,VP Analytics,Orange Group,Work: alain.glickman@orange-ftgroup.com,alain.glickman@orange-ftgroup.com,
Alan,Priestley,Cloud & Big Data Analytics Solutions Marketing Director,Intel Corporation,alan.priestley@t-online.de: alan.priestley@t-online.de,alan.priestley@t-online.de,
Alasdair,Anderson,Head of Group Big Data Services,HSBC Bank PLC,alasdair.anderson@gmail.com: alasdair.anderson@gmail.com,alasdair.anderson@gmail.com,
Alex,Glaser,Data Scientist,PIERCE PROTOCOLS LIMITED,alexglaser1973@gmail.com: alexglaser1973@gmail.com,alexglaser1973@gmail.com,
Alpesh,Desai,Director/Enterprise Architect - Data Services,IHG - InterContinental Hotels Group,desaiak@gmail.com: desaiak@gmail.com,desaiak@gmail.com,
Alun,Jones,Data Scientist,Kone Cranes,Alun Jones <alun.jones@konecranes.com>: Alun Jones <alun.jones@konecranes.com>,Alun Jones <alun.jones@konecranes.com>,
Andreas,Braun,"Head, Global Data & Analytics",Allianz Group,"ANDREAS.BRAUN1@ALLIANZ.COM: ANDREAS.BRAUN1@ALLIANZ.COM
ANDREAS.BRAUN1@allianz.com: ANDREAS.BRAUN1@allianz.com","ANDREAS.BRAUN1@ALLIANZ.COM, ANDREAS.BRAUN1@allianz.com",+49 172 6562298: +49 172 6562298
Andrew,Bolton,Chief Data Officer,Fraudscreen UK,Work: jill.bolli@fraudscreen.co.uk,jill.bolli@fraudscreen.co.uk,
Andrew,Deykin,Head of Data,Havas Media,andrew.deykin@gmail.com: andrew.deykin@gmail.com,andrew.deykin@gmail.com,
Andrew,Hall,Head of Data Fabric,BNP Paribas,Andrew.J.HALL@uk.bnpparibas.com: Andrew.J.HALL@uk.bnpparibas.com,Andrew.J.HALL@uk.bnpparibas.com,
Andrew,Maclaren,Executive Director - Information & Analytics,NATIONAL HEALTH SERVICES (NHS),acmaclaren@gmail.com: acmaclaren@gmail.com,acmaclaren@gmail.com,
Andrew,McMurtrie,Head of Data Science,Direct Line Group,Work: andrew.mcmurtrie@directlinegroup.co.uk,andrew.mcmurtrie@directlinegroup.co.uk,
Andrew,Trigg,Head of Data,Land Registry,andrew.trigg@landregistry.gsi.gov.uk: andrew.trigg@landregistry.gsi.gov.uk,andrew.trigg@landregistry.gsi.gov.uk,+44 (0) 776 802 2041: +44 (0) 776 802 2041
Andrew,Wells,Chief Data Officer,Aviva,Work: andrew.m.wells@aviva.com,andrew.m.wells@aviva.com,
Andy,Ruckley,Chief Data Officer,ASOS,Work: andy.ruckley@asos.com,andy.ruckley@asos.com,
Anil,Kumar,Insurance Risk/Data Analyst,AIG Europe Limited,anilshere@gmail.com: anilshere@gmail.com,anilshere@gmail.com,
Ankur,Gupta,Solutions Engineer - Big Data,Hortonworks,ankur.dba@gmail.com: ankur.dba@gmail.com,ankur.dba@gmail.com,
Anna,Ahtiainen,Senior Director - Analytics & Measurement,,,,
Aswyn,Saktoe-Veenenbos,Manager Marketing Database Intelligence,T-Mobile Netherlands,Work: aswyn.saktoe-veenenbos@t-mobile.nl,aswyn.saktoe-veenenbos@t-mobile.nl,
Ben,Dudley,Head of Data Modelling,Havas Media,ben_r_dudley@hotmail.com: ben_r_dudley@hotmail.com,ben_r_dudley@hotmail.com,
Benjamin,Whitby,Regulatory Conduct and Financial Crime Specialist,HSBC Bank PLC,Work: ben.whitby@gmail.com,ben.whitby@gmail.com,
Bert,van de Haar,Chief Data Officer,ING,Work: bert.van.de.haar@ing.nl,bert.van.de.haar@ing.nl,"Work: +31205639661
Mobile: + 31 6 21250688"
Bo,Boisen,Program Director - Regulatory and Risk Analytics,HSBC Bank PLC,bboisen@gmail.com: bboisen@gmail.com,bboisen@gmail.com,
Boris,Huard,"UK&I Managing Director, Experian Data Quality",Experian,borishuard@hotmail.com: borishuard@hotmail.com,borishuard@hotmail.com,
Brennan,Carley,Global Head of Enterprise Platform and Enterprise Analytics Business,Thomson Reuters,brennan.carley@protonadvisors.com: brennan.carley@protonadvisors.com,brennan.carley@protonadvisors.com,
Brijesh,Balakrishnan,Chief Data Officer,MESH The Experience Agency,Work: brijeshbalakrishnan@meshexperience.com,brijeshbalakrishnan@meshexperience.com,
Bruno,Bonacci,BigData Architect in R&D,Channel 4,bonacci.bruno@gmail.com: bonacci.bruno@gmail.com,bonacci.bruno@gmail.com,
Carla,Lawrence,Mortgage & Protection Adviser,Morrison Ward Associates,carla.lawrence811@googlemail.com: carla.lawrence811@googlemail.com,carla.lawrence811@googlemail.com,
Carole,McCourt,Data Quality Manager,Sage,carolemccourtdqm@outlook.com: carolemccourtdqm@outlook.com,carolemccourtdqm@outlook.com,
Charles,Cai,Head of Data Science Technology,BP p.l.c. (Trading Division),,,
Charles,Gadalla,"Director, Advanced Analytics (Predictive Analysis)",SAP,charles.gadalla@gmail.com: charles.gadalla@gmail.com,charles.gadalla@gmail.com,
Chris,Johnson,"Senior Product Manager, Market Data Services",HSBC Bank PLC,chris.johnson@hsbc.com: chris.johnson@hsbc.com,chris.johnson@hsbc.com,
Christian Wiese,Svanberg,"Chief Privacy Officer, Head of Data Protection Unit",Danish National Police,,,
Corey,Cardine,Global Head Risk Analytics FCC,HSBC Bank PLC,,,
Dan,Crisp,"Managing Director - Chief Information Risk Officer and Head of Technology Compliance, EMEA",BNY Mellon,,,+44 7766990582: +44 7766990582
Daniel,Dinnyes,Scala / Big Data Specialist (Contract),Barclays Bank PLC,dinnyesd@gmail.com: dinnyesd@gmail.com,dinnyesd@gmail.com,
Danielle,Morley,Compliance Delivery and Advice Manager,National Savings and Investments,danielle.morley@nsandi.com: danielle.morley@nsandi.com,danielle.morley@nsandi.com,
Daniel,Nelson,Head of Data,Ocado Technology,daniel.nelson@ocado.com: daniel.nelson@ocado.com,daniel.nelson@ocado.com,
Daniel,Ryan,Head of R&D - Life&Health & Big Data,Swiss Re,daniel_ryan@swissre.com: daniel_ryan@swissre.com,daniel_ryan@swissre.com,+44 20 7933 3408: +44 20 7933 3408
Dan,Kellett,Director of Data Science,Capital One,Dan.Kellett@capitalone.com: Dan.Kellett@capitalone.com,Dan.Kellett@capitalone.com,
Dan,Morgan,Head of Policy and Regulation,Innovate Finance,daniel@innovatefinance.com: daniel@innovatefinance.com,daniel@innovatefinance.com,"2038190179: 2038190179
7709393156: 7709393156"
Dario,Parente,Managing Director - Corp Trust Strategy & Regulatory Affairs,BNY Mellon,dario@parente.com: dario@parente.com,dario@parente.com,
Darran,Tucker,Chief Data Officer,Office for National Statistics,Work: darran.tucker@ons.gsi.gov.uk,darran.tucker@ons.gsi.gov.uk,
Darren,Siddle,Data Lead - AMG - Big Data and Group Data Management Programme,HSBC Bank PLC,darrensiddle@hotmail.com: darrensiddle@hotmail.com,darrensiddle@hotmail.com,
David,Asfaha,Data Scientist,Addison Lee,davidasfaha@gmail.com: davidasfaha@gmail.com,davidasfaha@gmail.com,
David,Coughlin,"HPC, Open Source Cloud and Big Data Sales",Dell EMC,davec@f2s.com: davec@f2s.com,davec@f2s.com,
David,Cunningham,Smart Data Manager,AXA PPP Healthcare,,,
David,Greenwood,Data Geek,Splunk,,,
David,Joyce,Data and Analytics Manager,Sage,david.joyce@sage.com: david.joyce@sage.com,david.joyce@sage.com,
David,May,Global Customer Analytics Capabilities - Senior Manager,Vodafone Group Public Limited Company,d_j_may@hotmail.com: d_j_may@hotmail.com,d_j_may@hotmail.com,
David,Pears,Head of Data & Integration,M&G,,,
David,Rhee,Global Marketing Analytics,adidas group,"wdaveonline@gmail.com: wdaveonline@gmail.com
None: david.rhee@adidas.com","wdaveonline@gmail.com, david.rhee@adidas.com",
David,Terrar,Governance Board Member,Cloud Industry Forum (CIF),dt@d2c.org.uk: dt@d2c.org.uk,dt@d2c.org.uk,
David,Ward,"Policy, Regulation and Awareness specialist",Royal Bank of Scotland,warddj@hotmail.co.uk: warddj@hotmail.co.uk,warddj@hotmail.co.uk,
David,Wilton,Data Scientist,Admiral Group Plc,dave_wilton@hotmail.com: dave_wilton@hotmail.com,dave_wilton@hotmail.com,
Derek,Dempsey,"Director, Data Science Centre of Excellence",FICO,derek.dempsey@fico.com: derek.dempsey@fico.com,derek.dempsey@fico.com,2079408727: 2079408727
Domenico,Picone,"Head of Mortgage Analytics, European Mortgage Strategies",BlackRock,domenicopicone@hotmail.com: domenicopicone@hotmail.com,domenicopicone@hotmail.com,
Dorian,McCree,Data Analytics,Vodafone Group Public Limited Company,Work: dorian.mccree@vodafone.com,dorian.mccree@vodafone.com,
Dr Andrew,"Maynard BA, MA (Cantab) PhD",Big data analyst,Trakm8,,,
Dries,de Dauw,Head of Customer and Data Analytics,AG Insurance,,,
Dr. Przemyslaw,Rymaszewski,Predictive Analytics Program Manger,Zurich Insurance Company Ltd.,przemyslaw.rymaszewski@zurich.com: przemyslaw.rymaszewski@zurich.com,przemyslaw.rymaszewski@zurich.com,41786172465: 41786172465
Ed,Wrazen,VP Product Management: Big Data,Trillium Software,ed.wrazen@trilliumsoftware.com: ed.wrazen@trilliumsoftware.com,ed.wrazen@trilliumsoftware.com,
Eleanor,Brown,"Senior Analytics Manager, Group Finance",Prudential Plc,Work: eleanor.brown@prudential.co.uk,eleanor.brown@prudential.co.uk,"Mobile: +44 7500 857388
Work: +44 207 004 4791"
Elena,Curzio,"Technical Specialist, Legal and Regulatory",Payment Systems Regulator (PSR),ecurzio@hotmail.com: ecurzio@hotmail.com,ecurzio@hotmail.com,
Elisabeth,Ling,SVP Analytics,Elsevier,,,
Eran,Cypris,Data Warehouse Architect,Kohl's Department Stores,eran@myidea.com: eran@myidea.com,eran@myidea.com,
Eurydice,Lafferayrie,Chief Data Officer,JobTeaser.com,Work: eurydice.lafferayrie@jobteaser.com,eurydice.lafferayrie@jobteaser.com,
Evgeny,Vinogradov,Head of Data Warehouse and Analytical Services Development Department,Yandex.Money,dm_jonny@mail.ru: dm_jonny@mail.ru,dm_jonny@mail.ru,
Fabio Alexander,Corzo,Head Group Business Data Architecture,HSBC Bank PLC,fabio.corzo@hsbc.com: fabio.corzo@hsbc.com,fabio.corzo@hsbc.com,
Ferdinand,De Grijs,Head of Application and Data Architecture,ABN Amro Group,,,
Francesca,De Finis,Marketing Director EEMEA - The McDonald's Division at The Coca-Cola Company,The Coca-Cola Company,Work: https://it.linkedin.com/in/francesca-de-finis-a742031,https://it.linkedin.com/in/francesca-de-finis-a742031,
Fredi,Lienhardt,"VP, Big Data & Smart Analytics Centre Mgr",Swiss Re,fredi@lienhardt.es: fredi@lienhardt.es,fredi@lienhardt.es,
Gareth,Johns,Chief Data Officer,Starcount,Work: gareth.johns@starcount.com,gareth.johns@starcount.com,
Gareth,Martin,Big Data Analytics Lead EMEA,Hewlett-Packard,"garethmartini@gmail.com: garethmartini@gmail.com
gareth.martin@atos.net: gareth.martin@atos.net
gareth.martin@atosorigin.com: gareth.martin@atosorigin.com","garethmartini@gmail.com, gareth.martin@atos.net, gareth.martin@atosorigin.com","07733 311462: 07733 311462
+44 7805 649790: +44 7805 649790"
Garry,O'Sullivan,Head of Risk and Compliance,Musgrave Retail Partners Ireland,garryosullivan12@gmail.com: garryosullivan12@gmail.com,garryosullivan12@gmail.com,
Gauthier,Labalette,"Director, EMEA Marketing Analytics",PayPal,labalette@gmail.com: labalette@gmail.com,labalette@gmail.com,
Gavin,Nichols,Senior Database and Technology Account Manager for Consumer Industries,SAP,zkot@hotmail.co.uk: zkot@hotmail.co.uk,zkot@hotmail.co.uk,
Gert,Harren,Head of Data Management,HolidayCheck AG,mail@gertharren.de: mail@gertharren.de,mail@gertharren.de,
Giuseppe,Gaviani,"Account Manager, Market Databases Group",CACI Ltd,ggaviani@gmail.com: ggaviani@gmail.com,ggaviani@gmail.com,
Giuseppe,Vettigli,Data Scientist,Cambridge Energy Data Lab,giuseppe.vettigli@camenergydatalab.com: giuseppe.vettigli@camenergydatalab.com,giuseppe.vettigli@camenergydatalab.com,
Graeme,Sherrington,Enterprise Data Architect (Interim),Amlin,graeme.sherrington@allianzgi.com: graeme.sherrington@allianzgi.com,graeme.sherrington@allianzgi.com,2070651441: 2070651441
Gunnar,Peters,Head of Data and MI,Admiral Group Plc,,,
Guy,Hallam,Senior Business Programme Manager / COO Team Global Regulatory Change Lead,HSBC Bank PLC,e2@cityconsultancy.co.uk: e2@cityconsultancy.co.uk,e2@cityconsultancy.co.uk,
Hariprasad,Akkineni,VP - Risk Reporting and Analytics Architect/Lead,Barclays Bank PLC,,,
Hari,Sekhon,Hadoop / Big Data Architect (Contract),Investment Bank,"hari.sekhon@uk.bnpparibas.com: hari.sekhon@uk.bnpparibas.com
harisekhon@gmail.com: harisekhon@gmail.com","hari.sekhon@uk.bnpparibas.com, harisekhon@gmail.com",
Harpreet,Badhan,Chief Data Officer,Neopost,Work: harpreet.badhan@neopost.co.uk,harpreet.badhan@neopost.co.uk,
Heather,Savory,Deputy National Statistician and Director General for Data Capability,Office for National Statistics,"None: heather.savory@btinternet.com
Work: hsavory.jemba2004@london.edu","heather.savory@btinternet.com, hsavory.jemba2004@london.edu",
Helder,Soares,Head of IT Architecture & Data Governance,BancoCTT,Work: helder.soares@bancoctt.pt,helder.soares@bancoctt.pt,Work: +351 918 200 287
Hicham,OUALI ALAMI,Chief Data Officer,Nour Partners,Work: Hichamonline@gmail.com,Hichamonline@gmail.com,
Hiten,Vaghela,"Director, Data Technologies and Architecture",TechSoup Global,hiten.vaghela@gmail.com: hiten.vaghela@gmail.com,hiten.vaghela@gmail.com,
Howard,Barber,Head of CRM and Analytics,Standard Life,,,Work: 07711357826
Hugues,Le Bars,Chief Data Officer (CDO),Neopost,h.lebars@neopost.com: h.lebars@neopost.com,h.lebars@neopost.com,
Ian,Dunkin,"Director of Strategy, Architecture, Risk and Compliance",GlaxoSmithKline,ian.m.dunkin@gsk.com: ian.m.dunkin@gsk.com,ian.m.dunkin@gsk.com,
Ignacio,Elola Villar,Data Scientist,Import.io,ignacioelolavillar@gmail.com: ignacioelolavillar@gmail.com,ignacioelolavillar@gmail.com,
Iqbal,Adjali,Head of Analytics,LV=,iqbal.adjali@btinternet.com: iqbal.adjali@btinternet.com,iqbal.adjali@btinternet.com,
James,Hanscomb,Chief Data Officer,tenthavenue,jameshanscomb@hotmail.com: jameshanscomb@hotmail.com,jameshanscomb@hotmail.com,
James,McAlister,Director of Analytics,Winterbourne Healthcare,jamesaccounting@gmail.com: jamesaccounting@gmail.com,jamesaccounting@gmail.com,
James,Ollunga,Associate Director of Analytics,MediaVest,ollunga@gmail.com: ollunga@gmail.com,ollunga@gmail.com,
Jason,Levin,"VP, Director of Data Analytics",Carat,jasonalevin@yahoo.com: jasonalevin@yahoo.com,jasonalevin@yahoo.com,
Jean,Ruiz,Chief Data Officer,International Air Transport Association (IATA),Work: ruizj@iata.org,ruizj@iata.org,
Jean,Ruiz,"Head, Travel Intelligence, Industry Data, FDS",International Air Transport Association,Work: jeanr@iata.org,jeanr@iata.org,
jedidiah,francis,Lead Data Scientist,CSC - Computer Sciences Corporation,jedidiah.francis@gmail.com: jedidiah.francis@gmail.com,jedidiah.francis@gmail.com,
Jeremy,Posner,Senior Director - Data Management and Strategy,Synechron,,,
Jimmy,Hosang,Insight and Analytics Manager,Direct Line Group,jimmyhosang@gmail.com: jimmyhosang@gmail.com,jimmyhosang@gmail.com,
Johan,Vallin,Data Scientist at Advanced Analytics in centre of insights,TeliaSonera,vallin@kth.se: vallin@kth.se,vallin@kth.se,
John,Allen,"Chief Architect, Data Analytics and Big Data",Deutsche Bank AG,john.howard.allen@gmail.com: john.howard.allen@gmail.com,john.howard.allen@gmail.com,
John,Mason,"Global Head of Regulatory Reporting, Enterprise Solutions",Bloomberg LP,john.mason@mail2web.com: john.mason@mail2web.com,john.mason@mail2web.com,
John,Telford,Enterprise Data Architect,Channel 4,JTelford@Channel4.co.uk: JTelford@Channel4.co.uk,JTelford@Channel4.co.uk,
Jonathan,Hodges,"Chief Architect, Adaptive Learning and Analytics",Pearson North America,hodgesz@gmail.com: hodgesz@gmail.com,hodgesz@gmail.com,
Jonathan,Mansley,"Head of Data, Analytics and Insight",Aviva plc,manslej@NORWICH-UNION.CO.UK: manslej@NORWICH-UNION.CO.UK,manslej@NORWICH-UNION.CO.UK,
Jon,Catling,Director Global Data Architecture,Las Vegas Sands Corp.,,,
Jon,Moxham,Chief Data Officer,British Red Cross,"Work: jmoxham@redcross.org.uk
Work: JMoxham@redcross.org.uk","jmoxham@redcross.org.uk, JMoxham@redcross.org.uk",
Josef,Habdank,Senior Data Scientist,Adform Aps,jahabdank@gmail.com: jahabdank@gmail.com,jahabdank@gmail.com,
Joseph,Rice,Head of data sales,Twitter,jrice@twitter.com: jrice@twitter.com,jrice@twitter.com,
Joshua,Aburrow-Newman,Junior Data Scientist.,Markerstudy Insurance,JAburrow-Newman@markerstudy.com: JAburrow-Newman@markerstudy.com,JAburrow-Newman@markerstudy.com,
Juha,Ylikoski,Head of Analytics Consumer Business,TeliaSonera Finland,Work: juha.ylikoski@teliasonera.com,juha.ylikoski@teliasonera.com,
Julian,Dorado,Director of Data Management,M&G,,,
Julio,Valero Gomez,Chief Data Officer,Banco Santander,Work: jvalergo@gruposantander.com,jvalergo@gruposantander.com,
Jusdeep,Parshad,Chief Data Officer,Office for National Statistics,Work: jusdeep.parshad@ons.gov.uk,jusdeep.parshad@ons.gov.uk,
Karl,Hoffmann,"VP, Head of Database GTM",SAP,khoffman@thehoffers.net: khoffman@thehoffers.net,khoffman@thehoffers.net,
Kash,Jani,Business Analyst - Financial Crime & Regulatory Compliance,HSBC Bank PLC,Kash.Jani@hotmail.co.uk: Kash.Jani@hotmail.co.uk,Kash.Jani@hotmail.co.uk,
Kemal,Cetin,"Vice President GDBS - Commercial, Marketing, Analytics",Diageo,kemalcetin77@gmail.com: kemalcetin77@gmail.com,kemalcetin77@gmail.com,
Kevin,Mayles,Head of Analytics,The Open University,Work: kevin.mayles@open.ac.uk,kevin.mayles@open.ac.uk,
Kevin,Smith,Head of Data Architecture,Willis,,,
Kevin,Sulley,Head of Data Architecture,Thomson Reuters,kevsulley@googlemail.com: kevsulley@googlemail.com,kevsulley@googlemail.com,
Keyur,Mehta,Data Warehouse Specialist,Betfair,keyur_mehta@yahoo.com: keyur_mehta@yahoo.com,keyur_mehta@yahoo.com,
Kirill,Pankratov,Global Head of Business Analytics & Market Research,Zurich Insurance Company Ltd.,"kirill.pankratov@rogers.com: kirill.pankratov@rogers.com
kirill.pankratov@zurich.com: kirill.pankratov@zurich.com","kirill.pankratov@rogers.com, kirill.pankratov@zurich.com",41446288275: 41446288275
Kjersten Margaret,Moody,"Vice President, Information and Analytics",Unilever,kjersten_moody@yahoo.com: kjersten_moody@yahoo.com,kjersten_moody@yahoo.com,
Kostas,Perifanos,Data Scientist,Mail Online at Daily Mail,kostas.perifanos@gmail.com: kostas.perifanos@gmail.com,kostas.perifanos@gmail.com,
Kris,Jack,Head of Data Science,RELX Group,mrkrisjack@gmail.com: mrkrisjack@gmail.com,mrkrisjack@gmail.com,
Kris,Kobylinski,Self Learning Car & Research Data Lab - Delivery Manager,Jaguar Land Rover,Work: kkobylin@jaguarlandrover.com,kkobylin@jaguarlandrover.com,Mobile: +447881260300
Kristian,Monsen,Chief Data Officer,Telia Company (Norway),Work: kristian.monsen@telia.no,kristian.monsen@telia.no,
Kristina,Collins,MI Data Analyst,Lloyds Banking Group,kriscollins1@hotmail.co.uk: kriscollins1@hotmail.co.uk,kriscollins1@hotmail.co.uk,
Lakshmi,Narasimhan,Big Data solutions,Crayon Data,lakshmi_09@yahoo.com: lakshmi_09@yahoo.com,lakshmi_09@yahoo.com,
Lauren,Sager Weinstein,Head of Analytics,Transport for London,laurensagerweinstein01@tfl.gov.uk: laurensagerweinstein01@tfl.gov.uk,laurensagerweinstein01@tfl.gov.uk,
Lesley,Roe,Chief Data Officer,The Institution of Engineering & Technology,Work: lroe@theiet.org,lroe@theiet.org,
Lisa,Collecott,Compliance,Novae,lisacollecott@hotmail.com: lisacollecott@hotmail.com,lisacollecott@hotmail.com,
Lisa,Jebodhsingh,"Director Performance Analytics, Global Sales & Marketing",InterContinental Hotels Group (IHG),lisa.jebodhsingh@gmail.com: lisa.jebodhsingh@gmail.com,lisa.jebodhsingh@gmail.com,
Lorraine,Waters,HSBC Deputy Chief Data Officer and Global Head of Data Governance,HSBC Bank PLC,lorraine.waters@hsbcib.com: lorraine.waters@hsbcib.com,lorraine.waters@hsbcib.com,
Louise,Gibson-Bolton,Big Data & Analytics Portfolio Director,IQPC,lulugbolton@googlemail.com: lulugbolton@googlemail.com,lulugbolton@googlemail.com,
Lucy,Knight,Chief Data Officer,Devon County Council,Work: lucy.knight@devon.gov.uk,lucy.knight@devon.gov.uk,
Luke,Anamourlis,VP - Global CRM & Analytics Director,MetLife Alico,luke@anamourlis.co.uk: luke@anamourlis.co.uk,luke@anamourlis.co.uk,
Lynne,Innes,Chief Data Officer,Npower,Work: Lynne.innes@rwe.com,Lynne.innes@rwe.com,
Maciej,Piwoni,Global Analytics Manager,Sage,Work: maciej.piwoni@sage.com,maciej.piwoni@sage.com,
Magda,Piatkowska,Chief Data Officer,Telegraph Media Group,Work: magda.piatkowska@telegraph.co.uk,magda.piatkowska@telegraph.co.uk,
Manu,Kumar,"Head, Targeting, Optimization and Data Science",Vodafone Group Public Limited Company,manu.a.kumar@gmail.com: manu.a.kumar@gmail.com,manu.a.kumar@gmail.com,
Marc-Olivier,Pittner,CDO,local.ch,tvpittner@gmail.com: tvpittner@gmail.com,tvpittner@gmail.com,
Mark,Kennedy,Senior Compliance Associate,Brown Shipley & Co Limited,markkennedy18@hotmail.com: markkennedy18@hotmail.com,markkennedy18@hotmail.com,
Mark,Musson,Big Data Architect,HSBC Bank PLC,mark@musson.co.za: mark@musson.co.za,mark@musson.co.za,
Mark,Whitehorn,Professor of Analytics,the University of Dundee,,,
Martin,Glassborow,Infrastructure Delivery Manager - Storage and Data,Sky,marting@spellen.org: marting@spellen.org,marting@spellen.org,
Martin,Mitchell,Chief Data Architect,M&G,martinmitch@gmail.com: martinmitch@gmail.com,martinmitch@gmail.com,
Matt,Hobby,Senior Algorithm Developer/Data Scientist,Elsevier,mhobby1979@googlemail.com: mhobby1979@googlemail.com,mhobby1979@googlemail.com,
Max,Jolly,Head of Analytics,Vodafone Group Public Limited Company,,,
May,Ladd,"Lead Solutions Architect - Global Regulatory Retention, Archiving Programme & ECM Solutions",Credit Suisse Group,,,
Mayur,Halai,Chief Data Officer,Deutsche Bank,Work: mayur.halai@db.com,mayur.halai@db.com,
Melanie,Troop,"Director, Compliance",Rothschild Bank,,,
Meredith,Ross,Vice President - Reference Data,Credit Suisse Group,rossmeredith@gmail.com: rossmeredith@gmail.com,rossmeredith@gmail.com,
Michael,Foley,"Director, Data Science",EMC,mifoley@me.com: mifoley@me.com,mifoley@me.com,
Mike,Keig,Data & Analysis Controller,West Bromwich Building Society,,,
Mike,Stanley,Marketing Data Analyst,NFU Mutual,michael.stanley315@gmail.com: michael.stanley315@gmail.com,michael.stanley315@gmail.com,
Mikko,Niva,Group Privacy Officer,Vodafone Group Public Limited Company,,,Work: mikko.niva@vodafone.co.uk
Milind,Kamkolkar,Global Head Next-Gen Analytics,Novartis,milind.kam@gmail.com: milind.kam@gmail.com,milind.kam@gmail.com,
Monica,Cardoso Salgado,Chief Data Officer,John Lewis Partnership,Work: monica.cardoso.salgado@johnlewis.co.uk,monica.cardoso.salgado@johnlewis.co.uk,
muriel,dutheil-petiot,Chief Data Officer,AWP,Work: muriel.dutheil-petiot@allianz.com,muriel.dutheil-petiot@allianz.com,
Naga,moparthy,Big Data Developer,London,nagabrahmammoparthy@gmail.com: nagabrahmammoparthy@gmail.com,nagabrahmammoparthy@gmail.com,
Naomi,Bowman,Head of Governance & Operations - Group Monitor Liaison Office (Financial Crime Compliance),HSBC Bank PLC,bowman.naomi@gmail.com: bowman.naomi@gmail.com,bowman.naomi@gmail.com,
Nash,Patel,Chief Data Officer,Sainburys,Work: nash.patel@sainsburys.co.uk,nash.patel@sainsburys.co.uk,
Natalino,Busa,Enterprise Data Architect,ING,,,31629447008: 31629447008
Nathan,Barling,Global Chief Data & Technology Officer,iProspect (Dentsu Aegis Network),nathan.barling@iprospect.com: nathan.barling@iprospect.com,nathan.barling@iprospect.com,
Nav,Nair,Chief Data Officer,Burberry,Work: nav.nair@burberry.com,nav.nair@burberry.com,
Nick,Maynard,Chief Data Officer,10x,"Work: nickmaynard40@yahoo.co.uk
Work: gordon.griffin@voyanta.com","nickmaynard40@yahoo.co.uk, gordon.griffin@voyanta.com",
Nigel,Davis,Analytics IT Director,Willis,nwalderdavis@yahoo.co.uk: nwalderdavis@yahoo.co.uk,nwalderdavis@yahoo.co.uk,
Nigel,Matthews,Group Data Management Programme Director,HSBC Bank PLC,nimatthe@me.com: nimatthe@me.com,nimatthe@me.com,
Oleksandr,Dyklevych,Chief Data Officer,Ferratum Group,Work: oleksandr.dyklevych@ferratum.com,oleksandr.dyklevych@ferratum.com,
Oleksandr,Pryymak,Data Scientist,Facebook,235@inmind.org: 235@inmind.org,235@inmind.org,
Patricia,Poku,Chief Data Officer,World Vision International,Work: patpoku@gmail.com,patpoku@gmail.com,
Paul,Brook,EMEA Data Analytics Director,Dell EMC,"Paul_brook@dell.com: Paul_brook@dell.com
None: paul.brook@dell.com","Paul_brook@dell.com, paul.brook@dell.com",
Paul,Cullender,Chief Data Officer,HSBC,Work: paul.cullender@hsbc.com,paul.cullender@hsbc.com,
Paul,Jones,"Chief of Staff, Data Systems & Insights",Barclays Bank PLC,pauldanieljones@gmail.com: pauldanieljones@gmail.com,pauldanieljones@gmail.com,
Paul,Linnane,Head of Data Analytics,Utiligroup,paul.liannane@utiligroup.com: paul.liannane@utiligroup.com,paul.liannane@utiligroup.com,1772770280: 1772770280
Paulo,Saraiva dos Santos,Chief Data Officer,Statistics Portugal,Work: paulo.saraiva@ine.pt,paulo.saraiva@ine.pt,
Penny,Maystone,"Director of Tracing, Data and Software Services",Capita Employee Benefits,penny.maystone@capita.co.uk: penny.maystone@capita.co.uk,penny.maystone@capita.co.uk,
Peter,Enright,Senior Data and Marketing Services Manager,Cambridge University Press,peter.enright@rocketmail.com: peter.enright@rocketmail.com,peter.enright@rocketmail.com,
Phil,Archer,Data Activity Lead,W3C,phil@philarcher.org: phil@philarcher.org,phil@philarcher.org,
Philip,Gunn,Director Strategic Revenue and Data,AIB Merchant Services,"gunnp@eircom.net: gunnp@eircom.net
phil.gillieg@yahoo.com: phil.gillieg@yahoo.com","gunnp@eircom.net, phil.gillieg@yahoo.com",
Phil,Yeoman,Chief Data Officer,The Pensions Regulator,Work: phil.yeoman@thepensionsregulator.gov.uk,phil.yeoman@thepensionsregulator.gov.uk,
Phil,Zamani,BigData & IoT Entrepreneur and Investor | Board Adviser,Stealth Mode Mobile Startup,zamaniphil@yahoo.co.uk: zamaniphil@yahoo.co.uk,zamaniphil@yahoo.co.uk,
Pierre,du Toit,Head of Big Data Analytics,Vitality (UK),,,
Pritesh,Chauhan,Senior Marketing Manager - Personal Data,GSMA,,,
Ralph,Graether,"Head of the Security Management and Compliance practice EMEA at RSA, The Security Divsion of EMC",RSA The Security Division of EMC,ralphgraether@googlemail.com: ralphgraether@googlemail.com,ralphgraether@googlemail.com,
Ramesh,Bhandari,Product Management & Marketing Manager - Datacenter & Cloud Services,Etisalat,rameshbhandari@gmail.com: rameshbhandari@gmail.com,rameshbhandari@gmail.com,
Randall,Helms,Head of Business Analytics and Consumer Insights,Viewster,pearsall@gmail.com: pearsall@gmail.com,pearsall@gmail.com,
Randy,Golly,"Vice President - Governance, Risk, and Compliance (GRC)",Epsilon Telecommunications Limited,rgolly@gmail.com: rgolly@gmail.com,rgolly@gmail.com,
Raveendra,Bharadwaj,Director | Head of Data Architecture | Global Transaction Banking,Deutsche Bank AG,Work: raveendra.bharadwaj@db.com,raveendra.bharadwaj@db.com,"Work: +44 20 7547 2637
Mobile: +44 7769 886999"
Ravi,Bhatt,Big Data Architect,Santander,ravimbhatt@gmail.com: ravimbhatt@gmail.com,ravimbhatt@gmail.com,
Ravinder,Bhadhal,Global Head of Commercial Management and Market Data,Man,ravinder.bhadhal@gmail.com: ravinder.bhadhal@gmail.com,ravinder.bhadhal@gmail.com,
Reza,Khorshidi,"Head of Quantitative Analytics, EMEA",AIG Europe Limited,reza.khorshidi@aig.com: reza.khorshidi@aig.com,reza.khorshidi@aig.com,
Richard,Benjamins,Group Director BI & Big Data for Internal Exploitation,Telefonica,vrbenjamins@gmail.com: vrbenjamins@gmail.com,vrbenjamins@gmail.com,
Richard,Hart,European Data Centre Technical Architect,Tyco Fire & Security,RHart100@gmail.com: RHart100@gmail.com,RHart100@gmail.com,
Richard,Pilling,"Director, Big Data & Analytics",Intel Corporation,rich@thepillings.net: rich@thepillings.net,rich@thepillings.net,
Richard,Porter,Principal Enterprise Architect (Information & Data),AstraZeneca UK Limited,RichSelina@gmail.com: RichSelina@gmail.com,RichSelina@gmail.com,
Richard,Shelton,Data & Insight Programme Manager,Auto Trader,,,
Rick,Robinson,"IT Director, Smart Data and Technology",Amey,dr.rick.robinson@gmail.com: dr.rick.robinson@gmail.com,dr.rick.robinson@gmail.com,
Riikka,Turunen,"Director, Data Protection and Privacy",Sanoma,riikkaeturunen@hotmail.com: riikkaeturunen@hotmail.com,riikkaeturunen@hotmail.com,
Roana,Mouton,Enterprise Architecture Governance,Barclays Bank PLC,roana.mouton@gmail.com: roana.mouton@gmail.com,roana.mouton@gmail.com,
Robert,Michael,"Head of Demand, Performance & Analytics",Carillion,Robert.Michael@btopenworld.com: Robert.Michael@btopenworld.com,Robert.Michael@btopenworld.com,
Rob,French,Chief Data Officer,Shell International,Work: rob.french@shell.com,rob.french@shell.com,
Rod,Moyse,Head Of Analytics,Aviva plc,moyser2001@yahoo.co.uk: moyser2001@yahoo.co.uk,moyser2001@yahoo.co.uk,
Rodney,Whale,Chief Data Officer,GSK,Work: rodney.j.whale@gsk.com,rodney.j.whale@gsk.com,
Ross,McEwan,Chief Data Officer,CYBG plc,Work: rfmcewan75@hotmail.com,rfmcewan75@hotmail.com,
Rowena,Parsons,Data Architect/Data Modeller,Sony Computer Entertainment Europe,rowena@rparsons.co.uk: rowena@rparsons.co.uk,rowena@rparsons.co.uk,
Russell,Marsh,Advisory Board Member - Big Data& Analytics,Process Excellence Network (PEX Network - a division of IQPC),russell.marsh@gmail.com: russell.marsh@gmail.com,russell.marsh@gmail.com,
Russ,Fitzgerald,"Head of Governance, Risk and Control, Group Operations",Nationwide Building Society,russ.fitzgerald@btinternet.com: russ.fitzgerald@btinternet.com,russ.fitzgerald@btinternet.com,
Rutang,Thanawalla,Risk Manager / Head of Portfolio Analytics,HSBC Bank PLC,,,
Samuel,Benson,Chief Data Officer,Lidl UK,Work: samuel.benson@lidl.co.uk,samuel.benson@lidl.co.uk,
Santhosh,Pillai,Chief Architect & Data Management,ABN Amro Group,,,
Sara,Howers,Global Data Protection Officer,Simply Business,Work: sara.howers@simplybusiness.co.uk,sara.howers@simplybusiness.co.uk,
Scott,Clendaniel,Director of Marketing Sciences/ Lead Data Scientist,MarketOne International,SClendaniel@MarketOne.com: SClendaniel@MarketOne.com,SClendaniel@MarketOne.com,
Scott,Krueger,Data Architect,Skyscanner,Work: scottk@skyscanner.net,scottk@skyscanner.net,
Shahin,Nassiri,"Director, CTO F.O. Risk and Analytics Architect",Barclays Bank PLC,Shahin.Nassiri@gmail.com: Shahin.Nassiri@gmail.com,Shahin.Nassiri@gmail.com,
Shannon,Walker,Enterprise Data Architect,Deutsche Bank AG,"Personal: shannonswalker@yahoo.com
Work: shannon.walker@db.com","shannonswalker@yahoo.com, shannon.walker@db.com",
Sharon,Keogh,"Head of Data Strategy & Control, Chief Data Office",AIB Plc,sharon.e.keogh@aib.ie: sharon.e.keogh@aib.ie,sharon.e.keogh@aib.ie,
Sharon,Palmer,"Divisional Director, Head of Spatial Analytics",Willis,slpalmer75@yahoo.co.uk: slpalmer75@yahoo.co.uk,slpalmer75@yahoo.co.uk,
Shaun,Waterman,Data Infrastructure Lead,Royal Bank of Scotland,shaun.waterman@new-criteria.com: shaun.waterman@new-criteria.com,shaun.waterman@new-criteria.com,
Shaymoly,Mukherjee,Chief Data Officer,Catalyst Housing Group,Work: shaymoly.mukherjee@chg.org.uk,shaymoly.mukherjee@chg.org.uk,
Shuai,Yuan,Data Scientist,MediaGamma,sns@yuan-shuai.info: sns@yuan-shuai.info,sns@yuan-shuai.info,
Simon,Wright,Group Data Protection Officer,Badoo,,,
Simon,Young,Chief Data Officer,Link Financial,Work: syoung@linkfinancial.co.uk,syoung@linkfinancial.co.uk,
Skander,Ben Mansour,Head of Data Science,Mindshare,skander@benmansour.net: skander@benmansour.net,skander@benmansour.net,
Stacey,Skidmore,Chief Data Officer,Peoples Holdings,Work: staceyskidmore@peoplesholdings.co.uk,staceyskidmore@peoplesholdings.co.uk,
Stefan,Franczuk,Big Data Architect - UK Practice Lead,Cognizant Technology Solutions,stefan_franczuk@hotmail.com: stefan_franczuk@hotmail.com,stefan_franczuk@hotmail.com,
Stephen,Deadman,Global Deputy Chief Privacy Officer,Facebook,Work: stephen@fb.com,stephen@fb.com,
Stephen,Magora,Chief Data Officer,Credit Suisse,Work: stephen.magora@credit-suisse.com,stephen.magora@credit-suisse.com,
Steve,Boland,"Head of AR, Data & Information",INTERSERVEfm LTD,steve.boland@interserve.com: steve.boland@interserve.com,steve.boland@interserve.com,+44 7779603551: +44 7779603551
Steven,Bennett,Information Technology Business Partner,Lloyds Banking Group,,,
Steven,Collings,Head of Data & Analytics,Zoopla Property Group,steven.collings@zpg.co.uk: steven.collings@zpg.co.uk,steven.collings@zpg.co.uk,
Steven,Hutt,VP Data Analytics,Maxeler Technologies,steven.hutt@yahoo.com: steven.hutt@yahoo.com,steven.hutt@yahoo.com,
Steven,Quinby,Head of Data Collection Services,Network Rail,steven.quinby@networkrail.co.uk: steven.quinby@networkrail.co.uk,steven.quinby@networkrail.co.uk,
Steven,Simon,Senior Database and Technology Sales for Key Accounts in Gulf Region,SAP,,,
Steve,Vanourny,Senior Vice President - Head of Investment Analytics,State Street Global Advisors Limited,svanourny@gmail.com: svanourny@gmail.com,svanourny@gmail.com,
Steve,Wright,Chief Data Officer,John Lewis Partnership,"Work: steve_wright@johnlewis.com
Work: steve.x.wright@johnlewis.co.uk","steve_wright@johnlewis.com, steve.x.wright@johnlewis.co.uk",
Stuart,Gillies,Reference Data Workstream Manager,Credit Suisse Group,sgillies01@yahoo.co.uk: sgillies01@yahoo.co.uk,sgillies01@yahoo.co.uk,
Stuart,Pearson,VP Product Management - Global Analytics Products,Aimia Inc,stuart.j.pearson@talk21.com: stuart.j.pearson@talk21.com,stuart.j.pearson@talk21.com,
Syed,Moonis,"Director, Group Analytics",EnterCard,moonis62@gmail.com: moonis62@gmail.com,moonis62@gmail.com,
Sylvia,Appiah,Chief Data Officer,Reckitt Benckiser,Work: Sylvia.Appiah@rb.com,Sylvia.Appiah@rb.com,
Tanya,Goshiy,Database Developer,AssessTech,Work: tanya.goshiy@assesstech.com,tanya.goshiy@assesstech.com,"Work: 07810787566
Work: 01483338646"
Tassilo,Amtage,Senior Regulatory Advisor,Commerzbank AG,Work: tassilo.amtage@commerzbank.com,tassilo.amtage@commerzbank.com,
Tharinda,Premasiri,General Manager - Customer Analytics & Profiling,Robi Axiata Limited,tharinda.premasiri@gmail.com: tharinda.premasiri@gmail.com,tharinda.premasiri@gmail.com,
Thomas,Lee-Warren,"Director, Technology Data Group (BI, Commercial Insight, & Analytics)",Royal Mail,tlw@oculustech.com: tlw@oculustech.com,tlw@oculustech.com,
Timor,Ahmad,Chief Data Officer,Lloyd's of London,Work: timor.ahmad@lloyds.com,timor.ahmad@lloyds.com,
Toby,Woolfe,"Information Agenda - Big Data Automotive and Industrial Sector Sales Leader, Europe",International Business Machines,toby_woolfe@hotmail.com: toby_woolfe@hotmail.com,toby_woolfe@hotmail.com,
Tom,Beattie,Head of Enterprise Data Operations,British Gas,beattie.tom@googlemail.com: beattie.tom@googlemail.com,beattie.tom@googlemail.com,
Tom,Callaert,Commercial Manager Compliance Analytics,SOCIETY FOR WORLDWIDE INTERBANK FINANCIAL TELECOMMUNICATION SCRL,,,
Tom,Channing,"Head, Strategic Analytics",Sony Mobile Communications,Work: tom.channing@eu.sony.com,tom.channing@eu.sony.com,
Tom,Penney,Strategy & Analytics Adult Social Care,London Borough of Merton,tom@socialkemistri.com: tom@socialkemistri.com,tom@socialkemistri.com,
Tony,Henderson,"Business Lead Europe for Content Protection, Microsoft PlayReady",Microsoft,tony.henderson@microsoft.com: tony.henderson@microsoft.com,tony.henderson@microsoft.com,
Tony,Jaskeran,Director- Data and Analytics Services,GroupM,tonyjaskeran@hotmail.com: tonyjaskeran@hotmail.com,tonyjaskeran@hotmail.com,
Udo,Wuertz,Chief Data Officer,Fujitsu Technology Solutions GmbH,Work: Udo.Wuertz@ts.fujitsu.com,Udo.Wuertz@ts.fujitsu.com,
Ulla,Kruhse-Lehtonen,"VP, Customer Insight and Analytics",Sanoma,ullakl@yahoo.com: ullakl@yahoo.com,ullakl@yahoo.com,
Veena,Dhillon,Head of Marketing Analytics UK,PayPal,veena_dhillon@yahoo.com: veena_dhillon@yahoo.com,veena_dhillon@yahoo.com,
Venkateswaralu,Cherukur,Head of Banking & Regulation,Syntel,Work: legendlu@yahoo.com,legendlu@yahoo.com,
Victor,Hu,"Head, Data Science",QBE Insurance,Work: victor.hu@qbe.com,victor.hu@qbe.com,
Vittorio,Guerci,Head of Marketing Systems and Data,RS Components,,,
Vlasios,Vasileiou,Chief Data Officer,Zopa,Work: vlasios.vasileiou@zopa.com,vlasios.vasileiou@zopa.com,
Volker,Bott,"Senior Product Manager Internal Reporting, Business Intelligence and Big Data",Deutsche Bank AG,volker.bott@gmx.de: volker.bott@gmx.de,volker.bott@gmx.de,
Wade,Munsie,Chief Data Officer,Royal Mail Group,Work: wade.munsie@royalmail.com,wade.munsie@royalmail.com,
Wilmer,Peres,IS Director - Big Data & Analytics,RB,,,4.47557E+11: 4.47557E+11
Yuanyuan,Liu,"Manager, Quantitative Analytics",AIG Europe Limited,personal: lyy_bit934@msn.com,lyy_bit934@msn.com,
Ziad,Albayati,Big Data,MapR Technologies,Work: ziadalbayati@gmail.com,ziadalbayati@gmail.com,
Zog,Gibbens,Enterprise Architect (Analytics & Data),Alliance Boots GmbH,zog.gibbens@boots.co.uk: zog.gibbens@boots.co.uk,zog.gibbens@boots.co.uk,7557319948: 00447557319948
