FIRST NAME,LAST NAME,JOB ROLE,ORGANIZATION,LOCATIONS
Adrian,Vella,Chief Data Officer,Tipico Co Ltd,
Ahmet,Temizsoy,Director - Data Strategy & Operations,Standard & Poor's,": 
London, United Kingdom

"
Alan,Covall,Head of Market Data,Lloyds Banking Group,
Alessandro,Bulfone,Chief Data Officer,Mediobanca,Work: Milano
Alessandro,Allodi,Chief Data Officer,Shell,
Anantha,Prasad,"Global Head, Data Governance and Head, Data & Information Management EMEA",HSBC Bank PLC,
Andrew,Mann,Customer Director- Food / Customer Data Director - Group,The Co-operative Group,"Manchester / London: Manchester / London


"
Anna,Zeiter,Chief Data Officer,eBay International AG,Work: Bern
Anne-Marie,Glineur,Chief Data Officer,Belfius,Work: Brussels
Antonio,Alvarez,"Head of Data innovation at Isban UK, Santander group",ISBAN,": 


"
Anya,Ziskina,"Head of Data Strategy and Analytics, Digital L'Oreal UKI",L'Oreal,": 
London, United Kingdom

"
Asif,Nadeem,Head of Data Strategy and Delivery,Provident Financial Group UK & ROI,": 


"
Barry,Green,Chief Data Officer,Bank of Ireland,"Work: London,City of"
Barry,Panayi,Chief Data Officer,Amlin,
Brian,Bissett,Chief Data Officer,XL Catlin,": 


"
Christine,de Tourniel,,BNP Paribas,
Christine,De Tourniel,Chief Data Officer - CIB ITO,BNP Paribas,
Dan,Johnson,Chief Data Officer,HSBC,"Work: United Kingdom
Work: Greater London"
Dan,Klein,Chief Data Officer,Valtech,
Daniel,Thull,Chief Data Officer,Johnson & Johnson,"Work: Gubelstrasse 34, 6300
Switzerland

Work: Zug"
David,Diamond,Chief Data Officer,Getinge Group,Work: Luton
David,Fletcher,Chief Data Officer,MEC,
David,Watkins,Chief Data Officer,RSA,"Wokingham: Wokingham


"
David,Pardoe,Group Head of Data Science,Hays,": 
London, United Kingdom

"
David,Lang,Chief Data Officer,Lloyd's of London,": 


"
David,Hayes,Chief Data Officer,Santander,": 
United Kingdom

"
Denys,Medin,Head of Data / CDO,RELX Group,": 
London, United Kingdom

"
Dimitrios,Velmachos,"Group Chief Actuary, Head of Big Data & Analytics",Bupa,
Ed,Wiley,Chief Data Scientist; DVP Pricing,Sears Holdings Corporation,": 


"
Emma,Ede,Head of Data Governance,M&G,
Eulogio,Barragan,Enterprise Data Leader,GE Capital,
Garry,Manser,Head of Data Governance,Visa Europe,
Garry,Williams,Deputy Global Head of Performance & Data Services,Aberdeen Asset Management,": 
Edinburgh, United Kingdom

"
Giancarlo,Pellizzari,Head of Division,ECB (European Central Bank),
Giles,Pavey,Chief Data Scientist,dunnhumby,": 
London, United Kingdom

"
Gillian,Tomlinson,Chief Data Officer,RSA,
Guoxian,Yang,Chief Data Scientist,CapSo Inc.,": 


"
Hany,Choueiri,Chief Data Officer,State Street Global Advisors Limited,"Threadneedle Street: Threadneedle Street
London
EC2R 8AH
United Kingdom"
Helen,Crooks,Chief Data Officer,Lloyd's of London,": 
Litlington, Cambridgeshire, United Kingdom


Work: London,City of"
Ian,Goodwin,Chief Data Officer,British Council,Work: Lancashire
JP,Rangaswami,Chief Data Officer,Deutsche Bank AG,"here: here


"
Julian,Elliott,Chief Data Officer,DENTSU AEGIS NETWORK LTD.,"10 Triton Street,
Regent's Place: 10 Triton Street,
Regent's Place
London
NW1 3BF
United Kingdom"
Katelyn,Hynes,CDO,Deutsche Bank AG,
Lars,Slagboom,Head of Data Management,ABN Amro Group,
Luc,Machiels,Chief Data Officer,BNP Paribas Fortis,Work: Brussels
Mahendra,Jape,Director and Data Governance Leader,GE Capital,
Maria Eva,Montoro Candela,Chief Data Officer,Santander Bank,Work: Spain
Mark,Say,Group Head of CRM & Customer Data,Volkswagen Group,"Reading, United Kingdom: Reading, United Kingdom


"
Mark,Howden,Client Data,ICBC Standard Bank,": 


"
Mark,Ramsey,Chief Data Officer (CDO),GlaxoSmithKline,"Austin, Texas: Austin, Texas


United States"
Martin,Ratolistka,Chief Data Officer,Kiwi.com,
Matthew,Cossor,Chief Data Officer,TP ICAP,"Work: London,City of"
Michael,Ridley,Chief Data Officer,Exterion Media,
Michael,O'Donohue,Director of Insight and Data,British Gas,": 


"
Michelle,Teufel,Head of Digital Strategy,Arrow Electronics,"London, UK: London, UK


"
Mike,O'Donohue,Chief Data Officer,Camelot,
Mike,Hyde,Head of Data Science (for the Workplace Enterprise),Facebook,
Monica,Gargantini,Data Driven Business Innovation Lead,Pirelli,
Nic,Orton,CDO,BNP Paribas Personal Finance,
Norma,Dove-Edwin,Head of Global Data Services,British American Tobacco,": 
London, United Kingdom

"
Norman,Stuertz,Chief Data Officer,Credit Suisse,
Parveen,Downer,Head of Programmes and Data,Harley Academey,
Paul,Clark,Global Head of Digital & Data,HSBC Bank PLC,
Paul,Van Haver,,TechSoup Global,
Paul,van Haver,"Vice President, Global Data Services",TechSoup Global,"Trowbridge: Trowbridge


"
Peter,Jackson,Head of Data,The Pensions Regulator,
Philipp,Raether,Group Chief Privacy Officer,Allianz Group,
Phillip,Radley,Chief Data Architect,BT,
Piers,Stobbs,Chief Data Officer,Moneysupermarket Group,"Work: London,City of"
Piethein,Strengholt,Chief Architect & Data Management (CADM) | Data Management,ABN Amro Group,
Rajdeep,Mukherjee,Head of Big Data,Zurich Insurance Company Ltd.,": 
Sutton, United Kingdom

"
Raul,Cruces,Chief Data Officer,Santander,": UK
Work: Spain"
Richard,Ellison,Chief Data Officer,CYBG (Clydesdale Bank),Work: Glasgow
Robert,Lee,Chief Data Officer,Lloyds Banking Group,Work: Hampshire
Ross,McLachlan,Chief Data Officer,Hargreaves Lansdown,"Work: Bristol, City of"
Ruth,Wandhöfer,"Global Head of Regulatory & Market Strategy, Citi; Recipient of the 2015 Women in Banking and Finance Achievement Award",Citi,"Londen, Verenigd Koninkrijk: Londen, Verenigd Koninkrijk


"
Sanjay,Kharole,Global Head of Retail Banking Regulatory Compliance,HSBC Bank PLC,
Seamus,Murphy,Chief Data Officer,AIB Plc,": 
Ireland

"
Sean,Cornwell,Chief Data Officer,Travelex,
Sean,Hayes,Group Head of Data,Incisive Media,": 


"
Silvina,Arce Gil,Chief Data Officer,Santander Bank Spain,": Spain
Work: Spain"
Stephane,Auger,Data Management Team Leader,Danone Research,": 
Paris Area, France

"
STEPHANE,PERE,Chief Data Officer,The Economist,
Susan,Wegner,"Vice President Smart Data Analytics&Communication, Big Data, Telekom Innovation Laboratories",Deutsche Telekom AG,": 


"
Tom,Betts,Chief Data Officer,Financial Times,
Umran,Rafi,Head of Data,St Andrew's Healthcare,": 
St Neots, Cambridgeshire, United Kingdom

"
Ursuline,Foley,Interim Chief Data Officer,XL Catlin,
