PHOTO URL,FIRST NAME,LAST NAME,ORGANIZATION,EMAIL,EMAIL (PLAIN),PHONE
,Adrian,Daniel,,"None: aj.daniel@btinternet.com
None: adrian.daniel@dunnhumby.com","aj.daniel@btinternet.com, adrian.daniel@dunnhumby.com",
,Alasdair,Anderson,,None: alasdair.anderson@nordea.com,alasdair.anderson@nordea.com,
,Andreas,Braun,Allianz Group,"ANDREAS.BRAUN1@ALLIANZ.COM: ANDREAS.BRAUN1@ALLIANZ.COM
ANDREAS.BRAUN1@allianz.com: ANDREAS.BRAUN1@allianz.com","ANDREAS.BRAUN1@ALLIANZ.COM, ANDREAS.BRAUN1@allianz.com",+49 172 6562298: +49 172 6562298
,Andrew,Hall,,None: andrew.hall@uk.bnpparibas.com,andrew.hall@uk.bnpparibas.com,
,Andrew,Mann,,None: mannandrew@aol.com,mannandrew@aol.com,
,Andrew,McMurtrie,Direct Line Group,Work: andrew.mcmurtrie@directlinegroup.co.uk,andrew.mcmurtrie@directlinegroup.co.uk,
,Andrew,Trigg,Land Registry,andrew.trigg@landregistry.gsi.gov.uk: andrew.trigg@landregistry.gsi.gov.uk,andrew.trigg@landregistry.gsi.gov.uk,+44 (0) 776 802 2041: +44 (0) 776 802 2041
,Anil,Kumar,AIG Europe Limited,anilshere@gmail.com: anilshere@gmail.com,anilshere@gmail.com,
,Anya,Ziskina,L'Oreal,anna.ziskina@gmail.com: anna.ziskina@gmail.com,anna.ziskina@gmail.com,
,Asif,Nadeem,Provident Financial Group UK & ROI,asif.nadeem@provident.co.uk: asif.nadeem@provident.co.uk,asif.nadeem@provident.co.uk,
,Brian,Bissett,XL Catlin,None: Brian.Bissett@catlin.com,Brian.Bissett@catlin.com,
,Christophe,le Lannou,Data Learning,cll@datalearning.eu: cll@datalearning.eu,cll@datalearning.eu,
,Claire,Jessop,Leeds Building Society,c.l.jessop@btopenworld.com: c.l.jessop@btopenworld.com,c.l.jessop@btopenworld.com,
,Daniel,Nelson,Ocado Technology,daniel.nelson@ocado.com: daniel.nelson@ocado.com,daniel.nelson@ocado.com,
,Dan,Kellett,Capital One,Dan.Kellett@capitalone.com: Dan.Kellett@capitalone.com,Dan.Kellett@capitalone.com,
,Darren,Siddle,HSBC Bank PLC,darrensiddle@hotmail.com: darrensiddle@hotmail.com,darrensiddle@hotmail.com,
,David,Hayes,,None: david.hayes@santander.co.uk,david.hayes@santander.co.uk,
,David,Joyce,Sage,david.joyce@sage.com: david.joyce@sage.com,david.joyce@sage.com,
,David,Lang,Lloyd's of London,davidmlang@btinternet.com: davidmlang@btinternet.com,davidmlang@btinternet.com,
,David,May,Vodafone Group Public Limited Company,d_j_may@hotmail.com: d_j_may@hotmail.com,d_j_may@hotmail.com,
,David,Pardoe,,None: david.pardoe@gmail.com,david.pardoe@gmail.com,
,David,Watkins,RSA,davidjwatkins@gmail.com: davidjwatkins@gmail.com,davidjwatkins@gmail.com,
,David,Wilton,Admiral Group Plc,dave_wilton@hotmail.com: dave_wilton@hotmail.com,dave_wilton@hotmail.com,
,Dries,de Dauw,,None: driesdedauw@hotmail.com,driesdedauw@hotmail.com,
,Dr. Przemyslaw,Rymaszewski,Zurich Insurance Company Ltd.,przemyslaw.rymaszewski@zurich.com: przemyslaw.rymaszewski@zurich.com,przemyslaw.rymaszewski@zurich.com,41786172465: 41786172465
,Erkin,Oksel,Citi,erkin.oksel@citi.com: erkin.oksel@citi.com,erkin.oksel@citi.com,
,Fredi,Lienhardt,,None: FrediLienhardt@swissre.com,FrediLienhardt@swissre.com,
,Gareth,Martin,Hewlett-Packard,"garethmartini@gmail.com: garethmartini@gmail.com
gareth.martin@atos.net: gareth.martin@atos.net
gareth.martin@atosorigin.com: gareth.martin@atosorigin.com","garethmartini@gmail.com, gareth.martin@atos.net, gareth.martin@atosorigin.com","07733 311462: 07733 311462
+44 7805 649790: +44 7805 649790"
,Garry,Williams,Aberdeen Asset Management,Garry.Williams@aberdeen-asset.com: Garry.Williams@aberdeen-asset.com,Garry.Williams@aberdeen-asset.com,
,Gert,Harren,HolidayCheck AG,mail@gertharren.de: mail@gertharren.de,mail@gertharren.de,
,Giles,Pavey,dunnhumby,giles.pavey@dunnhumby.com: giles.pavey@dunnhumby.com,giles.pavey@dunnhumby.com,2088329442: 2088329442
,Guillaume,"Gardey, Ph.D.",HSBC Bank PLC,guillaume.gardey@gmail.com: guillaume.gardey@gmail.com,guillaume.gardey@gmail.com,
,Gunnar,Peters,,None: gopeters@web.de,gopeters@web.de,
,Hany,Choueiri,State Street Global Advisors Limited,"h_choueiri@hotmail.com: h_choueiri@hotmail.com
None: HChoueiri@StateStreet.com","h_choueiri@hotmail.com, HChoueiri@StateStreet.com",
,Hariprasad,Akkineni,,None: hariprasada@gmail.com,hariprasada@gmail.com,
,Helen,Crooks,Lloyd's of London,Work: helen.crooks@lloyds.com,helen.crooks@lloyds.com,
,Howard,Barber,,None: howard_barber@standardlife.com,howard_barber@standardlife.com,
,Hugues,Le Bars,Neopost,h.lebars@neopost.com: h.lebars@neopost.com,h.lebars@neopost.com,
,Iqbal,Adjali,LV=,iqbal.adjali@btinternet.com: iqbal.adjali@btinternet.com,iqbal.adjali@btinternet.com,
,James,Hanscomb,,None: james.hanscomb@tenthavenue.com,james.hanscomb@tenthavenue.com,
,Jason,Levin,Carat,jasonalevin@yahoo.com: jasonalevin@yahoo.com,jasonalevin@yahoo.com,
,Jimmy,Hosang,Direct Line Group,jimmyhosang@gmail.com: jimmyhosang@gmail.com,jimmyhosang@gmail.com,
,Johan,Vallin,TeliaSonera,vallin@kth.se: vallin@kth.se,vallin@kth.se,
,John,Telford,Channel 4,JTelford@Channel4.co.uk: JTelford@Channel4.co.uk,JTelford@Channel4.co.uk,
,Jonathan,Mansley,Aviva plc,manslej@NORWICH-UNION.CO.UK: manslej@NORWICH-UNION.CO.UK,manslej@NORWICH-UNION.CO.UK,
,Josef,Habdank,Adform Aps,jahabdank@gmail.com: jahabdank@gmail.com,jahabdank@gmail.com,
,Joshua,Aburrow-Newman,Markerstudy Insurance,JAburrow-Newman@markerstudy.com: JAburrow-Newman@markerstudy.com,JAburrow-Newman@markerstudy.com,
,JP,Rangaswami,,None: jp.rangaswami@db.com,jp.rangaswami@db.com,
,Julia,Sutton,HSBC Bank PLC,julia.x.sutton@hsbc.com: julia.x.sutton@hsbc.com,julia.x.sutton@hsbc.com,+44 7796 700739: +44 7796 700739
,Keith,Holmes,RSA,keithdh80@hotmail.com: keithdh80@hotmail.com,keithdh80@hotmail.com,
,Keyur,Mehta,Betfair,keyur_mehta@yahoo.com: keyur_mehta@yahoo.com,keyur_mehta@yahoo.com,
,Kirill,Pankratov,Zurich Insurance Company Ltd.,"kirill.pankratov@rogers.com: kirill.pankratov@rogers.com
kirill.pankratov@zurich.com: kirill.pankratov@zurich.com","kirill.pankratov@rogers.com, kirill.pankratov@zurich.com",41446288275: 41446288275
,Kjersten Margaret,Moody,Unilever,kjersten_moody@yahoo.com: kjersten_moody@yahoo.com,kjersten_moody@yahoo.com,
,Kostas,Perifanos,Mail Online at Daily Mail,kostas.perifanos@gmail.com: kostas.perifanos@gmail.com,kostas.perifanos@gmail.com,
,Lara,Korz,Azur Underwriting Limited,None: lara.korz@azurpcg.com,lara.korz@azurpcg.com,
,Lauren,Sager Weinstein,Transport for London,laurensagerweinstein01@tfl.gov.uk: laurensagerweinstein01@tfl.gov.uk,laurensagerweinstein01@tfl.gov.uk,
,Lisa,Jebodhsingh,InterContinental Hotels Group (IHG),lisa.jebodhsingh@gmail.com: lisa.jebodhsingh@gmail.com,lisa.jebodhsingh@gmail.com,
,Lorraine,Waters,HSBC Bank PLC,lorraine.waters@hsbcib.com: lorraine.waters@hsbcib.com,lorraine.waters@hsbcib.com,
,Luca,Valnegri,,None: l.valnegri@datamaps.co.uk,l.valnegri@datamaps.co.uk,
,Luke,Anamourlis,,None: luke.anamourlis@metlife-marketing.com,luke.anamourlis@metlife-marketing.com,
,Manu,Kumar,,None: Manu.Kumar02@vodafone.com,Manu.Kumar02@vodafone.com,
,Marc-Olivier,Pittner,local.ch,tvpittner@gmail.com: tvpittner@gmail.com,tvpittner@gmail.com,
,Mark,Howden,ICBC Standard Bank,mark.howden@icbcstandard.com: mark.howden@icbcstandard.com,mark.howden@icbcstandard.com,
,Mark Phillip,Lee,,None: pfc_sales@hotmail.co.uk,pfc_sales@hotmail.co.uk,
,Matt,Hobby,Elsevier,mhobby1979@googlemail.com: mhobby1979@googlemail.com,mhobby1979@googlemail.com,
,Mike,O'Donohue,Camelot,None: Michaelodonohue@hotmail.com,Michaelodonohue@hotmail.com,
,Natalino,Busa,,None: natalino.busa@gmail.com,natalino.busa@gmail.com,
,Neale,Swinnerton,Mastodon C,neale@isismanor.com: neale@isismanor.com,neale@isismanor.com,
,Nigel,Davis,Willis,nwalderdavis@yahoo.co.uk: nwalderdavis@yahoo.co.uk,nwalderdavis@yahoo.co.uk,
,Nigel,Matthews,,None: nigel.matthews@hsbc.com,nigel.matthews@hsbc.com,
,Oleksandr,Pryymak,Facebook,235@inmind.org: 235@inmind.org,235@inmind.org,
,Paul,Linnane,Utiligroup,paul.liannane@utiligroup.com: paul.liannane@utiligroup.com,paul.liannane@utiligroup.com,1772770280: 1772770280
,Paul,van Haver,TechSoup Global,pvh@vanhaver.com: pvh@vanhaver.com,pvh@vanhaver.com,
,Philip,Gunn,AIB Merchant Services,"gunnp@eircom.net: gunnp@eircom.net
phil.gillieg@yahoo.com: phil.gillieg@yahoo.com","gunnp@eircom.net, phil.gillieg@yahoo.com",
,Pierre,du Toit,,None: dutoit.pierrej@gmail.com,dutoit.pierrej@gmail.com,
,Przemys?aw,Rymaszewski,Zurich Insurance Company Ltd.,przemyslaw.rymaszewski@gmail.com: przemyslaw.rymaszewski@gmail.com,przemyslaw.rymaszewski@gmail.com,
,Reza,Khorshidi,AIG Europe Limited,reza.khorshidi@aig.com: reza.khorshidi@aig.com,reza.khorshidi@aig.com,
,Richard,Hart,Tyco Fire & Security,RHart100@gmail.com: RHart100@gmail.com,RHart100@gmail.com,
,Richard,Shelton,,None: richshelton01@yahoo.co.uk,richshelton01@yahoo.co.uk,
,Rick,Robinson,Amey,dr.rick.robinson@gmail.com: dr.rick.robinson@gmail.com,dr.rick.robinson@gmail.com,
,Robert,Michael,Carillion,Robert.Michael@btopenworld.com: Robert.Michael@btopenworld.com,Robert.Michael@btopenworld.com,
,Rod,Moyse,,None: rod.moyse@aviva.com,rod.moyse@aviva.com,
,Seamus,Murphy,,None: seamus.b.murphy@gmail.com,seamus.b.murphy@gmail.com,
,Sharon,Keogh,AIB Plc,sharon.e.keogh@aib.ie: sharon.e.keogh@aib.ie,sharon.e.keogh@aib.ie,
,Shuai,Yuan,MediaGamma,sns@yuan-shuai.info: sns@yuan-shuai.info,sns@yuan-shuai.info,
,Sjaun,Wong,,None: skywonger@gmail.com,skywonger@gmail.com,
,Skander,Ben Mansour,,None: skander.benmansour@mindshareworld.com,skander.benmansour@mindshareworld.com,
,Steven,Collings,Zoopla Property Group,steven.collings@zpg.co.uk: steven.collings@zpg.co.uk,steven.collings@zpg.co.uk,
,Steven,Hutt,Maxeler Technologies,steven.hutt@yahoo.com: steven.hutt@yahoo.com,steven.hutt@yahoo.com,
,Steven,Pimblett,wejo ltd,"steve.pimblett@yahoo.co.uk: steve.pimblett@yahoo.co.uk
None: steve.pimblett@wejo.com","steve.pimblett@yahoo.co.uk, steve.pimblett@wejo.com",
,Steven,Quinby,Network Rail,steven.quinby@networkrail.co.uk: steven.quinby@networkrail.co.uk,steven.quinby@networkrail.co.uk,
,Steve,Vanourny,State Street Global Advisors Limited,svanourny@gmail.com: svanourny@gmail.com,svanourny@gmail.com,
,Stuart,Gillies,Credit Suisse Group,sgillies01@yahoo.co.uk: sgillies01@yahoo.co.uk,sgillies01@yahoo.co.uk,
,Stuart,Pearson,,None: stuart.pearson@aimia.com,stuart.pearson@aimia.com,
,Tom,Beattie,British Gas,beattie.tom@googlemail.com: beattie.tom@googlemail.com,beattie.tom@googlemail.com,
,Tony,Jaskeran,GroupM,tonyjaskeran@hotmail.com: tonyjaskeran@hotmail.com,tonyjaskeran@hotmail.com,
,Wilmer,Peres,,None: wnperes@yahoo.com,wnperes@yahoo.com,
,Zog,Gibbens,Alliance Boots GmbH,zog.gibbens@boots.co.uk: zog.gibbens@boots.co.uk,zog.gibbens@boots.co.uk,7557319948: 00447557319948
