PHOTO URL,FIRST NAME,LAST NAME,ORGANIZATION,EMAIL,EMAIL (PLAIN),PHONE
,Baljit,Sarpal,Sarpal Consultancy,"Work: baljitsarpal@sarpalconsult.com
Work: baljit.sarpal@outlook.com","baljitsarpal@sarpalconsult.com, baljit.sarpal@outlook.com","Mobile: +44 (0) 774 0098784
Work: +44 (0)203 931 6596"
,Christophe,le Lannou,Data Learning,cll@datalearning.eu: cll@datalearning.eu,cll@datalearning.eu,
,Gary,Goldberg,Mizuho International,Work: gary.goldberg@uk.mizuho-sc.com,gary.goldberg@uk.mizuho-sc.com,"Work: +442070906686
Work: +447901751580"
,Jagdip,Grewal,Guy's and St Thomas' NHS Foundation Trust,jg@jagdip.com: jg@jagdip.com,jg@jagdip.com,
,Joao,Torres Barreiro,HCL,Work: joao.barreiro@hcl.com,joao.barreiro@hcl.com,
,Martin,Ibert,Blue Printsys,Work: martin.ibert@blueprintsys.com,martin.ibert@blueprintsys.com,
https://abs.twimg.com/sticky/default_profile_images/default_profile_0_normal.png,Michael,Servaes,Army,Work: michaelservaes@aol.com,michaelservaes@aol.com,
,Rajan,Pandhare,Irene Healthcare,None: rajanp@verpool.net,rajanp@verpool.net,
https://media.licdn.com/mpr/mpr/shrinknp_400_400/AAEAAQAAAAAAAAaYAAAAJDIzMDgyY2JlLWYxM2EtNGEwZS1hYzg3LWM3MTVkZjgxMDE1NQ.jpg,Roberto,Maranca,GE Capital,"lloyds: roberto.maranca@lloydsbanking.com
personal: ocapitan@hotmail.com
Work: R.maranca@outlook.com","roberto.maranca@lloydsbanking.com, ocapitan@hotmail.com, R.maranca@outlook.com",
,Somita,Yogi,Royal Mail,Personal: somita123@yahoo.co.in,somita123@yahoo.co.in,Mobile: +44 7833 469686
,Steven,Pimblett,wejo ltd,"steve.pimblett@yahoo.co.uk: steve.pimblett@yahoo.co.uk
None: steve.pimblett@wejo.com","steve.pimblett@yahoo.co.uk, steve.pimblett@wejo.com",
,Tony,Gosling,,Work: tony.gosling@paconsulting.com,tony.gosling@paconsulting.com,
,Will,Siddall,Tietoa,will.siddall@tietoa.co.uk: will.siddall@tietoa.co.uk,will.siddall@tietoa.co.uk,7843325255: 7843325255
