FIRST NAME,LAST NAME,JOB ROLE,ORGANIZATION,LOCATIONS,EMAIL,EMAIL (PLAIN)
Rick,Avis,Head of Information and Integration Architecture,UBS Limited,,rick.avis@ubs.com: rick.avis@ubs.com,rick.avis@ubs.com
Bob,Bailey,"Chief Information Architect, Corporate Technology",Thomson Reuters,,bob.bailey@reuters.com: bob.bailey@reuters.com,bob.bailey@reuters.com
Kevin,Sulley,Head of Data Architecture,Thomson Reuters,": 
Reading, United Kingdom

",kevsulley@googlemail.com: kevsulley@googlemail.com,kevsulley@googlemail.com
Lesley,Roe,Chief Data Officer,The Institution of Engineering & Technology,Work: Hertfordshire,Work: lroe@theiet.org,lroe@theiet.org
Klas,Eckervald,"Enterprise Architect, Applied Intelligence & Innovation",Teradata International,": 


",klas.eckervald@teradata.com: klas.eckervald@teradata.com,klas.eckervald@teradata.com
Kristian,Monsen,Chief Data Officer,Telia Company (Norway),Work: Oslo,Work: kristian.monsen@telia.no,kristian.monsen@telia.no
Paul,Excell,CIO,Teamtomarket,": 


",,
Daniel,Jonas MIET,Global Head of Innovation,SThree,,,
Julian,Elve MBCS,Head of Information Services,SSAT (The Schools Network) Ltd.,": 


",julian.elve@gmail.com: julian.elve@gmail.com,julian.elve@gmail.com
Tom,Callaert,Commercial Manager Compliance Analytics,SOCIETY FOR WORLDWIDE INTERBANK FINANCIAL TELECOMMUNICATION SCRL,,,
Rob,French,Chief Data Officer,Shell International,"Work: London,City of",Work: rob.french@shell.com,rob.french@shell.com
gabrielle,barnard,Chief Data Officer,SGN Ltd,Work: Hampshire,Work: gabrielle.barnard@sgn.co.uk,gabrielle.barnard@sgn.co.uk
Annette,Moody,Group IT Governance & Innovation Director,Serco,": 


",annettemoody@hotmail.com: annettemoody@hotmail.com,annettemoody@hotmail.com
António,Dias,CIO,Santander Totta,": Lisbon, Portugal",Work: antonio.dias@santanderconsumer.pt,antonio.dias@santanderconsumer.pt
Riikka,Turunen,"Director, Data Protection and Privacy",Sanoma,": 


",riikkaeturunen@hotmail.com: riikkaeturunen@hotmail.com,riikkaeturunen@hotmail.com
Ian,Perrin,Head of Information Systems,Samaritans,": 


",ianperrin@gmail.com: ianperrin@gmail.com,ianperrin@gmail.com
Nick,Sawyer,Bi Transformation Lead,Sainsbury's,": 
London, United Kingdom

",'nick.sawyer@sainsburys.co.uk': 'nick.sawyer@sainsburys.co.uk','nick.sawyer@sainsburys.co.uk'
Graham,Benson,CIO,rentalcars.com,": 


",,
Phil,Jones,CIO,Prudential Plc,,,
Arvindra,Sehmi,Chief Information Officer,Oxford Economics,": 


",vin@cloudopti.com: vin@cloudopti.com,vin@cloudopti.com
Jon,Garwood,Head of Information Management,Northgate plc,": 
Darlington, United Kingdom

",,
Timor,Ahmad,Chief Data Officer,Lloyd's of London,"Work: London,City of",Work: timor.ahmad@lloyds.com,timor.ahmad@lloyds.com
Steven,Bennett,Information Technology Business Partner,Lloyds Banking Group,,,
Naim,Kazmi,"Head of Architecture, Methodology and Innovation",Lloyds Banking Group,,,
Morteza,Mahjour,CIO,Lloyds Banking Group,,,
Lynn,Watts,Senior Manager - Strategic Information Project,Lloyds Banking Group,,lynnswatts@hotmail.co.uk: lynnswatts@hotmail.co.uk,lynnswatts@hotmail.co.uk
Alan,Peacock,Group Chief Information Officer (Interim),Lloyds Banking Group,,alanppeacock@hotmail.com: alanppeacock@hotmail.com,alanppeacock@hotmail.com
Matt,Peers,CIO,Linklaters,"St Albans: St Albans


","matt.peers100@gmail.com: matt.peers100@gmail.com
matt.peers100@gmail.com: matt.peers100@gmail.com","matt.peers100@gmail.com, matt.peers100@gmail.com"
Mark,Timbs,"Chief Information Officer, Europe",Lend Lease,": 


",mark.timbs@lendlease.com: mark.timbs@lendlease.com,mark.timbs@lendlease.com
Rahul,Jaitly,SVP & Chief Information Officer,Kuoni Global Travel Services,": 


",rahuljaitly@hotmail.com: rahuljaitly@hotmail.com,rahuljaitly@hotmail.com
Uwe,Kolk,CIO,Jungheinrich,,Work: uwe.kolk@jungheinrich.de,uwe.kolk@jungheinrich.de
Antonio,Alvarez,"Head of Data innovation at Isban UK, Santander group",ISBAN,": 


",aalvarez.internet@gmail.com: aalvarez.internet@gmail.com,aalvarez.internet@gmail.com
Robert,Leindl,CIO,Infineon Technologies,,Work: robert.leindl@infineon.com,robert.leindl@infineon.com
Gavin,Megnauth,Group Chief Information Officer,Impellam Group Plc,": 


",gmegnauth@yahoo.co.uk: gmegnauth@yahoo.co.uk,gmegnauth@yahoo.co.uk
Musaifer,Alosaimi,Chief Information Officer,HSBC Bank PLC,,,
Guy,Hallam,Senior Business Programme Manager / COO Team Global Regulatory Change Lead,HSBC Bank PLC,,e2@cityconsultancy.co.uk: e2@cityconsultancy.co.uk,e2@cityconsultancy.co.uk
Bo,Boisen,Program Director - Regulatory and Risk Analytics,HSBC Bank PLC,,bboisen@gmail.com: bboisen@gmail.com,bboisen@gmail.com
Ian,Dunkin,"Director of Strategy, Architecture, Risk and Compliance",GlaxoSmithKline,": 


",ian.m.dunkin@gsk.com: ian.m.dunkin@gsk.com,ian.m.dunkin@gsk.com
Michael,Ibbitson,CIO,Gatwick Airport,": 


",m.ibbitson@gmail.com: m.ibbitson@gmail.com,m.ibbitson@gmail.com
Alessandro,Baroni,CIO,Equens,,,
Randy,Golly,"Vice President - Governance, Risk, and Compliance (GRC)",Epsilon Telecommunications Limited,,rgolly@gmail.com: rgolly@gmail.com,rgolly@gmail.com
Carolyn,Brown,CIO,Durham University,": 


",CarolynTBrown@gmail.com: CarolynTBrown@gmail.com,CarolynTBrown@gmail.com
James,Robbins,Chief Information Office (CIO),Drax Group plc,": 
London, United Kingdom

",,
Peter,Edwards,CIO,Domestic & General,,Work: peedwards@gmail.com,peedwards@gmail.com
Susan,Wegner,"Vice President Smart Data Analytics&Communication, Big Data, Telekom Innovation Laboratories",Deutsche Telekom AG,": 


",wegners@telekom.de: wegners@telekom.de,wegners@telekom.de
Bill,Kohler,Chief Information Officer Americas,DENTSU AEGIS NETWORK LTD.,": 


",williampaulkohler@yahoo.com: williampaulkohler@yahoo.com,williampaulkohler@yahoo.com
Mike,Young,Group Chief Information Officer,DENTSU AEGIS NETWORK LTD.,": 


",mike_thomas_young@yahoo.co.uk: mike_thomas_young@yahoo.co.uk,mike_thomas_young@yahoo.co.uk
Chris,Brown,Chief Information Officer,Chubb Insurance Company of Europe,": 


",,
Shaymoly,Mukherjee,Chief Data Officer,Catalyst Housing Group,Work: Ealing,Work: shaymoly.mukherjee@chg.org.uk,shaymoly.mukherjee@chg.org.uk
Warwick,Bailey,VP - Head of Information Delivery,Carlson Wagonlit Travel,": 


",wtjbailey@yahoo.co.uk: wtjbailey@yahoo.co.uk,wtjbailey@yahoo.co.uk
Rob,Harding,Chief Information Officer (CIO),Capital One,"Nottingham, United Kingdom: Nottingham, United Kingdom


",robert.harding@capitalone.com: robert.harding@capitalone.com,robert.harding@capitalone.com
Paul,Cooper,CIO,Burton biscuits,": 


",,
Tom,Grahek,Chief Information Officer,Bremer Bank,": 


",tgrahek@comcast.net: tgrahek@comcast.net,tgrahek@comcast.net
Mark,Gibbons,EMEA Chief Information Officer (CIO),BNY Mellon,": 


",,
Michael,Wallis,Chief Information Officer,BG Group,,Work: mike.wallis@bg-group.com,mike.wallis@bg-group.com
Roana,Mouton,Enterprise Architecture Governance,Barclays Bank PLC,,roana.mouton@gmail.com: roana.mouton@gmail.com,roana.mouton@gmail.com
John,Finch,Chief Information Officer & Executive Director,Bank of England,": 
London, United Kingdom

",john.x.finch@gmail.com: john.x.finch@gmail.com,john.x.finch@gmail.com
Paulo,Figueiredo,CIO,Banco BIG,": Lisbon, Portugal",Work: paulo.figueiredo@big.pt,paulo.figueiredo@big.pt
Simon,Wright,Group Data Protection Officer,Badoo,,,
Andrew,Wells,Chief Data Officer,Aviva,,Work: andrew.m.wells@aviva.com,andrew.m.wells@aviva.com
Abdullah,Nami,Chief Compliance Officer,Al-Rajhi Banking & Inv. Corp.,,,
Rob,Wijhenke,Head of Data Innovation and Analytics,ABN Amro Group,,,
Anthony (Tony),Vaden,VP and Chief Information Officer (CIO),ABC Supply,": 


",vadenal@gmail.com: vadenal@gmail.com,vadenal@gmail.com
