FIRST NAME,LAST NAME,JOB ROLE,ORGANIZATION,EMAIL,EMAIL (PLAIN),PHONE
Giancarlo,Pellizzari,Head of Division,ECB (European Central Bank),Work: giancarlo.pellizzari@ecb.europa.eu,giancarlo.pellizzari@ecb.europa.eu,
Hany,Choueiri,Chief Data Officer,State Street Global Advisors Limited,"h_choueiri@hotmail.com: h_choueiri@hotmail.com
None: HChoueiri@StateStreet.com","h_choueiri@hotmail.com, HChoueiri@StateStreet.com",
Mahendra,Jape,Director and Data Governance Leader,GE Capital,work: mahendra.jape@ge.com,mahendra.jape@ge.com,
Matthew,Keylock,Head of Data & Analytics,"Mars, Incorporated.",mdkeylock@gmail.com: mdkeylock@gmail.com,mdkeylock@gmail.com,
Michael,Servaes,Chief Data Officer,Army,Work: michaelservaes@aol.com,michaelservaes@aol.com,
Mike,Hyde,Head of Data Science (for the Workplace Enterprise),Facebook,"personal: mike.hyde@gmail.com
Work: mph@fb.com","mike.hyde@gmail.com, mph@fb.com",
Norma,Dove-Edwin,Head of Global Data Services,British American Tobacco,"norma_Dove-Edwin@bat.com: norma_Dove-Edwin@bat.com
Work: norma.dove.edwin@googlemail.com
None: norma.dove.edwin@gmail.com","norma_Dove-Edwin@bat.com, norma.dove.edwin@googlemail.com, norma.dove.edwin@gmail.com",
Parveen,Downer,Head of Programmes and Data,Harley Academey,Work: parveen@harleyacademy.com,parveen@harleyacademy.com,
Roberto,Maranca,Chief Data Officer,GE Capital,"lloyds: roberto.maranca@lloydsbanking.com
personal: ocapitan@hotmail.com
Work: R.maranca@outlook.com","roberto.maranca@lloydsbanking.com, ocapitan@hotmail.com, R.maranca@outlook.com",
Russell,Marsh,Managing Director,Accenture,Work: russell.marsh@accenture.com,russell.marsh@accenture.com,
Umran,Rafi,Head of Data,St Andrew's Healthcare,Work: URafi@standrew.co.uk,URafi@standrew.co.uk,"mobile: +44 7500 300 400 
Switchboard: +44  1604 616000 "
