FIRST NAME,LAST NAME,JOB ROLE,ORGANIZATION,ORGANIZATION INDUSTRY,EMAIL,EMAIL (PLAIN)
Abid,SAMALI,Chief Data Officer,SIMG Conseil / Natixis Factor,Financial Services,Work: ABID.SAMALI@GMAIL.COM,ABID.SAMALI@GMAIL.COM
Agnieszka,Michalik,Senior Data Architect,Nokia,Telecommunications,inesami@gmail.com: inesami@gmail.com,inesami@gmail.com
Alain,Ouk Glickman,VP Analytics,Orange Group,Telecommunications,Work: alain.glickman@orange-ftgroup.com,alain.glickman@orange-ftgroup.com
Alberto,Villari,Data Governance Manager,Ricoh Europe,Technology,Personal: alberto.villari@ricoh-europe.com,alberto.villari@ricoh-europe.com
Alessandro,Bulfone,Chief Data Officer,Mediobanca,Financial Services,Work: alessandro.bulfone@mediobanca.com,alessandro.bulfone@mediobanca.com
Alessandro,Allodi,Chief Data Officer,Shell,Energy & Utilities,Work: a.allodi@shell.com,a.allodi@shell.com
Alex,Timbs,"Head of Data & Attribution, International at AOL",AOL International,,"Work: alex.timbs@teamaol.com
Work: alex.timbs@oath.com","alex.timbs@teamaol.com, alex.timbs@oath.com"
Anantha,Prasad,"Global Head, Data Governance and Head, Data & Information Management EMEA",HSBC Bank PLC,Financial Services,Work: anantha.prasad@hsbc.com,anantha.prasad@hsbc.com
Anna,Ahtiainen,Senior Director - Analytics & Measurement,,,,
Anna,Zeiter,Chief Data Officer,eBay International AG,,Work: azeiter@ebay.com,azeiter@ebay.com
Anne-Marie,Glineur,Chief Data Officer,Belfius,,Work: anne-marie.glineur@belfius.be,anne-marie.glineur@belfius.be
Barry,Green,Chief Data Officer,Bank of Ireland,Financial Services,"Work: barry.green@bankofireland.com
Work: Barry.Green@BOI.com","barry.green@bankofireland.com, Barry.Green@BOI.com"
Barry,Panayi,Chief Data Officer,Amlin,Retail,"Work: bpanayi@gmail.com
Work: barry.p@amlinc.com
Work: barry.panayi@amlin.com","bpanayi@gmail.com, barry.p@amlinc.com, barry.panayi@amlin.com"
Bert,van de Haar,Chief Data Officer,ING,Financial Services,Work: bert.van.de.haar@ing.nl,bert.van.de.haar@ing.nl
Brian,Bissett,Chief Data Officer,XL Catlin,Financial Services,None: Brian.Bissett@catlin.com,Brian.Bissett@catlin.com
Brijesh,Balakrishnan,Chief Data Officer,MESH The Experience Agency,,Work: brijeshbalakrishnan@meshexperience.com,brijeshbalakrishnan@meshexperience.com
Caroline,Carruthers,Chief Data Officer,,,,
Christian Wiese,Svanberg,"Chief Privacy Officer, Head of Data Protection Unit",Danish National Police,Government,,
Christine,De Tourniel,Chief Data Officer - CIB ITO,BNP Paribas,Financial Services,christinedetourniel@me.com: christinedetourniel@me.com,christinedetourniel@me.com
Claire,Jessop,Head of Data Governance,Leeds Building Society,Financial Services,c.l.jessop@btopenworld.com: c.l.jessop@btopenworld.com,c.l.jessop@btopenworld.com
Dan,Crisp,"Managing Director - Chief Information Risk Officer and Head of Technology Compliance, EMEA",BNY Mellon,Financial Services,,
Darren,Siddle,Data Lead - AMG - Big Data and Group Data Management Programme,HSBC Bank PLC,Financial Services,darrensiddle@hotmail.com: darrensiddle@hotmail.com,darrensiddle@hotmail.com
David,Rhee,Global Marketing Analytics,adidas group,Retail,"wdaveonline@gmail.com: wdaveonline@gmail.com
None: david.rhee@adidas.com","wdaveonline@gmail.com, david.rhee@adidas.com"
David,Fletcher,Chief Data Officer,MEC,Media,Work: David.Fletcher@mecglobal.com,David.Fletcher@mecglobal.com
David,Watkins,Chief Data Officer,RSA,Financial Services,davidjwatkins@gmail.com: davidjwatkins@gmail.com,davidjwatkins@gmail.com
David,Terrar,Governance Board Member,Cloud Industry Forum (CIF),,dt@d2c.org.uk: dt@d2c.org.uk,dt@d2c.org.uk
David,Lang,Chief Data Officer,Lloyd's of London,Financial Services,davidmlang@btinternet.com: davidmlang@btinternet.com,davidmlang@btinternet.com
David,Hayes,Chief Data Officer,Santander,Financial Services,david.hayes@santander.com: david.hayes@santander.com,david.hayes@santander.com
Denys,Medin,Head of Data / CDO,RELX Group,Solution Provider,denys.medin@icis.com: denys.medin@icis.com,denys.medin@icis.com
Ed,Wiley,Chief Data Scientist; DVP Pricing,Sears Holdings Corporation,Retail,Ed.Wiley@BoulderStrategicAnalytics.com: Ed.Wiley@BoulderStrategicAnalytics.com,Ed.Wiley@BoulderStrategicAnalytics.com
Eleanor,Brown,"Senior Analytics Manager, Group Finance",Prudential Plc,Financial Services,Work: eleanor.brown@prudential.co.uk,eleanor.brown@prudential.co.uk
Elisabeth,Ling,SVP Analytics,Elsevier,Media,,
Eloy,Sasot,Chief Data Officer,Sodexo,Manufacturing,"None: esasot@newscorp.com
Work: esasot@yahoo.com","esasot@newscorp.com, esasot@yahoo.com"
Emma,Ede,Head of Data Governance,M&G,Financial Services,,
Eulogio,Barragan,Enterprise Data Leader,GE Capital,Technology,None: eulogio.barragan@ge.com,eulogio.barragan@ge.com
Francesca,De Finis,Marketing Director EEMEA - The McDonald's Division at The Coca-Cola Company,The Coca-Cola Company,FMCG,Work: https://it.linkedin.com/in/francesca-de-finis-a742031,https://it.linkedin.com/in/francesca-de-finis-a742031
Garry,Manser,Head of Data Governance,Visa Europe,,,
Garry,O'Sullivan,Head of Risk and Compliance,Musgrave Retail Partners Ireland,,garryosullivan12@gmail.com: garryosullivan12@gmail.com,garryosullivan12@gmail.com
Gary,Goldberg,Chief Data Officer,Mizuho International,,Work: gary.goldberg@uk.mizuho-sc.com,gary.goldberg@uk.mizuho-sc.com
Gavin,Nichols,Senior Database and Technology Account Manager for Consumer Industries,SAP,Solution Provider,zkot@hotmail.co.uk: zkot@hotmail.co.uk,zkot@hotmail.co.uk
Giancarlo,Pellizzari,Head of Division,ECB (European Central Bank),Financial Services,Work: giancarlo.pellizzari@ecb.europa.eu,giancarlo.pellizzari@ecb.europa.eu
Giles,Pavey,Chief Data Scientist,dunnhumby,Media,giles.pavey@dunnhumby.com: giles.pavey@dunnhumby.com,giles.pavey@dunnhumby.com
Gillian,Tomlinson,Chief Data Officer,RSA,Financial Services,Work: gillian.tomlinson@rsa.com,gillian.tomlinson@rsa.com
Guoxian,Yang,Chief Data Scientist,CapSo Inc.,Technology,gyang@tcd.ie: gyang@tcd.ie,gyang@tcd.ie
Hany,Choueiri,Chief Data Officer,State Street Global Advisors Limited,Financial Services,"h_choueiri@hotmail.com: h_choueiri@hotmail.com
None: HChoueiri@StateStreet.com","h_choueiri@hotmail.com, HChoueiri@StateStreet.com"
Helder,Soares,Head of IT Architecture & Data Governance,BancoCTT,Financial Services,Work: helder.soares@bancoctt.pt,helder.soares@bancoctt.pt
Helen,Crooks,Chief Data Officer,Lloyd's of London,Financial Services,Work: helen.crooks@lloyds.com,helen.crooks@lloyds.com
Hugues,Le Bars,Chief Data Officer (CDO),Neopost,Manufacturing,h.lebars@neopost.com: h.lebars@neopost.com,h.lebars@neopost.com
Ian,Holland,Chief Data Officer,Shawbrook Bank,Financial Services,Work: Ian.Holland@shawbrook.co.uk,Ian.Holland@shawbrook.co.uk
Ian,Goodwin,Chief Data Officer,British Council,Government,Work: ian.goodwin@britishcouncil.org,ian.goodwin@britishcouncil.org
James,Hanscomb,Chief Data Officer,tenthavenue,Solution Provider,jameshanscomb@hotmail.com: jameshanscomb@hotmail.com,jameshanscomb@hotmail.com
Jo,Coutuer,Chief Data Officer,BNP Paribas Fortis,,Work: jo.coutuer@bnpparibasfortis.com,jo.coutuer@bnpparibasfortis.com
Joao,Torres Barreiro,Chief Data Officer,HCL,,Work: joao.barreiro@hcl.com,joao.barreiro@hcl.com
John,Mason,"Global Head of Regulatory Reporting, Enterprise Solutions",Bloomberg LP,Media,john.mason@mail2web.com: john.mason@mail2web.com,john.mason@mail2web.com
Jonathan,Lyon,Global Director of Strategic Insights,DigitasLBi,Media,jonathan.lyon@gmail.com: jonathan.lyon@gmail.com,jonathan.lyon@gmail.com
Josef,Habdank,Senior Data Scientist,Adform Aps,Marketing Agency,jahabdank@gmail.com: jahabdank@gmail.com,jahabdank@gmail.com
JP,Rangaswami,Chief Data Officer,Deutsche Bank AG,Financial Services,jobsworth@me.com: jobsworth@me.com,jobsworth@me.com
Julian,Elliott,Chief Data Officer,DENTSU AEGIS NETWORK LTD.,Media,"julian.elliott@dentsuaegis.com: julian.elliott@dentsuaegis.com
julian.elliott@dentsuaegis.com: julian.elliott@dentsuaegis.com","julian.elliott@dentsuaegis.com, julian.elliott@dentsuaegis.com"
Katelyn,Hynes,CDO,Deutsche Bank AG,Financial Services,Work: katelyn.hynes@db.com,katelyn.hynes@db.com
Lorraine,Waters,HSBC Deputy Chief Data Officer and Global Head of Data Governance,HSBC Bank PLC,Financial Services,lorraine.waters@hsbcib.com: lorraine.waters@hsbcib.com,lorraine.waters@hsbcib.com
Luc,Machiels,Chief Data Officer,BNP Paribas Fortis,,Work: luc.machiels@bnpparibasfortis.com,luc.machiels@bnpparibasfortis.com
Lynne,Innes,Chief Data Officer,Npower,Energy & Utilities,Work: Lynne.innes@rwe.com,Lynne.innes@rwe.com
Mahendra,Jape,Director and Data Governance Leader,GE Capital,Technology,work: mahendra.jape@ge.com,mahendra.jape@ge.com
Marc-Olivier,Pittner,CDO,local.ch,Consumer Services,tvpittner@gmail.com: tvpittner@gmail.com,tvpittner@gmail.com
Maria Eva,Montoro Candela,Chief Data Officer,Santander Bank,,Work: mmontoro@gruposantander.com,mmontoro@gruposantander.com
Mark,Hunter,Chief Data Officer,Sainsbury's Bank,Financial Services,Work: mark.hunter@sainsburysbank.co.uk,mark.hunter@sainsburysbank.co.uk
Mark,Howden,Client Data,ICBC Standard Bank,Financial Services,mark.howden@icbcstandard.com: mark.howden@icbcstandard.com,mark.howden@icbcstandard.com
Mark,Ramsey,Chief Data Officer (CDO),GlaxoSmithKline,Healthcare & Pharma,,
Martin,Ibert,,Blue Printsys,Consulting,Work: martin.ibert@blueprintsys.com,martin.ibert@blueprintsys.com
Martin,Ratolistka,Chief Data Officer,Kiwi.com,Travel & Leisure,Work: martin.ratolistka@kiwi.com,martin.ratolistka@kiwi.com
Martin,Mitchell,Chief Data Architect,M&G,Financial Services,martinmitch@gmail.com: martinmitch@gmail.com,martinmitch@gmail.com
Matthew,Keylock,Head of Data & Analytics,"Mars, Incorporated.",FMCG,mdkeylock@gmail.com: mdkeylock@gmail.com,mdkeylock@gmail.com
Matthew,Cossor,Chief Data Officer,TP ICAP,Financial Services,Work: Matthew.Cossor@icap.com,Matthew.Cossor@icap.com
May,Ladd,"Lead Solutions Architect - Global Regulatory Retention, Archiving Programme & ECM Solutions",Credit Suisse Group,Financial Services,,
Melanie,Troop,"Director, Compliance",Rothschild Bank,Financial Services,,
Michael,Ridley,Chief Data Officer,Exterion Media,Media,Work: Michael.Ridley@exterionmedia.co.uk,Michael.Ridley@exterionmedia.co.uk
Michelle,Teufel,Head of Digital Strategy,Arrow Electronics,Technology,Personal: teufelm@gmail.com,teufelm@gmail.com
Mike,O'Donohue,Chief Data Officer,Camelot,Consumer Services,None: Michaelodonohue@hotmail.com,Michaelodonohue@hotmail.com
Mike,Hyde,Head of Data Science (for the Workplace Enterprise),Facebook,Media,"personal: mike.hyde@gmail.com
Work: mph@fb.com","mike.hyde@gmail.com, mph@fb.com"
Mikko,Niva,Group Privacy Officer,Vodafone Group Public Limited Company,Telecommunications,,
Monica,Cardoso Salgado,Chief Data Officer,John Lewis Partnership,,Work: monica.cardoso.salgado@johnlewis.co.uk,monica.cardoso.salgado@johnlewis.co.uk
Nathan,Barling,Global Chief Data & Technology Officer,iProspect (Dentsu Aegis Network),Media,nathan.barling@iprospect.com: nathan.barling@iprospect.com,nathan.barling@iprospect.com
Nic,Orton,CDO,BNP Paribas Personal Finance,Financial Services,,
Nigel,Matthews,Group Data Management Programme Director,HSBC Bank PLC,Financial Services,nimatthe@me.com: nimatthe@me.com,nimatthe@me.com
Nirali,patel,Chief Data Officer,AXA PPP Healthcare,Financial Services,Work: nirali.patel@axa-ppp.co.uk,nirali.patel@axa-ppp.co.uk
Norma,Dove-Edwin,Head of Global Data Services,British American Tobacco,FMCG,"norma_Dove-Edwin@bat.com: norma_Dove-Edwin@bat.com
Work: norma.dove.edwin@googlemail.com
None: norma.dove.edwin@gmail.com","norma_Dove-Edwin@bat.com, norma.dove.edwin@googlemail.com, norma.dove.edwin@gmail.com"
Norman,Stuertz,Chief Data Officer,Credit Suisse,,Work: norman.stuertz@credit-suisse.com,norman.stuertz@credit-suisse.com
Oliver,Hansard,VP Data Services,Liberty Global,Financial Services,Work: ohansard@libertyglobal.com,ohansard@libertyglobal.com
Parveen,Downer,Head of Programmes and Data,Harley Academey,,Work: parveen@harleyacademy.com,parveen@harleyacademy.com
Patricia,Poku,Chief Data Officer,World Vision International,Charity & Not For Profit,Work: patpoku@gmail.com,patpoku@gmail.com
Paul,van Haver,"Vice President, Global Data Services",TechSoup Global,Solution Provider,pvh@vanhaver.com: pvh@vanhaver.com,pvh@vanhaver.com
Peter,Enright,Senior Data and Marketing Services Manager,Cambridge University Press,Education,peter.enright@rocketmail.com: peter.enright@rocketmail.com,peter.enright@rocketmail.com
Philipp,Raether,Group Chief Privacy Officer,Allianz Group,Financial Services,Work: phillip.raether@allianz.com,phillip.raether@allianz.com
Phillip,Radley,Chief Data Architect,BT,Telecommunications,Work: phillip.radley@bt.com,phillip.radley@bt.com
Piers,Stobbs,Chief Data Officer,Moneysupermarket Group,Financial Services,Work: piers.stobbs@moneysupermarket.com,piers.stobbs@moneysupermarket.com
Rajan,Pandhare,Chairman & Co-Founder,Irene Healthcare,,None: rajanp@verpool.net,rajanp@verpool.net
Raul,Cruces,Chief Data Officer,Santander,Financial Services,,
Richard,Ellison,Chief Data Officer,CYBG (Clydesdale Bank),,"Work: richar.ellison@cbonline.co.uk
Work: richard.ellison@cybg.com","richar.ellison@cbonline.co.uk, richard.ellison@cybg.com"
Roberto,Maranca,Chief Data Officer,GE Capital,Technology,"personal: ocapitan@hotmail.com
lloyds: roberto.maranca@lloydsbanking.com
Work: R.maranca@outlook.com","ocapitan@hotmail.com, roberto.maranca@lloydsbanking.com, R.maranca@outlook.com"
Russ,Fitzgerald,"Head of Governance, Risk and Control, Group Operations",Nationwide Building Society,Financial Services,russ.fitzgerald@btinternet.com: russ.fitzgerald@btinternet.com,russ.fitzgerald@btinternet.com
Sara,Howers,Global Data Protection Officer,Simply Business,,Work: sara.howers@simplybusiness.co.uk,sara.howers@simplybusiness.co.uk
Seamus,Murphy,Chief Data Officer,AIB Plc,Financial Services,,
Sean,Cornwell,Chief Data Officer,Travelex,Financial Services,,
Sharon,Keogh,"Head of Data Strategy & Control, Chief Data Office",AIB Plc,Financial Services,sharon.e.keogh@aib.ie: sharon.e.keogh@aib.ie,sharon.e.keogh@aib.ie
Somita,Yogi,Chief Data Officer,Royal Mail,Consumer Services,Personal: somita123@yahoo.co.in,somita123@yahoo.co.in
Stephan,Den Hengst,Chief Data Officer,Nederlandse Politie,Government,Work: stephan.den.hengst@politie.nl,stephan.den.hengst@politie.nl
STEPHANE,PERE,Chief Data Officer,The Economist,Media,Work: stephanepere@economist.com,stephanepere@economist.com
Stephen,Deadman,Global Deputy Chief Privacy Officer,Facebook,Media,Work: stephen@fb.com,stephen@fb.com
Steve,Wright,Chief Data Officer,John Lewis Partnership,,"Work: steve_wright@johnlewis.com
Work: steve.x.wright@johnlewis.co.uk","steve_wright@johnlewis.com, steve.x.wright@johnlewis.co.uk"
Steven,Pimblett,COO & CDO,wejo ltd,Solution Provider,"steve.pimblett@yahoo.co.uk: steve.pimblett@yahoo.co.uk
None: steve.pimblett@wejo.com","steve.pimblett@yahoo.co.uk, steve.pimblett@wejo.com"
Steven,Hutt,VP Data Analytics,Maxeler Technologies,Solution Provider,steven.hutt@yahoo.com: steven.hutt@yahoo.com,steven.hutt@yahoo.com
Steven,Simon,Senior Database and Technology Sales for Key Accounts in Gulf Region,SAP,Solution Provider,,
Syed,Moonis,"Director, Group Analytics",EnterCard,Financial Services,moonis62@gmail.com: moonis62@gmail.com,moonis62@gmail.com
Tom,Channing,"Head, Strategic Analytics",Sony Mobile Communications,Technology,Work: tom.channing@eu.sony.com,tom.channing@eu.sony.com
Tom,Betts,Chief Data Officer,Financial Times,Media,,
Tony,Gosling,Consulting,,,Work: tony.gosling@paconsulting.com,tony.gosling@paconsulting.com
Umran,Rafi,Head of Data,St Andrew's Healthcare,Healthcare & Pharma,Work: URafi@standrew.co.uk,URafi@standrew.co.uk
Ursuline,Foley,Interim Chief Data Officer,XL Catlin,Financial Services,Work: ursuline.foley@xlcatlin.com,ursuline.foley@xlcatlin.com
