PHOTO URL,FIRST NAME,LAST NAME,JOB ROLE,ORGANIZATION,EMAIL,EMAIL (PLAIN),PHONE
,Christine,de Tourniel,,BNP Paribas,None: christine.detourniel@uk.bnpparibas.com,christine.detourniel@uk.bnpparibas.com,
,Christophe,le Lannou,Smart Analytics - Data Science,Data Learning,cll@datalearning.eu: cll@datalearning.eu,cll@datalearning.eu,
,Claire,Jessop,Head of Data Governance,Leeds Building Society,c.l.jessop@btopenworld.com: c.l.jessop@btopenworld.com,c.l.jessop@btopenworld.com,
,Eulogio,Barragan,Enterprise Data Leader,GE Capital,None: eulogio.barragan@ge.com,eulogio.barragan@ge.com,
,Mahendra,Jape,Director and Data Governance Leader,GE Capital,work: mahendra.jape@ge.com,mahendra.jape@ge.com,
,Mark,Howden,Client Data,ICBC Standard Bank,mark.howden@icbcstandard.com: mark.howden@icbcstandard.com,mark.howden@icbcstandard.com,
,Michelle,Teufel,Head of Digital Strategy,Arrow Electronics,Personal: teufelm@gmail.com,teufelm@gmail.com,
,Mike,O'Donohue,Chief Data Officer,Camelot,None: Michaelodonohue@hotmail.com,Michaelodonohue@hotmail.com,
,Norma,Dove-Edwin,Head of Global Data Services,British American Tobacco,"norma_Dove-Edwin@bat.com: norma_Dove-Edwin@bat.com
Work: norma.dove.edwin@googlemail.com
None: norma.dove.edwin@gmail.com","norma_Dove-Edwin@bat.com, norma.dove.edwin@googlemail.com, norma.dove.edwin@gmail.com",
,Paul,van Haver,"Vice President, Global Data Services",TechSoup Global,pvh@vanhaver.com: pvh@vanhaver.com,pvh@vanhaver.com,
,Rajan,Pandhare,Chairman & Co-Founder,Irene Healthcare,None: rajanp@verpool.net,rajanp@verpool.net,
