PHOTO URL,FIRST NAME,LAST NAME,JOB ROLE,ORGANIZATION,EMAIL,EMAIL (PLAIN),PHONE
,Abid,SAMALI,Chief Data Officer,SIMG Conseil / Natixis Factor,Work: ABID.SAMALI@GMAIL.COM,ABID.SAMALI@GMAIL.COM,
,Alex,Timbs,"Head of Data & Attribution, International at AOL",AOL International,"Work: alex.timbs@teamaol.com
Work: alex.timbs@oath.com","alex.timbs@teamaol.com, alex.timbs@oath.com",
,Anna,Desiatnik,Data Analyst,Rothschild Bank,"ashatskikh@mail.usf.edu: ashatskikh@mail.usf.edu
Work: Anna.Desiatnik@rothschild.com","ashatskikh@mail.usf.edu, Anna.Desiatnik@rothschild.com",
,Caroline,Carruthers,Chief Data Officer,,,,None: +447720512051
,Christine,De Tourniel,Chief Data Officer - CIB ITO,BNP Paribas,christinedetourniel@me.com: christinedetourniel@me.com,christinedetourniel@me.com,
,Claire,Jessop,Head of Data Governance,Leeds Building Society,c.l.jessop@btopenworld.com: c.l.jessop@btopenworld.com,c.l.jessop@btopenworld.com,
,Eloy,Sasot,Chief Data Officer,Sodexo,"None: esasot@newscorp.com
Work: esasot@yahoo.com","esasot@newscorp.com, esasot@yahoo.com",
,Graeme,Mcdermott,Chief Data Officer,Addison Lee,Work: graeme.mcdermott@addisonlee.com,graeme.mcdermott@addisonlee.com,
,Jo,Coutuer,Chief Data Officer,BNP Paribas Fortis,Work: jo.coutuer@bnpparibasfortis.com,jo.coutuer@bnpparibasfortis.com,
,Julia,Sutton,Group Customer Data Strategy,HSBC Bank PLC,julia.x.sutton@hsbc.com: julia.x.sutton@hsbc.com,julia.x.sutton@hsbc.com,+44 7796 700739: +44 7796 700739
,Mark,Hunter,Chief Data Officer,Sainsbury's Bank,Work: mark.hunter@sainsburysbank.co.uk,mark.hunter@sainsburysbank.co.uk,
,Matthew,Keylock,Head of Data & Analytics,"Mars, Incorporated.",mdkeylock@gmail.com: mdkeylock@gmail.com,mdkeylock@gmail.com,
,Nirali,patel,Chief Data Officer,AXA PPP Healthcare,Work: nirali.patel@axa-ppp.co.uk,nirali.patel@axa-ppp.co.uk,
,PJ,Bezuidenhout,Chief Data Officer,WesBank,Work: pbezuidenhout@wesbank.co.za,pbezuidenhout@wesbank.co.za,
,Russell,Marsh,Managing Director,Accenture,Work: russell.marsh@accenture.com,russell.marsh@accenture.com,
,Stephan,Den Hengst,Chief Data Officer,Nederlandse Politie,Work: stephan.den.hengst@politie.nl,stephan.den.hengst@politie.nl,
