FIRST NAME,LAST NAME,JOB ROLE,ORGANIZATION,EMAIL,EMAIL (PLAIN),PHONE,LAST ACTIVITY
Alan,Peacock,Group Chief Information Officer (Interim),Lloyds Banking Group,alanppeacock@hotmail.com: alanppeacock@hotmail.com,alanppeacock@hotmail.com,,"Hi Anthony,


Thank you again for having us on Monday. It was great to go through your
current initiatives and to present Fintricity and our services.


Please find attached our corporate deck.


You mentioned that you are currently exploring opportunities around blockchain
reference data support. It would be great to book a follow up meeting to
deep dive into this topic and to define a solution stack and an agile pilot
project plan.


Please let us know your thoughts and if you require any more information.


Thank you.


Best regards,
-- 

*Kim Than*

*Head of Business Development*
Mobile: +44 7505 494647

Email: kim.than@fintricity.com
1 Fore Street, London. EC2Y 5EJ
www.fintricity.com
<https://urldefense.proofpoint.com/v2/url?u=http-3A__www.fintricity.com&d=CwMFaQ&c=IV_clAzoPDE253xZdHuilRgztyh_RiV3wUrLrDQYWSI&r=nf5R5Ss0ZSt72XeDj8FpTFXvpRQsujq2Bz1W0wnSdDE&m=UP9SBHmuA9b2CcbeARapily3Qcb9GxBF_UWjCjT5CZk&s=RT81z6kAC2C0t6WhfBdZvGhX-up8hGlpR5ad68Xtn1g&e=>
 | LinkedIn
<https://urldefense.proofpoint.com/v2/url?u=https-3A__www.linkedin.com_company_fintricity&d=CwMFaQ&c=IV_clAzoPDE253xZdHuilRgztyh_RiV3wUrLrDQYWSI&r=nf5R5Ss0ZSt72XeDj8FpTFXvpRQsujq2Bz1W0wnSdDE&m=UP9SBHmuA9b2CcbeARapily3Qcb9GxBF_UWjCjT5CZk&s=wJLN8WCh5pR5u6n04sNetNadsg4NwVGNvm51uPqf4og&e=>
 | Twitter
<https://urldefense.proofpoint.com/v2/url?u=https-3A__twitter.com_fintricity&d=CwMFaQ&c=IV_clAzoPDE253xZdHuilRgztyh_RiV3wUrLrDQYWSI&r=nf5R5Ss0ZSt72XeDj8FpTFXvpRQsujq2Bz1W0wnSdDE&m=UP9SBHmuA9b2CcbeARapily3Qcb9GxBF_UWjCjT5CZk&s=DuCfitNNpslizkyhX6ZTWkk59KztajVuGpL5vCS_h4A&e=>
 | Facebook
<https://urldefense.proofpoint.com/v2/url?u=https-3A__www.facebook.com_Fintricity-2D115278291836826_&d=CwMFaQ&c=IV_clAzoPDE253xZdHuilRgztyh_RiV3wUrLrDQYWSI&r=nf5R5Ss0ZSt72XeDj8FpTFXvpRQsujq2Bz1W0wnSdDE&m=UP9SBHmuA9b2CcbeARapily3Qcb9GxBF_UWjCjT5CZk&s=_BFloadWoDqP-2FHqYSlQWwdQgKhuiddAiX4VPcjQ4w&e=>

*Innovative Thinking - Agile Delivery*
"
Alessandro,Baroni,CIO,Equens,,,,Alessandro Baroni was imported
Anthony (Tony),Vaden,VP and Chief Information Officer (CIO),ABC Supply,vadenal@gmail.com: vadenal@gmail.com,vadenal@gmail.com,,Taya Vernon sent isCDO Dec 2017 - Final Reminder (Others) to Anthony (Tony) Vaden
António,Dias,CIO,Santander Totta,Work: antonio.dias@santanderconsumer.pt,antonio.dias@santanderconsumer.pt,Work: 351 937937182,Taya Vernon sent isCDO Dec 2017 - Final Reminder (Others) to António Dias
Arvindra,Sehmi,Chief Information Officer,Oxford Economics,vin@cloudopti.com: vin@cloudopti.com,vin@cloudopti.com,,Arvindra Sehmi opened isCDO Dec 2017 - Final Reminder (Others) Campaign
Bill,Kohler,Chief Information Officer Americas,DENTSU AEGIS NETWORK LTD.,williampaulkohler@yahoo.com: williampaulkohler@yahoo.com,williampaulkohler@yahoo.com,,Mike Young opened isCDO Dec 2017 - Final Reminder (Others) Campaign
Bob,Bailey,"Chief Information Architect, Corporate Technology",Thomson Reuters,bob.bailey@reuters.com: bob.bailey@reuters.com,bob.bailey@reuters.com,,Mike Powell opened June Newsletter Campaign
Carolyn,Brown,CIO,Durham University,CarolynTBrown@gmail.com: CarolynTBrown@gmail.com,CarolynTBrown@gmail.com,,Taya Vernon sent isCDO Dec 2017 - Final Reminder (Others) to Carolyn Brown
Chris,Brown,Chief Information Officer,Chubb Insurance Company of Europe,,,,<p>Email bounced:&nbsp;cbrown@chubb.com</p>
Dan,Crisp,"Managing Director - Chief Information Risk Officer and Head of Technology Compliance, EMEA",BNY Mellon,,,+44 7766990582: +44 7766990582,Armen Kasmadjian opened Webinar Invite #3 - Behaving Digitally Campaign
Gavin,Megnauth,Group Chief Information Officer,Impellam Group Plc,gmegnauth@yahoo.co.uk: gmegnauth@yahoo.co.uk,gmegnauth@yahoo.co.uk,,Gavin Megnauth opened isCDO Dec 2017 - Final Reminder (Others) Campaign
Graham,Benson,CIO,rentalcars.com,,,,Graham Benson was imported
Ian,Perrin,Head of Information Systems,Samaritans,ianperrin@gmail.com: ianperrin@gmail.com,ianperrin@gmail.com,,Taya Vernon sent isCDO Dec 2017 - Final Reminder (Others) to Ian Perrin
James,Robbins,Chief Information Office (CIO),Drax Group plc,,,,Taya Vernon created Drax Group plc
John,Finch,Chief Information Officer & Executive Director,Bank of England,john.x.finch@gmail.com: john.x.finch@gmail.com,john.x.finch@gmail.com,,John Finch opened isCDO Dec 2017 - Invite Reminder (Others) Campaign
Jon,Garwood,Head of Information Management,Northgate plc,,,,Jon Garwood was imported
Julian,Elve MBCS,Head of Information Services,SSAT (The Schools Network) Ltd.,julian.elve@gmail.com: julian.elve@gmail.com,julian.elve@gmail.com,,Taya Vernon sent isCDO Dec 2017 - Final Reminder (Others) to Julian Elve MBCS
Lynn,Watts,Senior Manager - Strategic Information Project,Lloyds Banking Group,lynnswatts@hotmail.co.uk: lynnswatts@hotmail.co.uk,lynnswatts@hotmail.co.uk,,"Hi Anthony,


Thank you again for having us on Monday. It was great to go through your
current initiatives and to present Fintricity and our services.


Please find attached our corporate deck.


You mentioned that you are currently exploring opportunities around blockchain
reference data support. It would be great to book a follow up meeting to
deep dive into this topic and to define a solution stack and an agile pilot
project plan.


Please let us know your thoughts and if you require any more information.


Thank you.


Best regards,
-- 

*Kim Than*

*Head of Business Development*
Mobile: +44 7505 494647

Email: kim.than@fintricity.com
1 Fore Street, London. EC2Y 5EJ
www.fintricity.com
<https://urldefense.proofpoint.com/v2/url?u=http-3A__www.fintricity.com&d=CwMFaQ&c=IV_clAzoPDE253xZdHuilRgztyh_RiV3wUrLrDQYWSI&r=nf5R5Ss0ZSt72XeDj8FpTFXvpRQsujq2Bz1W0wnSdDE&m=UP9SBHmuA9b2CcbeARapily3Qcb9GxBF_UWjCjT5CZk&s=RT81z6kAC2C0t6WhfBdZvGhX-up8hGlpR5ad68Xtn1g&e=>
 | LinkedIn
<https://urldefense.proofpoint.com/v2/url?u=https-3A__www.linkedin.com_company_fintricity&d=CwMFaQ&c=IV_clAzoPDE253xZdHuilRgztyh_RiV3wUrLrDQYWSI&r=nf5R5Ss0ZSt72XeDj8FpTFXvpRQsujq2Bz1W0wnSdDE&m=UP9SBHmuA9b2CcbeARapily3Qcb9GxBF_UWjCjT5CZk&s=wJLN8WCh5pR5u6n04sNetNadsg4NwVGNvm51uPqf4og&e=>
 | Twitter
<https://urldefense.proofpoint.com/v2/url?u=https-3A__twitter.com_fintricity&d=CwMFaQ&c=IV_clAzoPDE253xZdHuilRgztyh_RiV3wUrLrDQYWSI&r=nf5R5Ss0ZSt72XeDj8FpTFXvpRQsujq2Bz1W0wnSdDE&m=UP9SBHmuA9b2CcbeARapily3Qcb9GxBF_UWjCjT5CZk&s=DuCfitNNpslizkyhX6ZTWkk59KztajVuGpL5vCS_h4A&e=>
 | Facebook
<https://urldefense.proofpoint.com/v2/url?u=https-3A__www.facebook.com_Fintricity-2D115278291836826_&d=CwMFaQ&c=IV_clAzoPDE253xZdHuilRgztyh_RiV3wUrLrDQYWSI&r=nf5R5Ss0ZSt72XeDj8FpTFXvpRQsujq2Bz1W0wnSdDE&m=UP9SBHmuA9b2CcbeARapily3Qcb9GxBF_UWjCjT5CZk&s=_BFloadWoDqP-2FHqYSlQWwdQgKhuiddAiX4VPcjQ4w&e=>

*Innovative Thinking - Agile Delivery*
"
Mark,Gibbons,EMEA Chief Information Officer (CIO),BNY Mellon,,,,Armen Kasmadjian opened Webinar Invite #3 - Behaving Digitally Campaign
Mark,Timbs,"Chief Information Officer, Europe",Lend Lease,mark.timbs@lendlease.com: mark.timbs@lendlease.com,mark.timbs@lendlease.com,,Taya Vernon sent isCDO Dec 2017 - Final Reminder (Others) to Mark Timbs
Matt,Peers,CIO,Linklaters,"matt.peers100@gmail.com: matt.peers100@gmail.com
matt.peers100@gmail.com: matt.peers100@gmail.com","matt.peers100@gmail.com, matt.peers100@gmail.com",,Taya Vernon sent isCDO Dec 2017 - Final Reminder (Others) to Matt Peers
Michael,Ibbitson,CIO,Gatwick Airport,m.ibbitson@gmail.com: m.ibbitson@gmail.com,m.ibbitson@gmail.com,,Taya Vernon sent isCDO Dec 2017 - Final Reminder (Others) to Michael Ibbitson
Michael,Wallis,Chief Information Officer,BG Group,Work: mike.wallis@bg-group.com,mike.wallis@bg-group.com,"Work: +44 (0) 118 929 2487
None: +44 (0) 118 935 3222
None: +44 (0) 774 063 9903",Taya Vernon sent isCDO Dec 2017 - Final Reminder (Others) to Michael Wallis
Mike,Young,Group Chief Information Officer,DENTSU AEGIS NETWORK LTD.,mike_thomas_young@yahoo.co.uk: mike_thomas_young@yahoo.co.uk,mike_thomas_young@yahoo.co.uk,,Mike Young opened isCDO Dec 2017 - Final Reminder (Others) Campaign
Morteza,Mahjour,CIO,Lloyds Banking Group,,,,"Hi Anthony,


Thank you again for having us on Monday. It was great to go through your
current initiatives and to present Fintricity and our services.


Please find attached our corporate deck.


You mentioned that you are currently exploring opportunities around blockchain
reference data support. It would be great to book a follow up meeting to
deep dive into this topic and to define a solution stack and an agile pilot
project plan.


Please let us know your thoughts and if you require any more information.


Thank you.


Best regards,
-- 

*Kim Than*

*Head of Business Development*
Mobile: +44 7505 494647

Email: kim.than@fintricity.com
1 Fore Street, London. EC2Y 5EJ
www.fintricity.com
<https://urldefense.proofpoint.com/v2/url?u=http-3A__www.fintricity.com&d=CwMFaQ&c=IV_clAzoPDE253xZdHuilRgztyh_RiV3wUrLrDQYWSI&r=nf5R5Ss0ZSt72XeDj8FpTFXvpRQsujq2Bz1W0wnSdDE&m=UP9SBHmuA9b2CcbeARapily3Qcb9GxBF_UWjCjT5CZk&s=RT81z6kAC2C0t6WhfBdZvGhX-up8hGlpR5ad68Xtn1g&e=>
 | LinkedIn
<https://urldefense.proofpoint.com/v2/url?u=https-3A__www.linkedin.com_company_fintricity&d=CwMFaQ&c=IV_clAzoPDE253xZdHuilRgztyh_RiV3wUrLrDQYWSI&r=nf5R5Ss0ZSt72XeDj8FpTFXvpRQsujq2Bz1W0wnSdDE&m=UP9SBHmuA9b2CcbeARapily3Qcb9GxBF_UWjCjT5CZk&s=wJLN8WCh5pR5u6n04sNetNadsg4NwVGNvm51uPqf4og&e=>
 | Twitter
<https://urldefense.proofpoint.com/v2/url?u=https-3A__twitter.com_fintricity&d=CwMFaQ&c=IV_clAzoPDE253xZdHuilRgztyh_RiV3wUrLrDQYWSI&r=nf5R5Ss0ZSt72XeDj8FpTFXvpRQsujq2Bz1W0wnSdDE&m=UP9SBHmuA9b2CcbeARapily3Qcb9GxBF_UWjCjT5CZk&s=DuCfitNNpslizkyhX6ZTWkk59KztajVuGpL5vCS_h4A&e=>
 | Facebook
<https://urldefense.proofpoint.com/v2/url?u=https-3A__www.facebook.com_Fintricity-2D115278291836826_&d=CwMFaQ&c=IV_clAzoPDE253xZdHuilRgztyh_RiV3wUrLrDQYWSI&r=nf5R5Ss0ZSt72XeDj8FpTFXvpRQsujq2Bz1W0wnSdDE&m=UP9SBHmuA9b2CcbeARapily3Qcb9GxBF_UWjCjT5CZk&s=_BFloadWoDqP-2FHqYSlQWwdQgKhuiddAiX4VPcjQ4w&e=>

*Innovative Thinking - Agile Delivery*
"
Musaifer,Alosaimi,Chief Information Officer,HSBC Bank PLC,,,,"Hi K (hope it's ok to call you that!),

Hope you've recovered from the conference on Saturday! It was good to participate with you on the panel - lots of fun!

I thought I would follow up on a few things:


  *   Procurement - I've reached out to the budget holder and stakeholders around procurement. At present we're going to try and go through a company that a friend of mine owns - Asymilate Limited. His company has an existing MSA with HSBC. Would you be able to check to see if it's active? I've asked Chris Orson and David Cooper as well.

  *   R3/Corda. As discussed we're seeing an opportunity around the provision of running corda-as-a-service enterprise edition for clients like HSBC. Together with enabling integration into the bank and the process by which this could happen. As discussed, for Voltron and Marco Polo this will require a lot of work to complete. Would it be possible to discuss how we could do this for HSBC with the relevant team?

  *   Innovation and Deliver support. Are there any areas that we could provide support around data/analytics (like the project we're starting) or Blockchain innovation?

Perhaps we could catch up some time on the above?

Kind Regards

Alpesh
Alpesh Doshi
o: +44 870 020 1656
m: +44 7973 822820
1 Fore Street, London. EC2Y 5EJ
www.fintricity.com<https://urldefense.proofpoint.com/v2/url?u=http-3A__www.fintricity.com&d=CwMFaQ&c=IV_clAzoPDE253xZdHuilRgztyh_RiV3wUrLrDQYWSI&r=nf5R5Ss0ZSt72XeDj8FpTFXvpRQsujq2Bz1W0wnSdDE&m=UP9SBHmuA9b2CcbeARapily3Qcb9GxBF_UWjCjT5CZk&s=RT81z6kAC2C0t6WhfBdZvGhX-up8hGlpR5ad68Xtn1g&e=> | LinkedIn<https://urldefense.proofpoint.com/v2/url?u=https-3A__www.linkedin.com_company_fintricity&d=CwMFaQ&c=IV_clAzoPDE253xZdHuilRgztyh_RiV3wUrLrDQYWSI&r=nf5R5Ss0ZSt72XeDj8FpTFXvpRQsujq2Bz1W0wnSdDE&m=UP9SBHmuA9b2CcbeARapily3Qcb9GxBF_UWjCjT5CZk&s=wJLN8WCh5pR5u6n04sNetNadsg4NwVGNvm51uPqf4og&e=> | Twitter<https://urldefense.proofpoint.com/v2/url?u=https-3A__twitter.com_fintricity&d=CwMFaQ&c=IV_clAzoPDE253xZdHuilRgztyh_RiV3wUrLrDQYWSI&r=nf5R5Ss0ZSt72XeDj8FpTFXvpRQsujq2Bz1W0wnSdDE&m=UP9SBHmuA9b2CcbeARapily3Qcb9GxBF_UWjCjT5CZk&s=DuCfitNNpslizkyhX6ZTWkk59KztajVuGpL5vCS_h4A&e=> | Facebook<https://urldefense.proofpoint.com/v2/url?u=https-3A__www.facebook.com_Fintricity-2D115278291836826_&d=CwMFaQ&c=IV_clAzoPDE253xZdHuilRgztyh_RiV3wUrLrDQYWSI&r=nf5R5Ss0ZSt72XeDj8FpTFXvpRQsujq2Bz1W0wnSdDE&m=UP9SBHmuA9b2CcbeARapily3Qcb9GxBF_UWjCjT5CZk&s=_BFloadWoDqP-2FHqYSlQWwdQgKhuiddAiX4VPcjQ4w&e=>
Innovative Thinking - Agile Delivery
[A close up of a logo  Description automatically generated]

"
Paul,Cooper,CIO,Burton biscuits,,,,Paul Cooper was imported
Paul,Excell,CIO,Teamtomarket,,,7860615395: 7860615395,<p>Email bounced:&nbsp;paul.excell@teamtomarket.biz</p>
Paulo,Figueiredo,CIO,Banco BIG,Work: paulo.figueiredo@big.pt,paulo.figueiredo@big.pt,Work: 919370545 (Direct Paulo F.); 213305300,Taya Vernon sent isCDO Dec 2017 - Final Reminder (Others) to Paulo Figueiredo
Peter,Edwards,CIO,Domestic & General,Work: peedwards@gmail.com,peedwards@gmail.com,,Taya Vernon sent isCDO Dec 2017 - Final Reminder (Others) to Peter Edwards
Phil,Jones,CIO,Prudential Plc,,,,Al-Noor Ramji opened January 2017 Newsletter Campaign
Rahul,Jaitly,SVP & Chief Information Officer,Kuoni Global Travel Services,rahuljaitly@hotmail.com: rahuljaitly@hotmail.com,rahuljaitly@hotmail.com,,Taya Vernon sent isCDO Dec 2017 - Final Reminder (Others) to Rahul Jaitly
Rick,Avis,Head of Information and Integration Architecture,UBS Limited,rick.avis@ubs.com: rick.avis@ubs.com,rick.avis@ubs.com,,Taya Vernon sent isCDO Dec 2017 - Final Reminder (Others) to Rick Avis
Robert,Leindl,CIO,Infineon Technologies,Work: robert.leindl@infineon.com,robert.leindl@infineon.com,"Work: +49 08923-483-225
None: +49 (0) 16097-268-440",Eva Divetain moved Infineon Technologies - Intelligence Offering from Lost to ARCHIVE 2: Prospect
Rob,Harding,Chief Information Officer (CIO),Capital One,robert.harding@capitalone.com: robert.harding@capitalone.com,robert.harding@capitalone.com,,Taya Vernon sent isCDO Dec 2017 - Final Reminder (Others) to Rob Harding
Tom,Grahek,Chief Information Officer,Bremer Bank,tgrahek@comcast.net: tgrahek@comcast.net,tgrahek@comcast.net,,Tom Grahek opened isCDO Dec 2017 - Final Reminder (Others) Campaign
Uwe,Kolk,CIO,Jungheinrich,Work: uwe.kolk@jungheinrich.de,uwe.kolk@jungheinrich.de,"Work: +49 (40) 526-934-40
None: +49 15140-762-168",Eva Divetain moved Jungheinrich - Intelligence Offering from Lost to ARCHIVE 2: Prospect
Warwick,Bailey,VP - Head of Information Delivery,Carlson Wagonlit Travel,wtjbailey@yahoo.co.uk: wtjbailey@yahoo.co.uk,wtjbailey@yahoo.co.uk,,Alpesh Doshi completed task - Jon - follow up on whether we can do the project.
