PHOTO URL,FIRST NAME,LAST NAME,JOB ROLE,ORGANIZATION,EMAIL,EMAIL (PLAIN),PHONE
,Bob,Crozier,Head of Blockchain Centre of Excellence,Allianz Group,"b-crozier@sky.com: b-crozier@sky.com
Work: robert.crozier@allianz.com","b-crozier@sky.com, robert.crozier@allianz.com",
https://media-exp2.licdn.com/media/p/2/005/04f/11e/2983bf7.jpg,Carlos,Kuchkovsky,CTO New Digital Business @ BBVA | Board Member Hyperledger,BBVA,"Personal: carlosckj@gmail.com
Work: carlos.kuchkovsky@bbva.com","carlosckj@gmail.com, carlos.kuchkovsky@bbva.com",
https://media.licdn.com/mpr/mpr/shrinknp_400_400/AAEAAQAAAAAAAAjHAAAAJGQwMGZhNGY1LWJlZGYtNGQ3Ny04MDU3LTdiZDNhYTZhZTE0ZA.jpg,Chris,Huls,Blockchain Specialist,COOPERATIEVE RABOBANK U.A.,"Work: chris_huls@hotmail.com
Work: Chris.Huls@rabobank.nl","chris_huls@hotmail.com, Chris.Huls@rabobank.nl",
,Colin,Platt,Global Markets Innovation - Blockchain Lead,BNP Paribas,work: colin.platt@uk.bnpparibas.com,colin.platt@uk.bnpparibas.com,
,Fatma,Baker,Head of In-House & Distributed Applications,QNB Group,Work: fatma.albaker@qnb.com,fatma.albaker@qnb.com,
https://media.licdn.com/dms/image/C4D03AQHH3dyxp-kvEA/profile-displayphoto-shrink_800_800/0?e=1545868800&v=beta&t=dyTGhaEY1LBXvoj9DQJwtbqNfFxvVNUO9caGn1_ot0k,Francois,POUPARD,Business Development chez Ethfinex /Blockchain / Strategy / ERC20 Token / Crypto / ICO / STO,Ethfinex,"Personal: fxpoupard@gmail.com
Work: francois.poupard@ethfinex.com","fxpoupard@gmail.com, francois.poupard@ethfinex.com",
,Jags,Rao,Blockchain Workstream Lead,Swiss Reinsurance Company Ltd.,"None: jags@europe.com
Work: jagadeesha.rao@gmail.com","jags@europe.com, jagadeesha.rao@gmail.com",
,Joe,Awni,"Computer Programmer, Blockchain Engineer",CBD,None: joe.awni@gmail.com,joe.awni@gmail.com,None: +1 410 428 3634
https://media.licdn.com/dms/image/C5603AQHTULPSpU_oWw/profile-displayphoto-shrink_800_800/0?e=1552521600&v=beta&t=AVDmbaZ5D1z_kxUHhg-oc3TBi5qFYctTCyYqHXcpE_s,Mike,DiPetrillo,Senior Director - Blockchain,VMware,"Personal: mikedatl@mac.com
Work: miked@vmware.com","mikedatl@mac.com, miked@vmware.com",
,Nikola,Tchouparov,Head of Blockchain Strategy,Tramonex,Work: nikola.tchouparov@tramonex.com,nikola.tchouparov@tramonex.com,
,Nkiruka,Uwaje@,Blockchain Evangilist,Dell EMC,Work: nkiruka.uwaje@dell.com,nkiruka.uwaje@dell.com,
https://media.licdn.com/mpr/mpr/shrinknp_400_400/p/3/000/013/2dc/0d170ef.jpg,Philippe,DENIS,Head of Blockchain and DLT CIB Lab and Chief Digital Officer,BNP Paribas Securities Services,,,
,Pruthvi,Nannapaneni,Blockchain R,Nike,None: pruthvi.nannapaneni@gmail.com,pruthvi.nannapaneni@gmail.com,
,Riaz,Kanani,COO (Blockchain Stealth Startup),BlooIgloo,Work: riaz@connectedpaths.co.uk,riaz@connectedpaths.co.uk,
https://media.licdn.com/dms/image/C5603AQGAk54-nqJQcw/profile-displayphoto-shrink_800_800/0?e=1548288000&v=beta&t=aTY_k9kgYz1mVZCwoS6fHb-2pfRGzkDCEWxQXlFrERQ,Richard,Phipps,"Director, DLT solutions, Swiss Re.",Swiss Re,Work: richard_phipps@swissre.com,richard_phipps@swissre.com,Work: +44 20 7933 4684
,Shirline,Serrao,Blockchain developer,Self,None: shirlineserrao@gmail.com,shirlineserrao@gmail.com,
,Yacine,Terai,BLOCKCHAIN CORPORATE ADVISOR,Coinsilium,Work: yacineterai@coinsilium.com,yacineterai@coinsilium.com,
