FIRST NAME,LAST NAME,JOB ROLE,ORGANIZATION,EMAIL,EMAIL (PLAIN),PHONE
Akil,Chomoko,Senior Product Marketing Manager,CPA Global,akil@chomoko.com: akil@chomoko.com,akil@chomoko.com,
Alessia,Alberoni,"Strategic Marketing Director, Global Acetyls & Aromatics",BP Chemicals,Work: alessia.alberoni@uk.bp.com,alessia.alberoni@uk.bp.com,"Work: +44 203 4016189
Mobile: +44 7747 006953"
Ali,Moinuddin,Chief Marketing Officer,Workshare,,,
Alison,Maguire,Proposition Marketing Manager - Best Buy Launch,Car Phone Warehouse,Work: alison.maguire@bestbuy.co.uk,alison.maguire@bestbuy.co.uk,
Andre,Casterman,Chief Marketing Officer,Intix,,,
Andrew,Allen,Co-Owner & Chief Mischief Maker/ CMO,The Giggling Pig Company,andy@binary-finery.co.uk: andy@binary-finery.co.uk,andy@binary-finery.co.uk,
Andrew,Cocker,Senior Marketing Director,"Expedia, Inc.",andrew.cocker@gmail.com: andrew.cocker@gmail.com,andrew.cocker@gmail.com,
Andy,Bailey,"CMO, Corporate Solutions",EF Education First,andybailey.london@gmail.com: andybailey.london@gmail.com,andybailey.london@gmail.com,
Andy,Sheppard,National Sales and Marketing Manager,Triangle Information Management Limited,andrew_sheppard@triangleinformationmanagement.com: andrew_sheppard@triangleinformationmanagement.com,andrew_sheppard@triangleinformationmanagement.com,
Angela,Murphy,"Marketing Manager, Collaboration Solutions",Cisco Systems,alegna32001@yahoo.co.uk: alegna32001@yahoo.co.uk,alegna32001@yahoo.co.uk,
Annemieke,Groeneveld,"Channel Marketing Manager, Maternity Contract",Plantronics,: annemieke.groeneveld@plantronics.com,annemieke.groeneveld@plantronics.com,
Brandi,McManus,"VP Marketing, Business Programs",Academic Partnerships,brandimcmanus@hotmail.com: brandimcmanus@hotmail.com,brandimcmanus@hotmail.com,
Caroline,Fuellberg,Group Marketing,CloserStill Media,Work: caroline.fuellberg@closerstillmedia.com,caroline.fuellberg@closerstillmedia.com,
Carrie,Lee,"Channel Marketing Manager, APAC",Vend,carilee816@gmail.com: carilee816@gmail.com,carilee816@gmail.com,
Claire,Baker,Events Marketing Manager,Qlik,msclairelbaker@gmail.com: msclairelbaker@gmail.com,msclairelbaker@gmail.com,
Costas,Kapetanopoulos,Marketing & Communications Director (CMO),Cosmote Romania,Work: costas.kapetanopoulos@cosmote.ro,costas.kapetanopoulos@cosmote.ro,
Damian,Gibbs,Digital Marketing Manager,Maven Cast Ltd,damian.gibbs@maven-cast.com: damian.gibbs@maven-cast.com,damian.gibbs@maven-cast.com,
Dan,Brooke,Chief Marketing & Communications Officer,Channel 4,Work: dbrooke@channel4.co.uk,dbrooke@channel4.co.uk,
Danielle,Ward,Programs & Events Marketing Manager,Thomson Reuters,ward.danielle@googlemail.com: ward.danielle@googlemail.com,ward.danielle@googlemail.com,
David,Rhee,Global Marketing Analytics,adidas group,"wdaveonline@gmail.com: wdaveonline@gmail.com
None: david.rhee@adidas.com","wdaveonline@gmail.com, david.rhee@adidas.com",
Diamantis,Economou,Global Marketing Director,DeLonghi Group,"Work: diamse@yahoo.com
None: diamse@yahoo.com","diamse@yahoo.com, diamse@yahoo.com",
Diego,Bivero-Volpe,Chief Marketing Officer,Cake Technologies,diego@ruskis.com: diego@ruskis.com,diego@ruskis.com,
Elaine,Knowles,Marketing Manager,Telefonica O2 Ireland,Work: elaine.knowles@o2.com,elaine.knowles@o2.com,
Elisabeth,Rettl,CMO,Orange Austria,Work: elisabeth.rettl@orange.co.at,elisabeth.rettl@orange.co.at,
Elliott,Harley,Marketing Manager,SDL plc,eharley@sdl.com: eharley@sdl.com,eharley@sdl.com,
Elsa,Fisher,Online marketing manager,Sales and Marketing,None: elsa.edata@outlook.com,elsa.edata@outlook.com,None: 000-000-0000
Emma,Kenelm,Chief Marketing Officer at ghd,GHD,Work: e.kenelm@ghdhair.com,e.kenelm@ghdhair.com,
Erik,Hardick,Director Marketing,Hyundi Motor Compan,Work: ehardic@hyundai.com,ehardic@hyundai.com,
Flora,Paterson,Comms and marketing manager,Monetas,Work: flora.paterson@monetas.net,flora.paterson@monetas.net,
Frank,Durden,CMO,Binatone,,,
Frederic,Ruciak,CMO,Bouygues Telecom,Work: fruciak@bouyguestelecom.fr,fruciak@bouyguestelecom.fr,
Gaetano,Thorel,VP Marketing,Ford of Europe,Work: gthorel@ford.com,gthorel@ford.com,
Guillaume,Van Gaver,"LEFT - VP Marketing, EE",Everything Everywhere,Work: guillaume.vangaver@everythingeverywhere.com,guillaume.vangaver@everythingeverywhere.com,
Inga,Baldi,Marketing Manager International Business,Landesbank Baden-Württemberg (LBBW),Work: Inga.Baldi@LBBW.de,Inga.Baldi@LBBW.de,
James,Jones,Senior Marketing Manager,AppNexus,jamiepjones5@gmail.com: jamiepjones5@gmail.com,jamiepjones5@gmail.com,
Jesus,Cubero,Director Marketing & Communications EMEA,Burger King,,,
Jonny,Young,Digital Marketing Manager,Startups.co.uk,jonathany@crimsonbusiness.co.uk: jonathany@crimsonbusiness.co.uk,jonathany@crimsonbusiness.co.uk,
Jose,Aguilera,Senior Marketing and Communications Manager,The Wellcome Trust,jose.aguilera0@yahoo.com: jose.aguilera0@yahoo.com,jose.aguilera0@yahoo.com,
Jussi,Wacklin,Senior Marketing Director,EMC,jussi@wacklin.com: jussi@wacklin.com,jussi@wacklin.com,
Kam,Dhillon,Senior Marketing Manager,Fujitsu UK and Ireland,kamdhillon@live.co.uk: kamdhillon@live.co.uk,kamdhillon@live.co.uk,
Karl,Torvmark,Strategic Marketing,Texas Instruments,karlto@torvmark.no: karlto@torvmark.no,karlto@torvmark.no,
Katre,Kaarenperk,CMO,Cash on Go,Work: katre.kaarenperk-vanatoa@cashongo.co.uk,katre.kaarenperk-vanatoa@cashongo.co.uk,
Kizzie,Bowman,"Marketing Manager, Banking & Payment Services",Gemalto,kizzie.bowman@gemalto.com: kizzie.bowman@gemalto.com,kizzie.bowman@gemalto.com,
Lisa,Wood,Chief Marketing Officer at Atom Bank,Atom Bank,Work: lisa.wood@atombank.co.uk,lisa.wood@atombank.co.uk,Work: +44 333 399 0050
Loic,Bertin,VP Marketing,DATA4 GROUP,None: loic.bertin@data4group.com,loic.bertin@data4group.com,
Louise,Clark,"Senior Marketing Manager, Industry & Enterprise",Salesforce,louiseclark@hotmail.co.uk: louiseclark@hotmail.co.uk,louiseclark@hotmail.co.uk,
Luis,Avelar,CMO,TMN,Work: luis-avelar@telecom.pt,luis-avelar@telecom.pt,
Marie-Jose,Vandenboomgaard,Marketing Manager Hi Acquisitie,KPN Netherlands,Work: marie-jose.vandenboomgaard@hi.nl,marie-jose.vandenboomgaard@hi.nl,
Martin,McAleese,Sales & Marketing Manager,West Digital Post Production,martinmcaleese@gmail.com: martinmcaleese@gmail.com,martinmcaleese@gmail.com,
Martin,Schuhte,Search Marketing Manager EMEA,Adobe,martinschuhte@yahoo.de: martinschuhte@yahoo.de,martinschuhte@yahoo.de,
Mason,"Karrer CISSP, CISA",Principal Product Marketing Manager,"RSA, The Security Division of EMC",masonkarrer@gmail.com: masonkarrer@gmail.com,masonkarrer@gmail.com,
Michael,Fitzpatrick,Chief Marketing Officer,CADCOMMS,mp_fitzpatrick@yahoo.co.uk: mp_fitzpatrick@yahoo.co.uk,mp_fitzpatrick@yahoo.co.uk,
Michael,Wrigley,Chief Marketing Officer,EngageSciences,michael@engagesciences.com: michael@engagesciences.com,michael@engagesciences.com,
Miko,Matsumura,CMO,Gradleware,mailbox@gmail.com: mailbox@gmail.com,mailbox@gmail.com,
Milly,Maxwell-Scott,Membership Marketing Manager,Dreamland Margate,millyblundell@gmail.com: millyblundell@gmail.com,millyblundell@gmail.com,
Nidhi,choudhary,Marketing manager,To The New,None: nidhi.choudhary@tothenew.com,nidhi.choudhary@tothenew.com,
Olivier,Thierry,CMO,Zimbra,othierry@me.com: othierry@me.com,othierry@me.com,
Paula,Ziehr,Marketing Manager,Software AG,Work: paulaziehr@web.de,paulaziehr@web.de,
Paz,Macdonald,Senior Director Marketing - EMEA & Asia Pacific,MongoDB,paz_macdonald@hotmail.com: paz_macdonald@hotmail.com,paz_macdonald@hotmail.com,
Peter,Thomson,CMO,,,,
Phil,Blades,Chief Marketing Officer (CMO),Amulet Hotkey,phil@imagechoice.com: phil@imagechoice.com,phil@imagechoice.com,
Phil,Cantor,"Chief Marketing Officer, iGTB, Global Transaction Banking",Intellect,Phil.Cantor@linus.plus.com: Phil.Cantor@linus.plus.com,Phil.Cantor@linus.plus.com,
Philipp,Wetzel,Group Marketing Director/Member of the Board,AMAG Automobil- und Motoren AG,Work: philipp.wetzel@amag.ch,philipp.wetzel@amag.ch,Work: +41 56 463 93 51
Prelini,Udayan-Chiechi,VP Marketing EMEA,Bazaarvoice,beani_p@hotmail.com: beani_p@hotmail.com,beani_p@hotmail.com,
Pritesh,Chauhan,Senior Marketing Manager - Personal Data,GSMA,,,
Rachel,Hay,Marketing Manager,National Australia Group,rachelhay1@hotmail.co.uk: rachelhay1@hotmail.co.uk,rachelhay1@hotmail.co.uk,
Ramesh,Bhandari,Product Management & Marketing Manager - Datacenter & Cloud Services,Etisalat,rameshbhandari@gmail.com: rameshbhandari@gmail.com,rameshbhandari@gmail.com,
Reema,doshi,PR & Marketing manager,Kingsway Tyres,None: reema@doshi.cc,reema@doshi.cc,
Reema,Doshi,Marketing Manager,Kingsway Tyres Ltd,reema@doshi.cc: reema@doshi.cc,reema@doshi.cc,
Rob,Alport,Digital Marketing Manager,Level 3 Communications,robert.alport@hotmail.co.uk: robert.alport@hotmail.co.uk,robert.alport@hotmail.co.uk,
Sadia,Kaiser,Direct Marketing Manager,Car Phone Warehouse,Work: sadia.kaiser@bestbuy.co.uk,sadia.kaiser@bestbuy.co.uk,
Sally,Macdonald,Marketing Manager,Chaucer Direct,jsc.macdonald@virgin.net: jsc.macdonald@virgin.net,jsc.macdonald@virgin.net,
Sally,Sheppard,Marketing Manager,The Football Association (FA),,,
Sam,Winnall,Director Marketing,DHL Customer Solutions and Innovation,None: samantha.winnall@dhl.com,samantha.winnall@dhl.com,
Sandrine,Jacquot,Marketing Manager EMEA - TeamMate,Wolters Kluwer,sandrine.jacquot@wolterskluwer.com: sandrine.jacquot@wolterskluwer.com,sandrine.jacquot@wolterskluwer.com,
Stefan,Engels,"Deutsche B_rse - Strategic Marketing, Media & Branding",Deutsche Boerse AG,Work: stefan.engels@eurexchange.com,stefan.engels@eurexchange.com,
Tatyana,Sychova,Marketing Manager,Clarion Training,tatyana.bakhmach@gmail.com: tatyana.bakhmach@gmail.com,tatyana.bakhmach@gmail.com,
Thierry,Pelissier,CMO,SFR,Work: thierry.pelissier@sfr.com,thierry.pelissier@sfr.com,
Tim,Rudlin,"Practice lead, marketing manager and product manager at Fusion Experience",FusionExperience Ltd,tim.rudlin@fusion-experience.com: tim.rudlin@fusion-experience.com,tim.rudlin@fusion-experience.com,
Trista,Clarke,CPW Group Marketing DIrector,The Car Phone Warehouse Group plc,Work: trista.clarke@bestbuy.co.uk,trista.clarke@bestbuy.co.uk,
Vitus,Ammann,Chief Marketing Officer,Monetas,Work: Vitus.Ammann@monetas.net,Vitus.Ammann@monetas.net,
Wim,Stoop,Senior Product Marketing Manager,Jive Software,wim.stoop@gmail.com: wim.stoop@gmail.com,wim.stoop@gmail.com,
Yana,Mazurova,CMO,MTS,Work: yamaz@mts.ru,yamaz@mts.ru,
Yvette,Dainton,Global Marketing Director,Saggezza,ydainton@hotmail.com: ydainton@hotmail.com,ydainton@hotmail.com,
Zoe,"Mandich, PhD, MBA",Global Marketing - Digital Distruption UC,Arkadin,Zoe@bahrami.co.uk: Zoe@bahrami.co.uk,Zoe@bahrami.co.uk,
