FIRST NAME,LAST NAME,JOB ROLE,ORGANIZATION,ORGANIZATION INDUSTRY,EMAIL,EMAIL (PLAIN),PHONE,OWNER,CONTACT TYPE
Chris,Timm,Head of Technology,volley-train.com,Consumer Services,chris@sports-train.com: chris@sports-train.com,chris@sports-train.com,,Tom Gordon,
Jon,Pollard,VP Technology Delivery,Pearson,Education,jon.pollard@pearson.com: jon.pollard@pearson.com,jon.pollard@pearson.com,,Tom Gordon,
Angus,Fox,CTO,Piota,Education,angusf@multizone.co.uk: angusf@multizone.co.uk,angusf@multizone.co.uk,,Tom Gordon,
Alan,Taylor,CTO,Axpo,Energy & Utilities,Work: Alan.Taylor@axpo.com,Alan.Taylor@axpo.com,Work: +41 44 749 48 10,Alpesh Doshi,
Adrian,Zarnescu,CTO,Syswin Solutions Ltd,Energy & Utilities,Work: Adrian.zarnescu@syswin.ro,Adrian.zarnescu@syswin.ro,,Tom Gordon,Partner
Tom,Maleczek,CTO,Charles Taylor InsureTech,Financial Services,work: tom.maleczek@ctplc.com,tom.maleczek@ctplc.com,,Tom Gordon,
Stuart,Warner,Head of Technology,Fidelity International,Financial Services,Work: stuart.warner@fil.com,stuart.warner@fil.com,"Work: 01737837820
None: 07946639741",Tom Gordon,
Stewart,Carmichael,CTO,Schroders,Financial Services,"Personal: carmichael.stewart@gmail.com
Work: stewart.carmichael@schroders.com","carmichael.stewart@gmail.com, stewart.carmichael@schroders.com",,Alpesh Doshi,Lead
Alexander,Ernst,Head of Architecture Measurement - Director,UBS Limited,Financial Services,Work: mail@alex-ernst.de,mail@alex-ernst.de,,Tom Gordon,
Sebastiano,Arena,Senior Technology Manager Transaction Banking,ANZ Banking Group Ltd,Financial Services,Work: sam.arena@anz.com,sam.arena@anz.com,,Tom Gordon,
Santhosh,Pillai,Chief Architect & Data Management,ABN Amro Group,Financial Services,,,,Tom Gordon,
Naim,Kazmi,"Head of Architecture, Methodology and Innovation",Lloyds Banking Group,Financial Services,,,,Alpesh Doshi,
Piethein,Strengholt,Chief Architect & Data Management (CADM) | Data Management,ABN Amro Group,Financial Services,Work: piethein.strengholt@nl.abnamro.com,piethein.strengholt@nl.abnamro.com,Mobile: +31 6 12 01 17 30 ,Alpesh Doshi,
Ian,Race,Head of Technology Design Personal and Business Banking,Royal Bank of Scotland,Financial Services,ian.race213@gmail.com: ian.race213@gmail.com,ian.race213@gmail.com,,Tom Gordon,
Rhys,Jones,"Head of Architecture, Prime, Collateral and Operations Technology",RBS Markets & International Banking,Financial Services,rhys.hopejones@gmail.com: rhys.hopejones@gmail.com,rhys.hopejones@gmail.com,,Tom Gordon,
John,Allen,"Chief Architect, Data Analytics and Big Data",Deutsche Bank AG,Financial Services,john.howard.allen@gmail.com: john.howard.allen@gmail.com,john.howard.allen@gmail.com,,Tom Gordon,
Dave,Fleming,"Director, Head of Technology & Design, Citi Innovation Lab",Citi,Financial Services,dave.j.fleming@gmail.com: dave.j.fleming@gmail.com,dave.j.fleming@gmail.com,,Tom Gordon,
Trevor,Hunt,CTO,MUFG Investor Services,Financial Services,"trevor@thehuntfamily.com: trevor@thehuntfamily.com
Work: trevor.hunt@columbiathreadneedle.com
Work: thunt@mfsadmin.com","trevor@thehuntfamily.com, trevor.hunt@columbiathreadneedle.com, thunt@mfsadmin.com","Work: +44 20 7464 5659
Mobile: +44 78905 53314",Alpesh Doshi,
Ben,Chapman,SVP Architecture and Development Engineering,Citi,Financial Services,ben.chapman@mac.com: ben.chapman@mac.com,ben.chapman@mac.com,,Tom Gordon,
Uday,Odedra,Head of Group Technology (IT) India,UBS Limited,Financial Services,uday.odedra@ubs.com: uday.odedra@ubs.com,uday.odedra@ubs.com,,Tom Gordon,
James,Rigg,"Senior Mgr, Software Contracts, Risk Process & Control, Group Technology",Standard Chartered Bank,Financial Services,james@jamesrigg.com: james@jamesrigg.com,james@jamesrigg.com,,Tom Gordon,
Phil,Knight,Chief Architect - Digital,Lloyds Banking Group,Financial Services,peknight@hotmail.com: peknight@hotmail.com,peknight@hotmail.com,,Tom Gordon,
Andy,Repton,"Executive Director, Global Technology",JP Morgan Chase,Financial Services,andyrepton@gmail.com: andyrepton@gmail.com,andyrepton@gmail.com,,Tom Gordon,
Jonathan,Morris,CTO,Credit Benchmark,Financial Services,jonathan@user.ly: jonathan@user.ly,jonathan@user.ly,,Tom Gordon,
Alem,Selimovic,CTO,Abu Dhabi Investment Authority (ADIA),Financial Services,alem.selimovic@gmail.com: alem.selimovic@gmail.com,alem.selimovic@gmail.com,,Tom Gordon,
Neil,Panchen,CTO,Altana Wealth,Financial Services,neil.panchen@altanawealth.com: neil.panchen@altanawealth.com,neil.panchen@altanawealth.com,+44 7768 003 772: +44 7768 003 772,Tom Gordon,
Andrew,Weir,CTO,SagePay,Financial Services,andrew_weir@hotmail.com: andrew_weir@hotmail.com,andrew_weir@hotmail.com,,Tom Gordon,
Dan,Crisp,"Managing Director - Chief Information Risk Officer and Head of Technology Compliance, EMEA",BNY Mellon,Financial Services,,,+44 7766990582: +44 7766990582,Tom Gordon,
Paul,Clarke,CTO,Ocado Technology,FMCG,Work: paul.clarke@ocado.com,paul.clarke@ocado.com,"Work: +44 1707 228023
Mobile: +44 7951 180240",Alpesh Doshi,
Ken,Woghiren,Head of Architecture & Strategy,CSC - Computer Sciences Corporation,FMCG,ken@woghiren.com: ken@woghiren.com,ken@woghiren.com,,Tom Gordon,
Darren,Armitage,Head of Technology Innovation EMEA,SABMiller plc,FMCG,"darrenarmitage@me.com: darrenarmitage@me.com
Work: Darren.armitage@ab-INBEV.com","darrenarmitage@me.com, Darren.armitage@ab-INBEV.com",,Tom Gordon,
Norbert,Deli,CTO,HD marketing,Marketing Agency,None: delinorbi@gmail.com,delinorbi@gmail.com,,Tom Gordon,
Gary,George,Head of Technical Services,HH Global,Marketing Agency,Work: Gary.George@hhglobal.com,Gary.George@hhglobal.com,,Tom Gordon,
Elnar,Hajiyev,CTO,Realeyes,Marketing Agency,ehajiyev@gmail.com: ehajiyev@gmail.com,ehajiyev@gmail.com,,Tom Gordon,
Gianluca,D'Aniello,Chief Technology Officer,Associated Press,Media,Email:gdaniello@ap.org: gdaniello@ap.org,gdaniello@ap.org,"Mobile:: +1 (917) 628-0155
Work: +1 (212) 621-7182",Alpesh Doshi,
John,Kundert,CTO,Financial Times,Media,,,,Alpesh Doshi,
David,Goldsmith,Chief Technical Architect - B2B,Sky,Media,david.goldsmith@skyiq.co.uk: david.goldsmith@skyiq.co.uk,david.goldsmith@skyiq.co.uk,,Tom Gordon,
Orpheus,Warr,Chief Technology Officer,Channel 4,Media,OWarr@Channel4.co.uk: OWarr@Channel4.co.uk,OWarr@Channel4.co.uk,+44 79 89 596277: +44 79 89 596277,Tom Gordon,
John,O'Donovan,CTO,Financial Times,Media,jod@badhangover.net: jod@badhangover.net,jod@badhangover.net,,Tom Gordon,
Sean,Ronan,CTO,AUDIO NETWORK LIMITED,Media,S.Ronan@audionetwork.com: S.Ronan@audionetwork.com,S.Ronan@audionetwork.com,"+44 20 7566 1441: +44 20 7566 1441
+44 7881 108209: +44 7881 108209",Tom Gordon,
James,Shepherd,Senior Architect,Thomson Reuters,Media,james.shepherd@thomsonreuters.com: james.shepherd@thomsonreuters.com,james.shepherd@thomsonreuters.com,,Tom Gordon,
Christine,Ashton,SVP Technology,Thomson Reuters,Media,,,,Tom Gordon,
Michael,Lau,"EMEA Regional Head of Technology Sales, Bloomberg Enterprise Content and Distribution",Bloomberg LP,Media,,,,Tom Gordon,
Tony,Barnes,Chief Technology Officer,Bluefly,Retail,linkedin.10.twbarnes@spamgourmet.com: linkedin.10.twbarnes@spamgourmet.com,linkedin.10.twbarnes@spamgourmet.com,,Tom Gordon,
Evan,Adelman,CTO,Shopcade,Retail,evanadelman@gmail.com: evanadelman@gmail.com,evanadelman@gmail.com,,Tom Gordon,
Jean-Philippe,Rigaud,CTO,mafringue.com,Retail,rigaud.jphilippe@free.fr: rigaud.jphilippe@free.fr,rigaud.jphilippe@free.fr,,Tom Gordon,
Ed,Blake,CTO,Starcount,Solution Provider,Work: ed.blake@starcount.com,ed.blake@starcount.com,,Tom Gordon,
Paul,Mellen,CTO,PVM Tech,Solution Provider,Work: paul.mellen@gmail.com,paul.mellen@gmail.com,,Tom Gordon,
Patrick,Allemann,CTO,Gatechain,Solution Provider,Work: patrick.allemann@gatechain.com,patrick.allemann@gatechain.com,,Tom Gordon,
Ran,Harpaz,CTO,Globality,Solution Provider,Work: ran.harpaz@013netvision.co.il,ran.harpaz@013netvision.co.il,,Tom Gordon,
Bhasker,Allene,Chief Architect,Intel Corporation,Solution Provider,allene.bhasker@gmail.com: allene.bhasker@gmail.com,allene.bhasker@gmail.com,,Tom Gordon,
Michael,Cutler,"Chief Technology Officer, Co-Founder",TUMRA,Solution Provider,mcotdp@gmail.com: mcotdp@gmail.com,mcotdp@gmail.com,,Tom Gordon,
Marc,Jones,Chief Technology Officer,"SoftLayer, an IBM Company",Solution Provider,maj@marcalanjones.com: maj@marcalanjones.com,maj@marcalanjones.com,,Tom Gordon,
Oliver,Sturrock,Chief Technology Officer,SCHAD GmbH,Solution Provider,osturrock@gmail.com: osturrock@gmail.com,osturrock@gmail.com,,Tom Gordon,
Chetan,Gadgil,"Senior Director, Chief Architect - IoT",Intel Corporation,Solution Provider,cgadgil@triumemba.org: cgadgil@triumemba.org,cgadgil@triumemba.org,,Tom Gordon,
Kalpak,Shah,CTO,MSys & Clogeny Technologies,Solution Provider,kalpak@clogeny.com: kalpak@clogeny.com,kalpak@clogeny.com,,Tom Gordon,
Stephen,Bryant,CTO,Telenor Connexion,Solution Provider,maximumsteve@gmail.com: maximumsteve@gmail.com,maximumsteve@gmail.com,,Tom Gordon,
Josh,Knight,Chief Technology Officer,Kinseed,Solution Provider,josh.e.knight@gmail.com: josh.e.knight@gmail.com,josh.e.knight@gmail.com,,Tom Gordon,
Thomas,Schindler,Strategic Architect Financial Services Industries EMEA,SAP,Solution Provider,thomas.schindler@sap.com: thomas.schindler@sap.com,thomas.schindler@sap.com,,Tom Gordon,
Guy,Tennant,CTO,Hansen Technologies,Solution Provider,guy.tennant@hsntech.com: guy.tennant@hsntech.com,guy.tennant@hsntech.com,,Tom Gordon,
Eoin,Woods,CTO,Endava,Solution Provider,eoin@copse.org.uk: eoin@copse.org.uk,eoin@copse.org.uk,,Tom Gordon,
James,Akrigg,Head of Technology for Partners,Microsoft,Solution Provider,jakrigg@microsoft.com: jakrigg@microsoft.com,jakrigg@microsoft.com,,Tom Gordon,Partner
Friso,Van Vollenhoven,CTO,GoDataDriven,Solution Provider,f.van.vollenhoven@gmail.com: f.van.vollenhoven@gmail.com,f.van.vollenhoven@gmail.com,,Tom Gordon,
Chris,Gabriel,CTO,Logicalis UK,Solution Provider,chris.gabriel@logicalis.com: chris.gabriel@logicalis.com,chris.gabriel@logicalis.com,,Tom Gordon,
Hercules,Fisherman,CTO,TagSmart,Technology,Work: info@herx.org,info@herx.org,,Tom Gordon,
Andreas,Ahlm,CTO,One PM AG,Technology,,,,Tom Gordon,
Dan,Hushon,Chief Technology Officer,DXC Technology,Technology,hushon@gmail.com: hushon@gmail.com,hushon@gmail.com,,Tom Gordon,
Steffen,Leistner,CTO,"Blissbooker, S.L.",Technology,sleistner@gmail.com: sleistner@gmail.com,sleistner@gmail.com,,Tom Gordon,
Sam,Sethi,Chief Technology Officer & Co-Founder,Bagzee,Technology,samsethi@me.com: samsethi@me.com,samsethi@me.com,,Tom Gordon,
Tom,Campbell,CTO,Breezie,Technology,tomc@3gmagic.com: tomc@3gmagic.com,tomc@3gmagic.com,,Tom Gordon,
Francois,Zimmermann,"Chief Technologist, Virtualized Infrastructure Solutions",Hitachi Data Systems,Technology,,,,Tom Gordon,
Roger,Willmott,CTO,OneHydra,Technology,,,,Tom Gordon,
Ron,Brown,"UK & I Chief Technologist, Enterprise Services.",HP Enterprise Services,Technology,ron.e.brown@mac.com: ron.e.brown@mac.com,ron.e.brown@mac.com,,Tom Gordon,
Alex,Sinclair,Chief Technology Officer,GSMA,Telecommunications,,,,Tom Gordon,
Thierry,Bedos,Chief Technology Officer,Hotels.com,Travel & Leisure,tbedos@gmail.com: tbedos@gmail.com,tbedos@gmail.com,,Tom Gordon,
Simon,Reed,Head of Technical Services Group,Transport for London,Travel & Leisure,simon.reed.home@btinternet.com: simon.reed.home@btinternet.com,simon.reed.home@btinternet.com,,Tom Gordon,
Omri,Erez,Chief Technology Adviser,coinIX,,Work: oe@coin-ix.com,oe@coin-ix.com,,Alpesh Doshi,
Paul,Oakley,CTO,Javelin Global Commodities,,Work: Paul.Oakley@javelincommodities.com,Paul.Oakley@javelincommodities.com,,Alpesh Doshi,
Lee,Pickrell,CTO,,,,,,Alpesh Doshi,Investor
Andrew,Bredon,CTO,,,,,,Alpesh Doshi,Investor
jonathan,Lo,CTO,giftviva,,None: jonathan.lo@giftviva.com,jonathan.lo@giftviva.com,,Tom Gordon,
Graeme,Sinclair,Global Architect | SE,EMC,,graeme.sinclair@emc.com: graeme.sinclair@emc.com,graeme.sinclair@emc.com,,Tom Gordon,
Jonathan,Hodges,"Chief Architect, Adaptive Learning and Analytics",Pearson North America,,hodgesz@gmail.com: hodgesz@gmail.com,hodgesz@gmail.com,,Tom Gordon,
Srinivas,Meda,Chief Architect,Trackmind Solutions,,vasumeda@gmail.com: vasumeda@gmail.com,vasumeda@gmail.com,,Tom Gordon,
Colin,Gibson,Global Architecture Director,Willis,,cranleighgibsons@aol.com: cranleighgibsons@aol.com,cranleighgibsons@aol.com,,Tom Gordon,
Raf,Ali,CTO,,,raf@msolidair.com: raf@msolidair.com,raf@msolidair.com,,Tom Gordon,
Jeff,Heathcote,Chief Architect,Siemens operational services,,jeff.heathcote@siemens.com: jeff.heathcote@siemens.com,jeff.heathcote@siemens.com,1159066101: 1159066101,Tom Gordon,
Andrew,Bird,Chief Architect,Police,,federalsoftware@hotmail.com: federalsoftware@hotmail.com,federalsoftware@hotmail.com,,Tom Gordon,
Pete,Maxted,CTO,Travelopia,,pmaxted@hotmail.com: pmaxted@hotmail.com,pmaxted@hotmail.com,,Tom Gordon,
Anosh,Thakkar,"Vice President, CTO, Head of Architecture & Platforms",Philips,,anosh.thakkar@gmail.com: anosh.thakkar@gmail.com,anosh.thakkar@gmail.com,,Tom Gordon,
Vishvas,Patel,"Vice President, Product and Chief Architect",IdenTrust,,Vishvas.Patel@IdenTrust.com: Vishvas.Patel@IdenTrust.com,Vishvas.Patel@IdenTrust.com,801.384.3610: 801.384.3610,Tom Gordon,
