FIRST NAME,LAST NAME,JOB ROLE,ORGANIZATION,EMAIL,EMAIL (PLAIN),PHONE
Abdellah,Jaafar,Innovation & partnerships,Legrand Electric Ltd,Work: abdellah.jaafar@legrand.fr,abdellah.jaafar@legrand.fr,
Adam,Hembury,Director of Innovation,DLA Piper,Work: Adam.Hembury@dlapiper.com,Adam.Hembury@dlapiper.com,
Alan,Raw,Global Digital Business,Universal Music,alan.raw@umusic.com: alan.raw@umusic.com,alan.raw@umusic.com,
Alan,Walsh,"Finance Manager, IT Business Transformation Programme",Shell,,,
Alberto,Garuccio,Head of Innovation Discovery,Intesa Sanpaolo Innovation Center,Work: albertog100@libero.it,albertog100@libero.it,"Work: +39 3394583751
             (Mobile)"
Alex,Batlin,Senior Innovation Manager at UBS's FinTech Innovation Lab,UBS Limited,Work: alex.batlin@ubs.com,alex.batlin@ubs.com,
Alex,Butler,"Chair, Digital Transformation Strategy Group",RIBA,,,
Amol,Natu,Director Digital Commerce,Etisalat,amolnatu@yahoo.com: amolnatu@yahoo.com,amolnatu@yahoo.com,
Andrew,Gleeson,Exchange Operations,Paddypowerbetfair,None: agleeson07@clongowes.net,agleeson07@clongowes.net,
Andrew,Parr,Process Change Manager,Futures Housing Group,andyparr57@hotmail.com: andyparr57@hotmail.com,andyparr57@hotmail.com,
Annette,Moody,Group IT Governance & Innovation Director,Serco,annettemoody@hotmail.com: annettemoody@hotmail.com,annettemoody@hotmail.com,
Ann-Sofie,Cuyvers,Senior Manager – Strategy and Change,Al-Futtaim Group,"Ann-Sofie.Cuyvers@AlfuttaimFinance.ae: Ann-Sofie.Cuyvers@AlfuttaimFinance.ae
Work: cuyvers.annsofie@gmail.com
None: ann-sofie.cuyvers@alfuttaimfinance.ae","Ann-Sofie.Cuyvers@AlfuttaimFinance.ae, cuyvers.annsofie@gmail.com, ann-sofie.cuyvers@alfuttaimfinance.ae",
Antonio,Alvarez,"Head of Data innovation at Isban UK, Santander group",ISBAN,aalvarez.internet@gmail.com: aalvarez.internet@gmail.com,aalvarez.internet@gmail.com,
Anu,Elmer,Change Management Lead,Swiss Re,Anu_Elmer@swissre.com: Anu_Elmer@swissre.com,Anu_Elmer@swissre.com,
Aref,Al-Ramli,"VP, Head Of Electronic Banking & Innovation",Mashreq,arefr@mashreq.com: arefr@mashreq.com,arefr@mashreq.com,"Mobile: +971-50-107 0011
Work: +971 4608 3708"
Arnaud,Zeitoun,"Global Head, Transformation",BNP Paribas,Work: arnaud.zeitoun@uk.bnpparibas.com,arnaud.zeitoun@uk.bnpparibas.com,
ash,sethi,Senior Digital Account Manager in Residence @ E.ON,Charterhouse (Bringing ideas to life),ashveen@yahoo.com: ashveen@yahoo.com,ashveen@yahoo.com,
Bianca,Koenig,Senior Manager Innovation Marketing,Deutsche Telekom AG,Work: bianca.koenig@telekom.de,bianca.koenig@telekom.de,
Bipin,Sahni,WSG - Head of Innovation and R&D,Wells Fargo,"bipins@wellsfargo.com: bipins@wellsfargo.com
Work: bipins@wellsfargo.com","bipins@wellsfargo.com, bipins@wellsfargo.com","4153714100: 4153714100
0119330: 4088887500"
Brian,Jensen,"Managing Partner, Innovation | Co-director of the Customer Lab","OgilvyOne Worldwide, Ltd",brian.jensen@gmail.com: brian.jensen@gmail.com,brian.jensen@gmail.com,
Carlos M.,Mendez,"Social Media, Content & Conversation - BBVA Innovation Center",BBVA,carlos.mendez.perez@gmail.com: carlos.mendez.perez@gmail.com,carlos.mendez.perez@gmail.com,
Caroline,Cater,Global Digital Marketing Director,The Coca-Cola Company,,,
Cathy,Peterson,CES Innovation Writer,Independent journalist,None: CathyLPeterson@hotmail.com,CathyLPeterson@hotmail.com,
Chris,Ballinger,CFO and Head of Innovation,Toyota Financial Services,Work: chris.ballinger@tri.global,chris.ballinger@tri.global,Mobile: +1 (310) 291 7171
Chris,Orson,Director - Head of product and platform change - HSS,HSBC,Work: chris.orson@hsbc.com,chris.orson@hsbc.com,
Claire,Ruggiero,Innovation Director,Lloyds Register,Work: claire.ruggiero@lr.org,claire.ruggiero@lr.org,"Work: +447794172420
Mobile: +44 779 417 2420"
Clive,White,Transformation Director,RSA,clivewhite@mac.com: clivewhite@mac.com,clivewhite@mac.com,
Colin,Hayhurst,Innovations Partnership Fellow,University of Sussex,colinhayhurst@gmail.com: colinhayhurst@gmail.com,colinhayhurst@gmail.com,
Colin,Platt,Global Markets Innovation - Blockchain Lead,BNP Paribas,work: colin.platt@uk.bnpparibas.com,colin.platt@uk.bnpparibas.com,
Dan,Fiehn  FBCS CITP,"Group Chief Operating Officer, Keynote Speaker, Leading Digital Transformation in Insurance",Markerstudy Insurance,Work: Dfiehn@Markerstudy.com,Dfiehn@Markerstudy.com,"Work: +44 7860 432102
             (Mobile)"
Daniel,Jonas MIET,Global Head of Innovation,SThree,,,Work: +44 7951698293
Danny,Maddox,Director Digital Marketing,Intiva Health,None: danny@intivahealth.com,danny@intivahealth.com,
Dan,West,Senior Digital Strategist & Innovations Manager,FCB Inferno,dandelwest1@aol.com: dandelwest1@aol.com,dandelwest1@aol.com,
Dario,Biggi,Chief Innovation Officer,Fondazione proPosta,Work: dario.biggi@me.com,dario.biggi@me.com,
Darren,Armitage,Head of Technology Innovation EMEA,SABMiller plc,"darrenarmitage@me.com: darrenarmitage@me.com
Work: Darren.armitage@ab-INBEV.com","darrenarmitage@me.com, Darren.armitage@ab-INBEV.com",
Darren,Goucher,Innovation Analyst,HSBC Bank PLC,darrengoucher@gmail.com: darrengoucher@gmail.com,darrengoucher@gmail.com,
Dave,Fleming,"Director, Head of Technology & Design, Citi Innovation Lab",Citi,dave.j.fleming@gmail.com: dave.j.fleming@gmail.com,dave.j.fleming@gmail.com,
David,Ferguson,Head of Digital Innovation,EDF Energy,Work: David.Ferguson@edfenergy.com,David.Ferguson@edfenergy.com,
David,Le,Head of Innovation - LBG Innovation Labs,Lloyds Banking Group,"David.Le@lloydsbanking.com: David.Le@lloydsbanking.com
david-le@mail.com: david-le@mail.com
David.Le@lloydsbanking.com: David.Le@lloydsbanking.com","David.Le@lloydsbanking.com, david-le@mail.com, David.Le@lloydsbanking.com",
David,Simpson,Senior Director - Global Digital Capabilities,AstraZeneca UK Limited,Email: david.simpson1@astrazeneca.com,david.simpson1@astrazeneca.com,Mobile: +44 7824414811
Davina,Quarterman,Senior Manager - Innovation & Tools,John Wiley and Sons,dquarterman@wiley.com: dquarterman@wiley.com,dquarterman@wiley.com,
Dougie,Henderson,Head Emerging Products & Innovation - Africa,Visa,,,
Doug,MacKay,"Director, Business Innovation",JFive,doug_mackay@me.com: doug_mackay@me.com,doug_mackay@me.com,
Elzbieta,Tomkiewicz,Business Development Manager - Digital and Innovation,PwC Polska,ela.tomkiewicz@gmail.com: ela.tomkiewicz@gmail.com,ela.tomkiewicz@gmail.com,
Emma,Goddard,Group Digital Product Manager,Metal Bulletin,emmadevine@gmail.com: emmadevine@gmail.com,emmadevine@gmail.com,
Fernando,Campos,Microsoft Digital Transformation Lead,Microsoft,,,
Freddie,McMahon,Director of Strategy and Innovation,Anomaly42 Limited,work: fmcmahon8@gmail.com,fmcmahon8@gmail.com,
Gabriel,Ossi,Open Innovation,UniCredit,gabriel.ossi@unicredit.eu: gabriel.ossi@unicredit.eu,gabriel.ossi@unicredit.eu,
Genevieve,Kangurs,Head of Digital Transformation,TSB,Work: Genevieve.kangurs@tsb.co.uk,Genevieve.kangurs@tsb.co.uk,
Giorgia,Prestento,Change and Behavioural expert,Giorgia Prestento,Work: giorgia1206@gmail.com,giorgia1206@gmail.com,
Greg,Herbet,"Executive Director, Change Delivery",Goldman Sachs,Work: greg.herbert@gs.com,greg.herbert@gs.com,Work: +44 (0) 20 7774 3658
Guy,Hallam,Senior Business Programme Manager / COO Team Global Regulatory Change Lead,HSBC Bank PLC,e2@cityconsultancy.co.uk: e2@cityconsultancy.co.uk,e2@cityconsultancy.co.uk,
Hans,Kespohl,Head of Business Model Innovation,Covestro,None: hans.kespohl@covestro.com,hans.kespohl@covestro.com,
Helmut,Sussbauer,Head of Innovation Management,Deutsche Telekom AG,h.sussbauer@telekom.de: h.sussbauer@telekom.de,h.sussbauer@telekom.de,
Irene C L,Ng,"Director, International Institute of Product & Service Innovation (IIPSI)","WMG, University of Warwick",irene.cl.ng@gmail.com: irene.cl.ng@gmail.com,irene.cl.ng@gmail.com,
Ivar,Wiersma,Head of Innovation,Wholesale Banking at ING,Work: ivar.wiersma@ingbank.com,ivar.wiersma@ingbank.com,Work: +31 0 683644340
Jaco,Fok,Manager Technology & Innovation Excellence,Shell,,,
Jaroslaw,Michalczuk,IT innovation,Atradius,Work: jaroslaw.michalczuk@atradius.com,jaroslaw.michalczuk@atradius.com,Work: +44 29 2082 4839
Jayne,"Coxon, MSc",Business Change Manager,COFELY UK - GDF SUEZ GROUP,jco21@hotmail.co.uk: jco21@hotmail.co.uk,jco21@hotmail.co.uk,
Jeevarathinam,Ravikumar,Digital Innovation Leader,STANLEY Security,Work: Jeevarathinam.Ravikumar@sbdinc.com,Jeevarathinam.Ravikumar@sbdinc.com,Mobile: +44 7966 935948
Jem,Lloyd-Williams,Executive Director of Product and Innovation,Vizeum UK,jem.lloyd-williams@vizeum.com: jem.lloyd-williams@vizeum.com,jem.lloyd-williams@vizeum.com,
Jessica,Pledger,Change and Communications Manager,TUI Group,jessica.mary.pledger@gmail.com: jessica.mary.pledger@gmail.com,jessica.mary.pledger@gmail.com,
Joe,Morrison,Head of Business Improvement & Innovation,Plan UK,jmorrison79@hotmail.com: jmorrison79@hotmail.com,jmorrison79@hotmail.com,
John,Elliot,Head: Fintech and Innovation,Investec,Work: john.elliott@investec.co.za,john.elliott@investec.co.za,"Work: +27 0 11286 977
None: +27 0 836357615"
John,Hanna,Head of Digital Innovation,Majid Al Futtaim,john.hanna@maf.ae: john.hanna@maf.ae,john.hanna@maf.ae,"Work: +971 4209 3253
Mobile: +971-50-106 8847"
John,Hereward Shaw,Head of R&D and Innovation,Direct Line Group,,,
John,King,Innovation Manager,Beazley,Work: John.King@beazley.com,John.King@beazley.com,
John,Macpherson,"Portfolio Director, Insurance, Asia-Pacific, Global Change Delivery",HSBC Bank PLC,linkedin@catchwater.com: linkedin@catchwater.com,linkedin@catchwater.com,
Josep,Amoros,Head of Innovation and Monetization,Banco Sabadell,josep.amoros@gmail.com: josep.amoros@gmail.com,josep.amoros@gmail.com,
Josep,Celaya,Director Corporativo de Innovación (Chief Innovation Officer),Mapfre,,,
Julian,March,"SVP, Editorial & Innovation",NBC News,julian.march@gmail.com: julian.march@gmail.com,julian.march@gmail.com,
Julian,Wilson,Head of Mobile Innovation,Barclays Bank PLC,julian.wilson@barclays.com: julian.wilson@barclays.com,julian.wilson@barclays.com,
Justin,Conry,"Head of Transformation,Board Member",Three,Work: justin.conry@three.ie,justin.conry@three.ie,Work: +353833033000
Kamal,Mugahid Elzain,"Lead, Consumer New Business and Innovations",Emirates Integrated Telecommunications Company,Work: kamal.mugahid@du.ae,kamal.mugahid@du.ae,"Mobile: +971527223722
Work: +971527223722"
Kari,Jordan,"Head of Innovation, Downstream",Shell,Work: kari.jordan@shell.com,kari.jordan@shell.com,
Kate,Davidson,Business Change Manager,AXA Group,Work: kate.davidson@axa.co.uk,kate.davidson@axa.co.uk,
Kaushalya,Somasundaram,"Director, Innovation and Investments",HSBC Bank PLC,kaushalya.somasundaram@hsbc.com: kaushalya.somasundaram@hsbc.com,kaushalya.somasundaram@hsbc.com,
Klas,Eckervald,"Enterprise Architect, Applied Intelligence & Innovation",Teradata International,klas.eckervald@teradata.com: klas.eckervald@teradata.com,klas.eckervald@teradata.com,
Laura,Bond,Senior Innovation Partnerships Manager,Alliance Boots GmbH,Laura.Bond@boots.co.uk: Laura.Bond@boots.co.uk,Laura.Bond@boots.co.uk,
Laura,Merling,VP Digital Experience,AT&T,laura.merling@gmail.com: laura.merling@gmail.com,laura.merling@gmail.com,
Leda,Glyptis,"Director, EMEA Innovation",BNY Mellon,,,
Lennart,Baudert,Change Programme Manager,Legal & General,len.baudert@landg.com: len.baudert@landg.com,len.baudert@landg.com,
Leo,Begen,Snr Project Manager - Asset Management Business Change,Scottish Water,Leo.Begen@NTLWorld.com: Leo.Begen@NTLWorld.com,Leo.Begen@NTLWorld.com,
Leo,Ryan,Global Head of Innovation and Partnerships; Social@Ogilvy,Ogilvy & Mather Advertising,None: leo.ryan@ogilvy.com,leo.ryan@ogilvy.com,
Lewis,Neill,Derivatives and Platform Innovation,Aberdeen Standard Life,"Personal: lewis.j.neill@googlemail.com
Work: lewis.neill@aberdeenstandard.com","lewis.j.neill@googlemail.com, lewis.neill@aberdeenstandard.com",Mobile: +44 7508906661
Lucy,Barbor,Group Digital Director,DENTSU AEGIS NETWORK LTD.,grandfather22@hotmail.com: grandfather22@hotmail.com,grandfather22@hotmail.com,
Malcolm,Salisbury,Manager External Research & Innovation,Shell,,,
Manish,Awasthi,Head of Strategic Arch and Innovation,SWIFT,Work: Manish.AWASTHI@swift.com,Manish.AWASTHI@swift.com,
Manoj,Mamachan,Business Innovation Manager,Robert Bosch GmbH,Work: Manoj.Mamachan@in.bosch.com,Manoj.Mamachan@in.bosch.com,Work:  +44 7918488052
Marco,Ottolini,Head of Fashion & Retail Innovation,DS Group,marco@ottolini.com: marco@ottolini.com,marco@ottolini.com,
Marisol,Guzman,Innovation,Statoil ASA,None: mgmo@statoil.com,mgmo@statoil.com,
Mark,Hanson,HR Transformation Manager,BP,Work: mark.hanson@bp.com,mark.hanson@bp.com,
Mark,O'Neill,Head of Innovation and Delivery,Government Digital Service,fallingbadgers@gmail.com: fallingbadgers@gmail.com,fallingbadgers@gmail.com,
Martijn,Moerbeek,Group Digital Strategy & Innovation Director,Legal & General,Work: martijn.moerbeek@gmail.com,martijn.moerbeek@gmail.com,Mobile: +44 7961201830
Martin,Beake,Senior Digital Project Manager,Barclays Bank PLC,martin.beake@moongazy.com: martin.beake@moongazy.com,martin.beake@moongazy.com,
Martin,Roeske,Head of Innovation,Arab Financial Services,"Work: martin.roeske@afs.com.bh
Personal: martin.roeske@gmail.com","martin.roeske@afs.com.bh, martin.roeske@gmail.com",Mobile: +971 50 454 3236
Maurizio,Pilu,VP Digital Innovations CTO Office,Lloyds Register,Work: maurizio.pilu@lr.org,maurizio.pilu@lr.org,"Work: +447966424827
Work: +442074232108
Mobile: +447966424827"
Max,Kalis,Innovation Culture & Events Manager,Lloyds Banking Group,maxwhkalis@gmail.com: maxwhkalis@gmail.com,maxwhkalis@gmail.com,
Meera,Mistry,"Associate, Wealth Transformation Programme",HSBC Bank PLC,Work: meera.mistry@hsbc.com,meera.mistry@hsbc.com,Work: +447920419260
Michelle,Butler,"Head of Change, Europe",HSBC Bank PLC,None: michelle.butler@hsbc.com,michelle.butler@hsbc.com,
Monica,Gargantini,Data Driven Business Innovation Lead,Pirelli,"Personal: moni10e@yahoo.it
Work: Monica.gargantini@pirelli.com","moni10e@yahoo.it, Monica.gargantini@pirelli.com",
Naim,Kazmi,"Head of Architecture, Methodology and Innovation",Lloyds Banking Group,,,
Niall,O'Gorman,Interim - Global Digital Transformation Lead Coffee,Mondelez International,niall.ogorman@gmail.com: niall.ogorman@gmail.com,niall.ogorman@gmail.com,
Nick,Doddy,Head of Strategy & Innovation,Deutsche Bank AG,nick.doddy@db.com: nick.doddy@db.com,nick.doddy@db.com,
Nick,Grove,Founder / Innovation,NXT 2 PAY,ngrove@twincentric.com: ngrove@twincentric.com,ngrove@twincentric.com,
Nick,Sawyer,Bi Transformation Lead,Sainsbury's,'nick.sawyer@sainsburys.co.uk': 'nick.sawyer@sainsburys.co.uk','nick.sawyer@sainsburys.co.uk',
Nicolas,Arbogast,Head of Lending Digital Transformation,BANGKOK BANK PUBLIC COMPANY LIMITED,Work: nicolas.geo@bbl.co.th,nicolas.geo@bbl.co.th,
Nigel,Russell,Transformation Director,Yin Yang,,,
Noel,Ortiz,Global Digital Services Lead,Novartis,noelortiz@gmail.com: noelortiz@gmail.com,noelortiz@gmail.com,
Norhidayah,Hassan,Digital Transformation,Yayasan MENDAKI,None: norhidayah.hassan@mendaki.org.sg,norhidayah.hassan@mendaki.org.sg,
oswald,jumira,Group Head of Innovation Partnerships,Liquid Telecommunications Group,None: oswald.jumira@liquidtelecom.com,oswald.jumira@liquidtelecom.com,
Pascal,Aerens,Head of Innovation,FircoSoft,Work: pascal.aerens@fircosoft.com,pascal.aerens@fircosoft.com,
Patrice,Slupowski,VP Digital Innovation,Orange,Work: patrice.slupowski@orange.com,patrice.slupowski@orange.com,Work: +33 6 85 30 92 91
Paula,Elliott,HR Transformation Director,BP,Work: paulavelliott@hotmail.com,paulavelliott@hotmail.com,
Paul,Campbell,Head of Cash & Liquidity Transformation,BANGKOK BANK PUBLIC COMPANY LIMITED,,,
Paul,Heybourne,"Innovation, Research & Demonstration Lab Manager",Aviva plc,paul.heybourne@aviva.co.uk: paul.heybourne@aviva.co.uk,paul.heybourne@aviva.co.uk,
Philippe,Ruault,Chief Innovation and Digital Officer (Head Of IDLab),BNP Paribas Securities Services,Work: philippe.ruault@bnpparibas.com,philippe.ruault@bnpparibas.com,+33158160446: +33670914815
Radhika,Mcmorris,Client & Cpty Change Portfolio Manager,Barclays Bank PLC,radhika.mcmorris@barclays.com: radhika.mcmorris@barclays.com,radhika.mcmorris@barclays.com,2077730530: 2077730530
Regina,Vernadaki,Change Communications Manager - Operations & Technology,Barclays Bank PLC,ReginaVernadaki@hotmail.com: ReginaVernadaki@hotmail.com,ReginaVernadaki@hotmail.com,
Rene,Honig,"VP Strategy, Portfolio & Innovation",Shell,,,
Renjit,Philip,Head- Insurance Strategy & Change,Al-Futtaim Group,Work: renjit.philip@alfuttaimfinance.ae,renjit.philip@alfuttaimfinance.ae,"Mobile: +971561772619
Work: +97143047832"
Richard,Walsh,Either as transformational Head of IT or Programme Manager,Looking for my next opportunity,mr.rjwalsh@gmail.com: mr.rjwalsh@gmail.com,mr.rjwalsh@gmail.com,
Robert,Moffett,Global OD and Change Director,"Mars, Incorporated.",Work: robert.moffett@effem.com,robert.moffett@effem.com,
Robin,Stagg,Innovation Manager,Allianz Group,"robin.stagg@allianz.co.uk: robin.stagg@allianz.co.uk
robin.stagg@allianz.co.uk: robin.stagg@allianz.co.uk","robin.stagg@allianz.co.uk, robin.stagg@allianz.co.uk",
Rob,Kerner,Strategy/innovation development and execution,Royal Bank of Scotland,"Work: robert.kerner@rbs.com
Personal: rob@ganduxer.com","robert.kerner@rbs.com, rob@ganduxer.com",Mobile: +44 7920086362
Rob,Massuger,Business Innovation Manager,Qurrent Nederland BV,None: rob.massuger@qurrent.nl,rob.massuger@qurrent.nl,
Rob,Wijhenke,Head of Data Innovation and Analytics,ABN Amro Group,,,
Roger,Townsend,Innovation Manager,EDF Energy,Work: roger.townsend@edfenergy.com,roger.townsend@edfenergy.com,
Roland,Klemann,"Senior Director, Service Provider Transformation Group",Cisco Systems,roland@null.net: roland@null.net,roland@null.net,
Romain,Jerome,Head of Digital Transformation & Innovation,Credit Agricole CIB,Work: romain.jerome@ca-cib.com,romain.jerome@ca-cib.com,"None: +33 (0)6 85 99 39 95
Work: +33 (0)1 57 87 05 44"
Sahil,Verma,Business Transformation Director,Regus,sahil_verma@ymail.com: sahil_verma@ymail.com,sahil_verma@ymail.com,
Sam,Keegan,"Senior Scientist, Open Innovation","Kraft Foods Global, Inc.",samuel.keegan@mdlz.com: samuel.keegan@mdlz.com,samuel.keegan@mdlz.com,
Sarah Stoney,,Change Project Manager,AIG Europe Limited,SARAH.STONEY@AIG.COM: SARAH.STONEY@AIG.COM,SARAH.STONEY@AIG.COM,7803858880: 7803858880
Sascha,Mundstein,Innovation,Pfizer,Work: Sascha.Mundstein@pfizer.com,Sascha.Mundstein@pfizer.com,
Serge,Taborin,Global Digital Innovation Director,Aviva plc,"serge.taborin@aviva.com: serge.taborin@aviva.com
serge_taborin@hotmail.com: serge_taborin@hotmail.com","serge.taborin@aviva.com, serge_taborin@hotmail.com",Work: 00447951253183
Shane,Williams,"WM Digital Transformation, Crypto 2.0",UBS Limited,"swilli40@hotmail.com: swilli40@hotmail.com
Work: shane.williams@ubs.com","swilli40@hotmail.com, shane.williams@ubs.com",
Simon,Charnock,"Group Head of Innovation & Partnerships, Start-Up Advisor, and Commercial Strategist",Countrywide Plc,"Work: simon.charnock@countrywide.co.uk
Work: simon.charnock@cwinnovation.co.uk","simon.charnock@countrywide.co.uk, simon.charnock@cwinnovation.co.uk",Work: +44 7802 799582
Stefan,Brausam,Innovation Factory,Putzmeister Engineering GmbH,Work: brausams@putzmeister.de,brausams@putzmeister.de,Work: +497127599348
Stefania,Vigna,Innovation Unit - Research & Methodology,Intesa Sanpaolo,stefania.vigna@intesasanpaolo.com: stefania.vigna@intesasanpaolo.com,stefania.vigna@intesasanpaolo.com,+39 (335) 699-8604: +39 (335) 699-8604
Steven,O'Connor,Strategic Transformation Project Manager,"American International Group, Inc.",steven.o'connor@aig.com: steven.o'connor@aig.com,steven.o'connor@aig.com,+44 7800 650078: +44 7800 650078
Suhas,Chatekar,Head of Innovation,Collinson Group,Work: Suhas.Chatekar@collinsongroup.com,Suhas.Chatekar@collinsongroup.com,
Surinder,Kooner,Head of Innovation,Allianz Group,Work: surinder.kooner@allianz.co.uk,surinder.kooner@allianz.co.uk,
Susan,Wegner,"Vice President Smart Data Analytics&Communication, Big Data, Telekom Innovation Laboratories",Deutsche Telekom AG,wegners@telekom.de: wegners@telekom.de,wegners@telekom.de,
Suvrajit,Saha,"Innovation Specialist, Founder",klimazone,None: contactsaha@gmail.com,contactsaha@gmail.com,
Sven,Denecken,SVP Product Management and Co-Innovation S/4HANA,SAP,sven.denecken@sap.com: sven.denecken@sap.com,sven.denecken@sap.com,+496227 7-6417: +496227 7-6417
Tamanna,Dahiya,"Director, Asia Pacific Innovation Center",DHL,Work: T.Dahiya@dhl.com,T.Dahiya@dhl.com,
Tariq,Rasul,Global Programme Manager - Digital Transformation,HSBC Bank PLC,tariq.rasul@touchpointsolutions.co.uk: tariq.rasul@touchpointsolutions.co.uk,tariq.rasul@touchpointsolutions.co.uk,
Thomas,Eisenbarth,Head of Innovation,Daimler,Work: thomas.eisenbarth@daimler.com,thomas.eisenbarth@daimler.com,"Work: +49 711 17 36842
Mobile: +4917630904127"
Tobias,Grimm,Senior Project Manager climate change and renewable energies at Munich Re,Munich Re (Group),Work: TGrimm@munichre.com,TGrimm@munichre.com,
Tomas,Gonsorcik,"Group Director, Strategy & Innovation",VML,tomasgonsorcik@me.com: tomasgonsorcik@me.com,tomasgonsorcik@me.com,
Tom,Dalglish,"SVP, Global Head of Transformation",SmartStream Technologies,tommy.dalglish@gmail.com: tommy.dalglish@gmail.com,tommy.dalglish@gmail.com,
Tommy,Parker,Digital Innovation Lead,Ki Performance,twp15@hotmail.co.uk: twp15@hotmail.co.uk,twp15@hotmail.co.uk,
Vignesh,Raja,Innovation,Viktor Koenig,Work: vignesh@vk.ae,vignesh@vk.ae,
Ville,Sointu,Head of Innovation,Nordea Limited,Work: ville.sointu@nordea.com,ville.sointu@nordea.com,
Vinne,Schifferstein Vidal,Global Director Digital Marketing & Market Development,Pearson English,vinne.schifferstein@gmail.com: vinne.schifferstein@gmail.com,vinne.schifferstein@gmail.com,
Vishal,Sharma,Corporate Venture Capital | Healthcare | Technology | Accelerating Innovation,NMC Healthcare,"Personal: vishal.sharma147@gmail.com
Work: Vishal.Sharma@nmc.ae","vishal.sharma147@gmail.com, Vishal.Sharma@nmc.ae","Mobile: +971-566161381
Mobile: +91-9582212490"
Yann,Ruello,Head of TV & Entertainment Innovation,Orange,yann@ruello.fr: yann@ruello.fr,yann@ruello.fr,
yassine,amrani,Digital Transformation Manager,AlRashed Food,None: yassine.amrani@alrashedfood.com,yassine.amrani@alrashedfood.com,
Yemi,Fagbenro,Digital Transformation Architect,Diageo,,,
Yuri,Sebregts,EVP Innovation/R&D and CTO,Shell,Work: y.sebregts@shell.com,y.sebregts@shell.com,
Zaka,Mian,Digital transformation director & Retail CIO,Lloyds Banking Group,Zaka.Mian@LloydsTSB.co.uk: Zaka.Mian@LloydsTSB.co.uk,Zaka.Mian@LloydsTSB.co.uk,
