PHOTO URL,FIRST NAME,LAST NAME,JOB ROLE,ORGANIZATION,EMAIL,EMAIL (PLAIN),PHONE
,Adil,Ahmed,"Vice President Sales Financial Institutions, MEA",Wirecard AG,adil.ahmed@wirecard.com: adil.ahmed@wirecard.com,adil.ahmed@wirecard.com,"Work: +97143756582
Mobile: +971 5558 72170"
,Alexandre,Adamus,Senior Sales Manager,BNP Paribas,,,
,Alex,Bausch,VP Business Development,Onegini,,,
,Ben,Bryant,Senior Sales Engineer,Splunk,ben.bryant@ntlworld.com: ben.bryant@ntlworld.com,ben.bryant@ntlworld.com,
,Birendra,Agarwal,CIO Commercial Banking (Markets and Transaction Banking),Lloyds Banking Group,birendra.agarwal@envision.net: birendra.agarwal@envision.net,birendra.agarwal@envision.net,
,Bora,Kizil,VP Sales and Marketing,EZAKO,nbkizil@gmail.com: nbkizil@gmail.com,nbkizil@gmail.com,
,Casey,Harwood,Head of Commercial and Exec Director,Engage Sports Media,caseypharwood@gmail.com: caseypharwood@gmail.com,caseypharwood@gmail.com,
,Charlotte,Taylor,Commercial Director,Retriever Sales Performance,charlotte@4ormulate.com: charlotte@4ormulate.com,charlotte@4ormulate.com,
,Christian,Schindler,Vice President Sales & Service Europe,LSG Group,Work: christian.schindler@dlh.de,christian.schindler@dlh.de,
,Clive,Larkin,Commercial Sales Manager,ServerSpace Limited,clivelarkin@yahoo.co.uk: clivelarkin@yahoo.co.uk,clivelarkin@yahoo.co.uk,
,Craig,Garrod,Executive Commercial Sales Director,Misco UK,,,
,Cristina,Belloni,Senior Sales Manager,London Stock Exchange Group,Work: cbelloni@lseg.com,cbelloni@lseg.com,3972426504: 393351041561
,Daniel,"Potvin, CFA","Senior Business Development Manager, North America",StatPro,dpotvin09@gmail.com: dpotvin09@gmail.com,dpotvin09@gmail.com,
,Dave,Sandham,Director of Commercial Operations,Weve,dave.sandham@weve.com: dave.sandham@weve.com,dave.sandham@weve.com,
,David,Abbott,VP Sales and Business Development EMEA,PayCommerce & Software AG,Work: dabbott@paycommerce.com,dabbott@paycommerce.com,
,David,Harris,Head of Commercial Innovative Technology,London Stock Exchange Group,Work: dharris@lseg.com,dharris@lseg.com,
,David,Littlewood,Senior Director Business Development and Alliances,Platfora,,,
,David,Rippmann,Senior Sales Account Manager,Diebold,david.rippmann@me.com: david.rippmann@me.com,david.rippmann@me.com,
,Dirk,Van den Bosch,Regional Commercial Director,DP World,Work: dirk.vandenbosch@dpworld.com,dirk.vandenbosch@dpworld.com,
,Dominic,Taylor,Commercial Director,SystemSync Solutions,dominic.taylor@systemsyncsolutions.com: dominic.taylor@systemsyncsolutions.com,dominic.taylor@systemsyncsolutions.com,
,Fabio Luis,Schmidt,Latam Commercial Director,Newtec,f.l.schmidt@hotmail.com: f.l.schmidt@hotmail.com,f.l.schmidt@hotmail.com,
,Fahed,Hijleh,Chief Sales Officer,Eastnets,Work: fabuhijleh@eastnets.com,fabuhijleh@eastnets.com,96265679616: 795844660
,Ffion,Thomson,Commercial Manager,Informa,ffion.thomson@informa.com: ffion.thomson@informa.com,ffion.thomson@informa.com,
,Gideon,Wieland,Senior Business Development Director,retired,Work: g.wieland549@upcmail.nl,g.wieland549@upcmail.nl,
,Glenn,Scherrer,"General Manager, Global Government & APJ Commercial",iSIGHT Partners,glennscherrer@gmail.com: glennscherrer@gmail.com,glennscherrer@gmail.com,
,Graeme,Craig,Head of Commercial Development,TFL,Work: GraemeCraig@Tfl.gov.uk,GraemeCraig@Tfl.gov.uk,
,Graham,Fisher,"Research Commercialisation Manager, Research Development & Support Office",University of Bath,graham@bathcube.co.uk: graham@bathcube.co.uk,graham@bathcube.co.uk,
,Harald,Mueller,Senior Director Sales EMEA,Datameer,hmuller@hotmail.com: hmuller@hotmail.com,hmuller@hotmail.com,
,Ian,Gibbs,Head of Commercial Insight at Guardian News and Media,The Guardian,Work: ian.gibbs@theguardian.com,ian.gibbs@theguardian.com,
,Ian,Shepherd,Group Chief Commercial Officer,Odeon & UCI Cinemas,ian.shepherd@movingtribes.com: ian.shepherd@movingtribes.com,ian.shepherd@movingtribes.com,
,Jason,Rhodes,Head of Commercial Development - CAS,Nottingham Trent University,,,
,Jesper,Behr,Head of Commercial Banking,SAP,Work: jesper.behr@sap.com,jesper.behr@sap.com,
,Jim,Boggs,VP Business Development,Pioneer Realty Capital,jboggs@pioneerrealtycapital.com: jboggs@pioneerrealtycapital.com,jboggs@pioneerrealtycapital.com,
,John,Hardigree,Chief Business Development Officer,Revolution Analytics,john.hardigree@revoanalytics.com: john.hardigree@revoanalytics.com,john.hardigree@revoanalytics.com,
,Jonathan,Lewis,Chief Commercial Officer,Zengenti,mrjonlewis@me.com: mrjonlewis@me.com,mrjonlewis@me.com,
,Jonathon,Tarsey,Commercial Sales,"Alteryx, Inc.",,,
,Jon,Block,Controller of Commercial Digital Products,ITV,jonblock1@gmail.com: jonblock1@gmail.com,jonblock1@gmail.com,
,Julia,Barbuto,Commercial Assistant,SWIFT,Work: Julia.BARBUTO@swift.com,Julia.BARBUTO@swift.com,41433365411: 41786830019
,Katrina,Dick,Head of Legal - Commercial,UKTV,katrina.dick@gmail.com: katrina.dick@gmail.com,katrina.dick@gmail.com,
,Kemal,Cetin,"Vice President GDBS - Commercial, Marketing, Analytics",Diageo,kemalcetin77@gmail.com: kemalcetin77@gmail.com,kemalcetin77@gmail.com,
,Laura,Houston,Senior Sales Engineer,Analytics Engines,hou5ton@hotmail.com: hou5ton@hotmail.com,hou5ton@hotmail.com,
,Lewi,Griffiths,Commercial Director,Pera,llywelyn@btopenworld.com: llywelyn@btopenworld.com,llywelyn@btopenworld.com,
,Marcus,Hill,Strategic Sales Executive,Fujitsu,marcus@woodcraycottage.com: marcus@woodcraycottage.com,marcus@woodcraycottage.com,
,Marek,Baldy,Comms & Commercials,TIW Group,Work: marek.baldy@tiwgroup.com,marek.baldy@tiwgroup.com,
,Markus-A.,Flesch,Head Sales Continental Europe,Eurex Zurich AG,Work: Markus-Alexander.Flesch@eurexchange.com,Markus-Alexander.Flesch@eurexchange.com,
,Maryline,Ceciliot,Commercial Assistant,SWIFT,,,
,Matthew,Banks,Vice President Business Development,"Brandfolder, Inc.",mkbanks@gmail.com: mkbanks@gmail.com,mkbanks@gmail.com,
,Matt,Zemlin,Manager Sales & Marketing EMEA,Mediflow,Work: matt.zemlin@mediflow-deutschland.de,matt.zemlin@mediflow-deutschland.de,
,Michelle,Cassidy,Commercial Officer - Financial Services,High Commission of Canada,,,
,Mike,Gibson,Group Sales Operations & Global Accounts Director,G4S,mikegibson5@hotmail.com: mikegibson5@hotmail.com,mikegibson5@hotmail.com,
,Miles,Kotay,Commercial Airplanes Communications,Boeing,None: miles.kotay@boeing.com,miles.kotay@boeing.com,
,Mukesh,Sharma,VP Sales EMEA,"Puppet Labs, Inc.",mukeshsharma971@yahoo.co.uk: mukeshsharma971@yahoo.co.uk,mukeshsharma971@yahoo.co.uk,
https://media.licdn.com/dms/image/C4D03AQHk_5ieMa1wkw/profile-displayphoto-shrink_800_800/0?e=1529218800&v=beta&t=-XC4pckS0YAARLqgzKJEPS-bEsSo4r7QwScC1fWW-54,Nabil,Manzoor,Executive Advisory | Strategic Business Development | Emerging Healthcare Technologies | Global Markets | Tech Startup,Berkeley Research Group LLC,Work: nmanzoor@thinkbrg.com,nmanzoor@thinkbrg.com,Mobile: +447800656394
,Nick,Hastings,Commercial Director,Finextra Research,Nick.Hastings@Finextra.com: Nick.Hastings@Finextra.com,Nick.Hastings@Finextra.com,
,Omar,Agha,VP Sales UK,Talend,,,
,Partick,Mowatt,Senior Business Development Manager,Network International L.L.C,Work: patrickm@network.ae,patrickm@network.ae,"Mobile: +27839974829
Mobile: +971 5670 86730"
,Paul,Boon - Strategic Financial Modelling,Senior Commercial Modeller,Capita,paulmboon@gmail.com: paulmboon@gmail.com,paulmboon@gmail.com,
,Paul,Hacker +41 77 4910001,VP Business Development,Endeavors Technology,paul@endven.com: paul@endven.com,paul@endven.com,
,Paul,Knight,Commercial Account Executive,"Alteryx, Inc.",paulknight007@yahoo.co.uk: paulknight007@yahoo.co.uk,paulknight007@yahoo.co.uk,
,Peter,McManus,VP Sales,Improved Apps Ltd.,peter.mcmanus@improvedapps.com: peter.mcmanus@improvedapps.com,peter.mcmanus@improvedapps.com,
,Peter,Scott,SVP Business Development | OEM Sales,WANdisco,peter.scott@wandisco.com: peter.scott@wandisco.com,peter.scott@wandisco.com,
,Ralph,Pecker,Executive Director Business Development,Tacheyon Technologies (Pty) Ltd,ralph@virtual-africa.com: ralph@virtual-africa.com,ralph@virtual-africa.com,
,Ravinder,Bhadhal,Global Head of Commercial Management and Market Data,Man,ravinder.bhadhal@gmail.com: ravinder.bhadhal@gmail.com,ravinder.bhadhal@gmail.com,
,Richard,Hussey,Programme Commercial Manager,Network Rail,r.hussey460@btinternet.com: r.hussey460@btinternet.com,r.hussey460@btinternet.com,
,Robert,Johndon,Commercial Manager,DP World,Work: robert.johnson@dpworld.com,robert.johnson@dpworld.com,"Work: +44 20 7901 4135
Mobile: +44 756 810 1741"
,Robert,Whiteside,Chief Commercial Officer,EVRYTHNG,whiteside.rob@gmail.com: whiteside.rob@gmail.com,whiteside.rob@gmail.com,
,Rob,Roy,Chief Business Development Officer & GM,TEOCO,robroy108@gmail.com: robroy108@gmail.com,robroy108@gmail.com,
,Rolf,Huber,"Senior Sales Executive, Financial Markets, EMEA",Quartet FS / ActivePivot,rhuber@alum.mit.edu: rhuber@alum.mit.edu,rhuber@alum.mit.edu,
,Sam,Botterill,Commercial & Strategy,Electron,None: sam.botterill@electron.org.uk,sam.botterill@electron.org.uk,
https://media.licdn.com/mpr/mpr/shrinknp_400_400/p/2/000/048/1b7/23924b3.jpg,Sean,Gilchrist,Managing Director Commercial Digital,Lloyds Banking Group,,,
https://media.licdn.com/media/AAEAAQAAAAAAAAwWAAAAJDIxYjlmYTM5LTgyOGMtNGU4ZC04MDlhLTM0ZDIxZTU3NGJmMg.jpg,Simon,Charnock,"Group Head of Innovation & Partnerships, Start-Up Advisor, and Commercial Strategist",Countrywide Plc,"Work: simon.charnock@countrywide.co.uk
Work: simon.charnock@cwinnovation.co.uk","simon.charnock@countrywide.co.uk, simon.charnock@cwinnovation.co.uk",Work: +44 7802 799582
,Simon,Lappin,Regional Vice President Sales,Jive Software,simon_lappin@hotmail.com: simon_lappin@hotmail.com,simon_lappin@hotmail.com,
,Simon,Pearce,Commercial Director,Vipera Plc,scpearce@gmail.com: scpearce@gmail.com,scpearce@gmail.com,
,Sinead,McIntosh,"Product Manager - Strategy & Commercialization, Global Transaction Banking",Deutsche Bank AG,sinead.mcintosh@db.com: sinead.mcintosh@db.com,sinead.mcintosh@db.com,
,Steve,Rossiter,Commercial Accountant,Gerber Juice Company Ltd,steve_rossiter@tiscali.co.uk: steve_rossiter@tiscali.co.uk,steve_rossiter@tiscali.co.uk,
,Tapan,Agarwal,SVP Product Head Commercial Risk,Intellect,Work: tapan.a@intellectdesign.com,tapan.a@intellectdesign.com,
,Thomas,Lee-Warren,"Director, Technology Data Group (BI, Commercial Insight, & Analytics)",Royal Mail,tlw@oculustech.com: tlw@oculustech.com,tlw@oculustech.com,
,Toby,Potter,"Regional VP Sales, EMEA",DataSift,,,
,Tom,Callaert,Commercial Manager Compliance Analytics,SOCIETY FOR WORLDWIDE INTERBANK FINANCIAL TELECOMMUNICATION SCRL,,,
,Tom,Hajek,Global Head Of IT Commercial,Specsavers,Work: toni.hajek@specsavers.com,toni.hajek@specsavers.com,"Work: 08452020241
Work: +447392101614
Work: +441489862058"
,Tony,Redding,Director Sales and Business Development EMEA,TekLink International,tonyredding87@btinternet.com: tonyredding87@btinternet.com,tonyredding87@btinternet.com,
,Tracy,Lamb,SVP Sales & Marketing,PlanITROI,TracyELamb@gmail.com: TracyELamb@gmail.com,TracyELamb@gmail.com,
,Tushar,Rao,Senior Business Development Manager,Zensar Technologies,tushar.rao@zensar.com: tushar.rao@zensar.com,tushar.rao@zensar.com,
,Urs,Kern,"Senior Sales Manager - Corporate Business, EMEA",SWIFT,Work: upkern61@web.de,upkern61@web.de,
,Vivek,Thadhani,Vice President Sales and Marketing,Luxury Hotels Group,,,
,Will,Garton-Jones,Group Sales Director,Loxley Resources Ltd,,,
