FIRST NAME,LAST NAME,JOB ROLE,ORGANIZATION,EMAIL,EMAIL (PLAIN),PHONE
Abdullah,Nami,Chief Compliance Officer,Al-Rajhi Banking & Inv. Corp.,,,
Alberto,Villari,Data Governance Manager,Ricoh Europe,Personal: alberto.villari@ricoh-europe.com,alberto.villari@ricoh-europe.com,
Anantha,Prasad,"Global Head, Data Governance and Head, Data & Information Management EMEA",HSBC Bank PLC,Work: anantha.prasad@hsbc.com,anantha.prasad@hsbc.com,
Annette,Moody,Group IT Governance & Innovation Director,Serco,annettemoody@hotmail.com: annettemoody@hotmail.com,annettemoody@hotmail.com,
Benjamin,Whitby,Regulatory Conduct and Financial Crime Specialist,HSBC Bank PLC,Work: ben.whitby@gmail.com,ben.whitby@gmail.com,
Bo,Boisen,Program Director - Regulatory and Risk Analytics,HSBC Bank PLC,bboisen@gmail.com: bboisen@gmail.com,bboisen@gmail.com,
Carla,Lawrence,Mortgage & Protection Adviser,Morrison Ward Associates,carla.lawrence811@googlemail.com: carla.lawrence811@googlemail.com,carla.lawrence811@googlemail.com,
Carlos Moreno,Fuentes,"VP, Digital Brand Protection",WISekey SA,cmoreno@wiskey.com: cmoreno@wiskey.com,cmoreno@wiskey.com,+41 79 200 7959: +41 79 200 7959
Christian Wiese,Svanberg,"Chief Privacy Officer, Head of Data Protection Unit",Danish National Police,,,
Claire,Jessop,Head of Data Governance,Leeds Building Society,c.l.jessop@btopenworld.com: c.l.jessop@btopenworld.com,c.l.jessop@btopenworld.com,
Dan,Morgan,Head of Policy and Regulation,Innovate Finance,daniel@innovatefinance.com: daniel@innovatefinance.com,daniel@innovatefinance.com,"2038190179: 2038190179
7709393156: 7709393156"
Dan,Crisp,"Managing Director - Chief Information Risk Officer and Head of Technology Compliance, EMEA",BNY Mellon,,,+44 7766990582: +44 7766990582
Danielle,Morley,Compliance Delivery and Advice Manager,National Savings and Investments,danielle.morley@nsandi.com: danielle.morley@nsandi.com,danielle.morley@nsandi.com,
Dario,Parente,Managing Director - Corp Trust Strategy & Regulatory Affairs,BNY Mellon,dario@parente.com: dario@parente.com,dario@parente.com,
David,Terrar,Governance Board Member,Cloud Industry Forum (CIF),dt@d2c.org.uk: dt@d2c.org.uk,dt@d2c.org.uk,
David,Ward,"Policy, Regulation and Awareness specialist",Royal Bank of Scotland,warddj@hotmail.co.uk: warddj@hotmail.co.uk,warddj@hotmail.co.uk,
Elena,Curzio,"Technical Specialist, Legal and Regulatory",Payment Systems Regulator (PSR),ecurzio@hotmail.com: ecurzio@hotmail.com,ecurzio@hotmail.com,
Emma,Ede,Head of Data Governance,M&G,,,
Fatmata,Mustapha,Data Protection Manager UK&I,Nestlé UK,Work: fatmata.mustapha@uk.nestle.com,fatmata.mustapha@uk.nestle.com,
Garry,Manser,Head of Data Governance,Visa Europe,,,
Garry,O'Sullivan,Head of Risk and Compliance,Musgrave Retail Partners Ireland,garryosullivan12@gmail.com: garryosullivan12@gmail.com,garryosullivan12@gmail.com,
Guy,Hallam,Senior Business Programme Manager / COO Team Global Regulatory Change Lead,HSBC Bank PLC,e2@cityconsultancy.co.uk: e2@cityconsultancy.co.uk,e2@cityconsultancy.co.uk,
Helder,Soares,Head of IT Architecture & Data Governance,BancoCTT,Work: helder.soares@bancoctt.pt,helder.soares@bancoctt.pt,Work: +351 918 200 287
Ian,Dunkin,"Director of Strategy, Architecture, Risk and Compliance",GlaxoSmithKline,ian.m.dunkin@gsk.com: ian.m.dunkin@gsk.com,ian.m.dunkin@gsk.com,
John,Mason,"Global Head of Regulatory Reporting, Enterprise Solutions",Bloomberg LP,john.mason@mail2web.com: john.mason@mail2web.com,john.mason@mail2web.com,
Kash,Jani,Business Analyst - Financial Crime & Regulatory Compliance,HSBC Bank PLC,Kash.Jani@hotmail.co.uk: Kash.Jani@hotmail.co.uk,Kash.Jani@hotmail.co.uk,
Lisa,Collecott,Compliance,Novae,lisacollecott@hotmail.com: lisacollecott@hotmail.com,lisacollecott@hotmail.com,
Lorraine,Waters,HSBC Deputy Chief Data Officer and Global Head of Data Governance,HSBC Bank PLC,lorraine.waters@hsbcib.com: lorraine.waters@hsbcib.com,lorraine.waters@hsbcib.com,
Mahendra,Jape,Director and Data Governance Leader,GE Capital,work: mahendra.jape@ge.com,mahendra.jape@ge.com,
Mark,Kennedy,Senior Compliance Associate,Brown Shipley & Co Limited,markkennedy18@hotmail.com: markkennedy18@hotmail.com,markkennedy18@hotmail.com,
May,Ladd,"Lead Solutions Architect - Global Regulatory Retention, Archiving Programme & ECM Solutions",Credit Suisse Group,,,
Melanie,Troop,"Director, Compliance",Rothschild Bank,,,
Mikko,Niva,Group Privacy Officer,Vodafone Group Public Limited Company,,,Work: mikko.niva@vodafone.co.uk
Naomi,Bowman,Head of Governance & Operations - Group Monitor Liaison Office (Financial Crime Compliance),HSBC Bank PLC,bowman.naomi@gmail.com: bowman.naomi@gmail.com,bowman.naomi@gmail.com,
Philipp,Raether,Group Chief Privacy Officer,Allianz Group,Work: phillip.raether@allianz.com,phillip.raether@allianz.com,
Ralph,Graether,"Head of the Security Management and Compliance practice EMEA at RSA, The Security Divsion of EMC",RSA The Security Division of EMC,ralphgraether@googlemail.com: ralphgraether@googlemail.com,ralphgraether@googlemail.com,
Randy,Golly,"Vice President - Governance, Risk, and Compliance (GRC)",Epsilon Telecommunications Limited,rgolly@gmail.com: rgolly@gmail.com,rgolly@gmail.com,
Riikka,Turunen,"Director, Data Protection and Privacy",Sanoma,riikkaeturunen@hotmail.com: riikkaeturunen@hotmail.com,riikkaeturunen@hotmail.com,
Roana,Mouton,Enterprise Architecture Governance,Barclays Bank PLC,roana.mouton@gmail.com: roana.mouton@gmail.com,roana.mouton@gmail.com,
Russ,Fitzgerald,"Head of Governance, Risk and Control, Group Operations",Nationwide Building Society,russ.fitzgerald@btinternet.com: russ.fitzgerald@btinternet.com,russ.fitzgerald@btinternet.com,
Ruth,Wandhöfer,"Global Head of Regulatory & Market Strategy, Citi; Recipient of the 2015 Women in Banking and Finance Achievement Award",Citi,,,
Sanjay,Kharole,Global Head of Retail Banking Regulatory Compliance,HSBC Bank PLC,socialnews4sk@hotmail.co.uk: socialnews4sk@hotmail.co.uk,socialnews4sk@hotmail.co.uk,
Sara,Howers,Global Data Protection Officer,Simply Business,Work: sara.howers@simplybusiness.co.uk,sara.howers@simplybusiness.co.uk,
Simon,Wright,Group Data Protection Officer,Badoo,,,
Stephen,Deadman,Global Deputy Chief Privacy Officer,Facebook,Work: stephen@fb.com,stephen@fb.com,
Tassilo,Amtage,Senior Regulatory Advisor,Commerzbank AG,Work: tassilo.amtage@commerzbank.com,tassilo.amtage@commerzbank.com,
Tom,Callaert,Commercial Manager Compliance Analytics,SOCIETY FOR WORLDWIDE INTERBANK FINANCIAL TELECOMMUNICATION SCRL,,,
Tony,Henderson,"Business Lead Europe for Content Protection, Microsoft PlayReady",Microsoft,tony.henderson@microsoft.com: tony.henderson@microsoft.com,tony.henderson@microsoft.com,
