PHOTO URL,FIRST NAME,LAST NAME,ORGANIZATION,EMAIL,EMAIL (PLAIN),PHONE
,Catarina,Cardoso,Associação Portuguesa de Bancos,Work: catarina.cardoso@apb.pt,catarina.cardoso@apb.pt,Work: 213510085
,João,Freire de Andrade,Banco BIG,Work: joao.andrade@big.pt,joao.andrade@big.pt,Work: +351 917 325 726
,Paulo,Figueiredo,Banco BIG,Work: paulo.figueiredo@big.pt,paulo.figueiredo@big.pt,Work: 919370545 (Direct Paulo F.); 213305300
,Helder,Soares,BancoCTT,Work: helder.soares@bancoctt.pt,helder.soares@bancoctt.pt,Work: +351 918 200 287
,João,Peleteiro,Bankinter,Work: joao.peleteiro@bankinter.com,joao.peleteiro@bankinter.com,
,Berta,Dias da Cunha,"COSEC – Companhia de Seguro de Créditos, S.A.",Work: berta.dias.cunha@cosec.pt,berta.dias.cunha@cosec.pt,Work: 21 791 38 45
,João,Mendes,Credibom,Work: claudia.alho@credibom.pt,claudia.alho@credibom.pt,Work: (351) 21 413 8413
,Hugo,Pontes,Credibom,Work: carla.garcia@credibom.pt,carla.garcia@credibom.pt,Work: (351) 21 413 8413
,Lídia,Sá,Crédito Agrícola Seguros,Work: lsa@creditoagricola.pt,lsa@creditoagricola.pt,Work: 213 700 217
,João,Pedro Borges,Crédito Agrícola Seguros,Work: ; adriana.pereira@ca-seguros.pt; mafalda.santos@ca-seguros.pt,; adriana.pereira@ca-seguros.pt; mafalda.santos@ca-seguros.pt,Work: 213 700 217; 213806000
,Carlos,Pereira,Crédito Agrícola Seguros,Work: carlos.pereira@ca-seguros.pt,carlos.pereira@ca-seguros.pt,Work: 213 700 217
,Isabel,Ucha,Euronext,Work: iucha@euronext.com,iucha@euronext.com,Work: 21 0600603
,Vasco,Fragoso,Groupama,Work: rosario.magalhaes@groupama.pt,rosario.magalhaes@groupama.pt,
,Rita,Delgado,"Haitong Bank, SA",Work: rita.delgado@haitongib.com,rita.delgado@haitongib.com,Work: 21 3309568
,Carlos,Ferreira Pinto,"Haitong Bank, SA",Work: carlos.pinto@haitongib.com,carlos.pinto@haitongib.com,Work: (+351) 21 319 9715;351 21 330 2221
,António,Soares,Linklaters LLP,Work: antonio.soares@linklaters.com,antonio.soares@linklaters.com,
,Fernao,Fernandes Thomaz,Lusitania Vida,Work: fernao.thomaz@lusitaniavida.pt,fernao.thomaz@lusitaniavida.pt,Work: 213814860; 00 351 213 814 885
,Pedro,Hilário,MEO,Work: pedro.m.hilario@telecom.pt,pedro.m.hilario@telecom.pt,Work: 965741409
,Jose,Araújo,Millennium BCP,Work: jaraujo@millenniumbcp.pt,jaraujo@millenniumbcp.pt,Work: 211136591
,Miguel,Filipe,Ocidental Seguros,Work: miguel.filipe@ocidental.pt,miguel.filipe@ocidental.pt,Work: (351) 93 446 6411
,Franciso,Valério,Refundos,Work: fvalerio@refundos.pt,fvalerio@refundos.pt,Work: 937975129
,Luis,Miguel Santos,Santander Totta,Work: luis.santos@santander.pt,luis.santos@santander.pt,Work: 213 705206; 938886023
,Helena,Barroso,Santander Totta,Work: Helena.albuquerque@santander.pt,Helena.albuquerque@santander.pt,Work: 938880535
,Joao,Cupertino,Soft Finança,Work: joao.cupertino@softfinanca.com,joao.cupertino@softfinanca.com,Work: 351 925 493 227
