FIRST NAME,LAST NAME,JOB ROLE,ORGANIZATION,ORGANIZATION INDUSTRY,EMAIL,EMAIL (PLAIN),PHONE
Ahmed,Kolb BEng (Hons) MIET,IT and Communications Lead,The Institution Of Engineering and Technology,,,,"Work: +441438767434
Work: +447725498114"
Claire,Ruggiero,Innovation Director,Lloyds Register,Business Services,Work: claire.ruggiero@lr.org,claire.ruggiero@lr.org,"Work: +447794172420
Mobile: +44 779 417 2420"
John P,Matthews,"Senior Vice President, Head of Corporate",Finstar Financial Group,Financial Services,,,"Work: +442038265081
Work: +4477691196550"
Leontien Hasselman,Plugge,Managing Director,Sim Supply Chain,Solution Provider,,,"Work: +3101725410390
Work: +31101630399483"
Maurizio,Pilu,VP Digital Innovations CTO Office,Lloyds Register,Business Services,Work: maurizio.pilu@lr.org,maurizio.pilu@lr.org,"Work: +442074232108
Work: +447966424827
Mobile: +447966424827"
Russell,Codling,Head of Customer and Market Strategy,Tata Steel (British Steel),Business Services,,,"Work: +441536404828
Work: +447850368920"
Vincent,Doumeizel,Vice President,Lloyds Register,Business Services,"Work: vincent.doumeizel@lrqa.com
Work: vincent.doumeizel@lrqa.com","vincent.doumeizel@lrqa.com, vincent.doumeizel@lrqa.com","Work: +442074232970
Work: +33684769000"
