FIRST NAME,LAST NAME,ORGANIZATION,ORGANIZATION INDUSTRY
Abdellah,Jaafar,Legrand Electric Ltd,Manufacturing
Abid,Musharaf,Mashreq,Financial Services
Abid,SAMALI,SIMG Conseil / Natixis Factor,Financial Services
Abraham,Cambridge,The Sun Exchange,Energy & Utilities
Abubakar-Sadiq,Obatomi,Telefonica UK,Telecommunications
Adam,Beckett,Aviva plc,Financial Services
Adam,Hembury,DLA Piper,Legal Services
Adela Clara,Wiener,BPM Wave International AG,Financial Services
Aden,Davies,HSBC Bank PLC,Financial Services
Adey,Salamin,OpenSooq,Consumer Services
Adit,Gadgil,HSBC Bank PLC,Financial Services
Adrian,Boyd,UBS Limited,Financial Services
Adrian,Daniel,NewDay,Financial Services
Adrian,Vella,Tipico Co Ltd,Financial Services
Agnieszka,Michalik,Nokia,Telecommunications
Ahmet,Temizsoy,Standard & Poor's,Financial Services
Ailert,Riemersma,Novim Media,Media
Aki,Matsushima,Royal Mail,Consumer Services
Alain,Ouk Glickman,Orange Group,Telecommunications
Alan,Covall,Lloyds Banking Group,Financial Services
Alan,Francis,Mashreq,Financial Services
Alan,Priestley,Intel Corporation,Solution Provider
Alan,Walsh,Shell,Energy & Utilities
Alasdair,Anderson,HSBC Bank PLC,Financial Services
Alastair,Instone,School of Food,Education
Alastair,Mitchell,Huddle.com,Solution Provider
Alastair,Moore,University College London,Education
Alberto,Martellini,American Express,Financial Services
Alberto,Villari,Ricoh Europe,Technology
Alejandro,Berney,CAJA DE VALORES S.A.,Financial Services
Alessandro,Allodi,Shell,Energy & Utilities
Alessandro,Bulfone,Mediobanca,Financial Services
Alessandro,Hatami,The Pacemakers Ltd,
Alessandro,Tonchia,Finantix,
Alexander,Ernst,UBS Limited,Financial Services
Alexandre,Gaillard,InvestGlass,
Alex,Batlin,UBS Limited,Financial Services
Alex,Butler,RIBA,
Alex,Glaser,PIERCE PROTOCOLS LIMITED,
Alex,Grant,Touriocity,
Alex,Houseman,M&G,
Alexis,Dufresne,Faveeo.com,
Alexis,Richardson,Weaveworks,
Alex,Matei,Bupa,Healthcare & Pharma
Alexon,Bell,Quantexa,
Alex,Timbs,AOL International,
Ali,Ahmed,Lutebox,FMCG
Alison,Ashurst,ASH Projects,
Alison,Port,Leeds Building Society,Financial Services
Alistair,Mercer,ERN,
Alpesh,Desai,IHG - InterContinental Hotels Group,
Alpesh,Patel,InvestingBetter.Com,
Alun,Jones,Kone Cranes,
Amer,Hasan,minicabit,
Amit,Kothari,Blue Sheen,
Amr,Awadallah,Cloudera,
Anantha,Prasad,HSBC Bank PLC,Financial Services
Anastasia,Koroleva,Snugly,
Anders,Marvik,Statoil ASA,Energy & Utilities
Andrea,Burgess,Lloyds Banking Group,Financial Services
Andreas,Braun,Allianz Group,Financial Services
Andre,Le Roux,Shell,Energy & Utilities
Andres,Martin Diana,Bupa,Healthcare & Pharma
Andrew,Bennett,Knodium,
Andrew,Bolton,Fraudscreen UK,Consulting
Andrew,Carr,claritize,
Andrew,Croasdale,TENcx,
Andrew,Deykin,Havas Media,Media
Andrew,EASTON,Bupa,Healthcare & Pharma
Andrew,Hall,BNP Paribas,Financial Services
Andrew,Harrison,Dixons Carphone,
Andrew,Jacobs,HSBC Bank PLC,Financial Services
Andrew,Lyons,Ultra Knowledge,
Andrew,Maclaren,NATIONAL HEALTH SERVICES (NHS),
Andrew,Mann,The Co-operative Group,
Andrew,McMurtrie,Direct Line Group,Financial Services
Andrew,North,"Akaibu, Inc.",
Andrew,Rhomberg,Jellybooks,
Andrew,Scott,Coformance Ltd,
Andrew,Trigg,Land Registry,
Andrew,Wells,Aviva,
Andy,Gardner,R3Guard.com,
Andy,Hyatt,BTMH Ltd,
Andy,Lees,Satsum,
Andy,Ruckley,ASOS,
Andy,Tennant,CBRE,
Andy,Waroma,Cloud Comrade,
Angelena,Lee,Thomson Reuters,Media
Angel Rodriguez,Issa,BNP Paribas,Financial Services
Anil,Kumar,AIG Europe Limited,Financial Services
Anil,Ohri,Regent's Park Healthcare,
Ankur,Gupta,Hortonworks,
Anna,Ahtiainen,,
Ann,Andren,Nordea Limited,Financial Services
Anna,Zeiter,eBay International AG,
Anne-Marie,Glineur,Belfius,
Annette,Moody,Serco,
Ann-Sofie,Cuyvers,Al-Futtaim Group,Consumer Services
Anthony,Rose,Beamly,
Anthony,Wheaton,The Sapphire Collection,
Antonella,Battaglini,TheCompensators*,
Antonio,Alvarez,ISBAN,
Anton,Schmidbauer,VCE B.V.,
Anya,Ziskina,L'Oreal,FMCG
Aref,Al-Ramli,Mashreq,Financial Services
Areti,Kampyli,CliqStart,
Arif Anees,Malik,World Congress Overseas Pakistanis,
Arjen,Strijker,Capital On Stage,
Arjun,Vir Singh,Al-Futtaim Group,Consumer Services
Arlette,Baliki,Al-Futtaim Group,Consumer Services
Arnaud,Zeitoun,BNP Paribas,Financial Services
Artem,Kiselev,Minglvision,
Artur,Hasselbach,orderbird AG,
Asheesh Mani,Jain,Creative Lipi Webtech Pvt Ltd,
Ashwini,Lad,HSBC Bank PLC,Financial Services
Asif,Mashhadi,Project Orient Limited,
Asif,Nadeem,Provident Financial Group UK & ROI,
Aswyn,Saktoe-Veenenbos,T-Mobile Netherlands,
Attul,Sehgal,Red octopus ,
Attul,Sehgal,RED ZEBRA LTD,
Aurélien,Menant,Gatecoin Limited,Financial Services
Avi,Magid,Madsec,
Avtar Matharu,Avtar Matharu,HSBC Bank PLC,Financial Services
Axel,Quignard,EDMI Europe Limited,Energy & Utilities
Aziz,El Melih,ABN Amro Group,Financial Services
Bal,Balaji,SwarmDB,
Bansi,Shah,aSource Global Limited,Consulting
Barry,Childe,HSBC Bank PLC,Financial Services
Barry,Green,Bank of Ireland,Financial Services
Barry,Panayi,Amlin,Retail
Barry,Shrier,Health-Tech Innovation Labs,
Bemal,Patel,Pharmaceuticals Direct Ltd & DHB Oral Healthcare Ltd,
Ben,Dudley,Havas Media,Media
Benjamin,Dives,IdeaFlip,
Benjamin,Mestrallet,Codenvy,
Benjamin,Nortier,Shapesmith Ltd,
Benjamin,Whitby,HSBC Bank PLC,Financial Services
Ben,Read,HSBC Bank PLC,Financial Services
Bernard,Frieder,IWILL - Individuals Working for Internet Liberty & Legality,
Bertrand,Nouvel,WIDE IO,
Bert,van de Haar,ING,Financial Services
Betty,Wilkinson,Charity Chikumbi,
Bhaskar,Dasgupta,HSBC Bank PLC,Financial Services
Bianca,Koenig,Deutsche Telekom AG,Telecommunications
Bilal,Ojjeh ?,Careernomics.com,
Bill,Hutchison,Obrussa,
Bill,Kohler,DENTSU AEGIS NETWORK LTD.,Media
Bill,Limond,Platina Solutions Global Ltd,Consulting
Bill,Morrow (Angels Den),Angels Den,
Bill,Munday,Blendology,
Bill,Wright,Brand Intellect,
Bipin,Sahni,Wells Fargo,Financial Services
Bobby Singh,Sunner,Morpheus Finance Solutions,
Bob,Collymore,safaricom,
Bo,Boisen,HSBC Bank PLC,Financial Services
Boris,Huard,Experian,
Brad,Liebmann,Geocast,
Brennan,Carley,Thomson Reuters,Media
Brian,Bissett,XL Catlin,Financial Services
Brian,Jensen,"OgilvyOne Worldwide, Ltd",
Brigitte,Baumann,Go Beyond,Financial Services
Brijesh,Balakrishnan,MESH The Experience Agency,
Bruce,Walker,WeAreTheFuture,
Bruno,Bonacci,Channel 4,Media
Cahit,Guvensoy,Logo,Solution Provider
Cain,Ullah,Red Badger,
Carlos M.,Mendez,BBVA,Financial Services
Carlos,Oliveira,"HCCM – Outsourcing Investment, SA",Consulting
Carole,McCourt,Sage,
Caroline,Carruthers,,
Caroline,Garnham,Family Bhive,
Caroline,Holt,Attitude Coach,
Carson,Bradbury,ContinuumBridge,
Caspar,Schlickum,Wunderman,
Cedric,Atangana,WeCashUp,
Chandra,Haas,Innovonni R&D Pvt Ltd,
Charles,Blackburn,BrightTALK,
Charles,Cai,BP p.l.c. (Trading Division),
Charles,Delingpole,Comply Advantage,
Charles,Gadalla,SAP,Solution Provider
Charles,Taylor,Debut,
Charlie,Muirhead,Rightster,
Chirdeep Singh,Chhabra,Livyora,
Chloe,Barker,Chloe Barker Interactive Ltd.,
Chris,Ballinger,Toyota Financial Services,
Chris,Cantrell,Limecreek Energy,
Chris,Chittock,Pivot,
Chris,Diehl,The Data Guild,
Chris,Evans,AstraZeneca UK Limited,Healthcare & Pharma
Chris,Hill,Unilever,FMCG
Chris,Huls,COOPERATIEVE RABOBANK U.A.,Financial Services
Chris,Johnson,HSBC Bank PLC,Financial Services
Chris,Jones,HSBC Bank PLC,Financial Services
Christel,Bagger,Nordea Limited,Financial Services
Chris,Thurling,The Green Crocodile Company,
Christian,Eckley,Wise Analytics Group,
Christian,Hoppe,Main Incubator GmbH,
Christian Wiese,Svanberg,Danish National Police,Government
Christian,Young,Intermediated Services Ltd,Media
Christina,Frankopan,Protozoa,
Christine,De Tourniel,BNP Paribas,Financial Services
Christoph,Anhamm,ABN Amro Group,Financial Services
Christophe,Berger,NTT Data,
Christophe,le Lannou,Data Learning,
Christopher,Bannocks  FCMI MIoD,Grasp Associates Limited,
Christopher,Morace,Memery.,
Cian,Burke,HSBC Bank PLC,Financial Services
Ciara,O'Brien,iSave Ireland,
Claes,Calemark,Nordea Limited,Financial Services
Claire,Jessop,Leeds Building Society,Financial Services
Claire,Ruggiero,Lloyds Register,Business Services
Claire,Trachet,wOndary,
Claude,Schneider,Portfora,
Clive,White,RSA,Financial Services
Colin,Hayhurst,University of Sussex,
Colin,Magee,Logical Glue,
Colin,Platt,BNP Paribas,Financial Services
Colin,Shenoy,Bupa,Healthcare & Pharma
Colin,Towers,TowersHolt,
Conor,Ryan,StitcherAds,Solution Provider
Conrad,Ford,Check Business,
Conrad,Jones,Entier Associates Ltd,
Conrad,Poulson,Huq,
Conrad,Wolfram,computerbasedmath.org,
Corey,Cardine,HSBC Bank PLC,Financial Services
Damien,Ducourty,Blockchain Lab,Solution Provider
Dan,Adamson,"Outside Intelligence, Inc",Solution Provider
Dan,Bowyer,Rise To,
Dan,Collier,Elevate Direct,
Daniela,Bartos,Hip Academy,
Daniel,Amsler,Nordea Limited,Financial Services
Daniel,Arrowsmith,LexisNexis,
Daniel,Dinnyes,Barclays Bank PLC,Financial Services
Daniel,Gradenegger,MUUME AG,
Daniel,Koller,UBS Limited,Financial Services
Daniel,Le Couilliard,Future Resources BV,
Daniel,Nelson,Ocado Technology,
Daniel,Ryan,Swiss Re,
Daniel,Thull,Johnson & Johnson,Healthcare & Pharma
Dani,Zargel,ModRoomz: Modular Furniture. Modern Living.,
Dan,Johnson,HSBC,
Dan,Kellett,Capital One,Financial Services
Dan,Klein,Valtech,Consulting
Danny,Gowing,Aviva plc,Financial Services
Danny,Wootton,CGI,Consulting
Dan,Peters,HSBC Bank PLC,Financial Services
Dan,Phipps,HSBC Bank PLC,Financial Services
Dan,West,FCB Inferno,Media
Darran,Tucker,Office for National Statistics,Government
Darren,Armitage,SABMiller plc,FMCG
Darren,Goucher,HSBC Bank PLC,Financial Services
Darren,Scott,HSBC Bank PLC,Financial Services
Darren,Sharma,Frontline Analysts,
Darren,Siddle,HSBC Bank PLC,Financial Services
Dave,Clarke,Benemen UK Ltd,
Dave,Errington,Talis,
Dave,Fleming,Citi,Financial Services
Dave,Gray,Boardthing,
Dave,O'Meara,Photospire,
David,Asfaha,Addison Lee,Consumer Services
David,Barnard,TechSoup Global,Solution Provider
David,Bausola,Philter Phactory,
David,Brain,Edelman,Media
David,Coughlin,Dell EMC,Technology
David,Crisp,Aveillant Ltd,
David,Cunningham,AXA PPP Healthcare,Financial Services
David,Diamond,Getinge Group,Healthcare & Pharma
David,Dunne,Velocidi,
David,Fletcher,MEC,Media
David,Greenwood,Splunk,Solution Provider
David,Hayes,Santander,Financial Services
david,heslop,P3 Ventures,
David,Joyce,Sage,
David,Lais,xWare42 Ltd.,
David,Lais,xWare42 GmbH,
David,Lang,Lloyd's of London,Financial Services
David,Le,Lloyds Banking Group,Financial Services
David,May,Vodafone Group Public Limited Company,Telecommunications
David,Midgley,JCB,Mechanical
David,Naylor,Project X Ltd,
David,Pardoe,Hays,
David,Pears,M&G,Financial Services
David,Rhee,adidas group,Retail
David,Simpson,AstraZeneca UK Limited,Healthcare & Pharma
David,Watkins,RSA,Financial Services
David,Wilton,Admiral Group Plc,Financial Services
Davina,Quarterman,John Wiley and Sons,
Dawid,Konotey-Ahulu,mallowstreet,
Dawn,Rasmussen (Allport),Allport Cargo Services,
Debanan,Pal,Bigcart.com,
Deenar,"Toraskar, CFA",Think Reactive,
Dennis,Howlett,diginomica,
Denys,Medin,RELX Group,Solution Provider
Derek,Dempsey,FICO,
Derek,Tan,Viddsee,
Diana,Dwamena,Mahiri Mobile Services Limited,
Diego,Dalcanto,Enel,Energy & Utilities
Dimitrios,Velmachos,Bupa,Healthcare & Pharma
Dinesh,Dhamija,Copper Beech,
Dipak,Mistry,Acuity Arts Limited,Business Services
Dipl.-Ing.,Andreas Prybila,Vienna Chamber of Commerce and Industry,Government
Dirk,Vollmann,BMW Group,Manufacturing
Dmitry,Gaiduk,CoolTool.com,
Domenico,Picone,BlackRock,
Dominic,O'Neill,Cotham Technologies,
Dominic,Sparkes,Tempero,
Donal,O'Brien,GBST,
Dorian,McCree,Vodafone Group Public Limited Company,Telecommunications
Dougie,Henderson,Visa,
Douglas,Azar,Wealthinitiative,
Doug,MacKay,JFive,
Doug,Ray,Carat,Media
Doug,Richard,School for Startups,
Dr Andrew,"Maynard BA, MA (Cantab) PhD",Trakm8,Solution Provider
Dr. Angel,Gavieiro,Consulting,Consulting
Dr Anil,Ohri,Regent's Park Healthcare,
Dries,de Dauw,AG Insurance,
Dr. Jonas J.,Danzeisen,Venios GmbH,
Dr. Kenny,Tang,Oxbridge Capital,
Dr. Przemyslaw,Rymaszewski,Zurich Insurance Company Ltd.,Financial Services
Dr Robert,Kahn,Corporation for National Research Initiatives,
Dr Vijay,"Patel B.Sc(Pharm) MRPS,GPHC, CCMI, FRSA",waymade plc.,
Eckard,Ritter,Tourismuswerbung Dr. Ritter - Social Tourism Marketing,
Edan,Yago,Epiphyte Corporation,
Eddie,George,NewFinance,
Edgardo,Yu,UN Food Program,
Eduardo,Posch,innogy SE,Energy & Utilities
Ed,Wiley,Sears Holdings Corporation,Retail
Ed,Wrazen,Trillium Software,
Eleanor,Brown,Prudential Plc,Financial Services
Elena,Alfaro,BBVA Data & Analytics,
Elena,Taggart Medo,Medolac Laboratories,
Elias,Haase,bitsilk,
Elisabeth,Ling,Elsevier,Media
Elizabeth,Rossiello,BitPesa,Financial Services
Elliot,Antrobus-Holder,TUI Group,Travel & Leisure
Eloy,Sasot,Sodexo,Manufacturing
Elpiniki,Mylona,Ericsson,Telecommunications
Elzbieta,Tomkiewicz,PwC Polska,
Emil,Eifrem,Neo Technology,
Emily,Mangwela,Charity Chikumbi,
Emma,Ede,M&G,Financial Services
Emma,Jell,Venture42,
Emma,Tottenham,Clydesdale Bank plc (CYBG),Financial Services
Emmet,Keary,CapSo Inc.,Technology
Eng.Nasser H,Saleh,Madfoo3at,
Eoghan,Jennings,Bourbon,
Eran,Cypris,Kohl's Department Stores,
Eric,Barbier,TRANSFERTO,
Erki,Kert,Big Data Scoring,
Erkin,Oksel,Citi,Financial Services
Eulogio,Barragan,GE Capital,Technology
Eurydice,Lafferayrie,JobTeaser.com,Consulting
Eva,Appelbaum,NINE - Nine is not enough,
Evgeny,Vinogradov,Yandex.Money,
Fabio Alexander,Corzo,HSBC Bank PLC,Financial Services
Fadi,Hallak,TDJ Capital,Financial Services
Faith,Forster,Pinipa,
Farhad,Koodoruth,Threepipe,
Farid,Patel,Maersk Line,Energy & Utilities
Ferdinand,De Grijs,ABN Amro Group,Financial Services
Fernando,Campos,Microsoft,Solution Provider
Fernando,Faria,Global Expansion Summit,
Florian,Feiler,JUVARO GmbH,
Florian,Matthes,InfoAsset AG,
Francesca,De Finis,The Coca-Cola Company,FMCG
Francesco,Arci,ARK,
Francesco,D'Orazio,Visual Social Media Lab,
Franck,Nazikian,PROFETERNITY,
Francois,Barthelemy,SETL Development Limited,
Franco,Morra,HSBC Bank PLC,Financial Services
Frank,Geisler,ERPsourcing AG,
Frank,Kelcz,Excelerance,
Frank,Schwab,Fidor TecS AG,
Freddie,McMahon,Anomaly42 Limited,Solution Provider
Fredi,Lienhardt,Swiss Re,
Gabby,Nizri,Ayehu Software Technologies Ltd.,
Gabrielle,Patrick,Epiphyte Corporation,
Gabriel,Ossi,UniCredit,Financial Services
Gareth,Jenkins,Laserbean,
Gareth,Johns,Starcount,Solution Provider
Gareth,Martin,Hewlett-Packard,Technology
Garry,Gomersall,SANUK Enterprises Limited,
Garry,Manser,Visa Europe,
Garry,Williams,Aberdeen Asset Management,Financial Services
Gary,Goldberg,Mizuho International,
Gary,Pogson,Lloyds Register,Business Services
Gary,Wright,B.I.S.S. Research,
Gaurav,Vohra,Jigsaw Academy,
Gauthier,Labalette,PayPal,
Gavin,Nichols,SAP,Solution Provider
Gene,Vayngrib,Traddle,
Genevieve,Kangurs,TSB,Financial Services
Geoff,Cubitt,Isobar U.S.,Media
Geoff,Kates,HTF Resources,
Geoffrey,White,Agility,
George,Dziedzic,Foster MacCallum International Ltd,
Gerlinde,Gniewosz,KO-SU,
Gert,Harren,HolidayCheck AG,
Gianmauro,Calafiore,Amici World School SF,
Giles,Palmer,Brandwatch,
Giles,Pavey,dunnhumby,Media
Gillian,Tomlinson,RSA,Financial Services
Giovanni,Cappola,Enel,Energy & Utilities
Giuseppe,Gaviani,CACI Ltd,
Giuseppe,Vettigli,Cambridge Energy Data Lab,
Goner,Eldan,Mercury Capital inc,
Gordon,Power,Sustainable Technology Investments (Guernsey) limited,
Graeme,Bodys,nooQ,
Graeme,Harvey,Tsumanga Studios,
Graeme,Mcdermott,Addison Lee,Consumer Services
Graeme,Newcomb,Nordea Limited,Financial Services
Graeme,Sherrington,Amlin,Retail
Graham,Sadd,PAOGA Limited,
Grasiela,Tesser,CAKE ERP,
Guenter,Schaertl,Commerzbank AG,Financial Services
Guillermo,Vilarroig,OVERALIA,
Gunnar,Nordseth,Signicat,
Gunnar,Peters,Admiral Group Plc,Financial Services
Guoxian,Yang,CapSo Inc.,Technology
Guy,Hallam,HSBC Bank PLC,Financial Services
Hadi,Barkat,HELVETIQ,
Hamad,Karam,Smart Dubai Office,
Hany,Choueiri,State Street Global Advisors Limited,Financial Services
Harald,Patt,Die AKTIONŰRSBANK Kulmbach GmbH,Financial Services
Harinder,Grewal,Aviva plc,Financial Services
Hariprasad,Akkineni,Barclays Bank PLC,Financial Services
Hari,Sekhon,Investment Bank,Financial Services
Harkirat,Garcha,MotivatePT,
Harpreet,Badhan,Neopost,Manufacturing
Havell,Rodrigues,Adjoint,
Hazim,Sarraf,SNAX,
Heather,Savory,Office for National Statistics,Government
Hein,Brat,Bitbrains IT Services,
Helder,Soares,BancoCTT,Financial Services
Helen,Crooks,Lloyd's of London,Financial Services
Helmut,Sussbauer,Deutsche Telekom AG,Telecommunications
Henning,Large,Giant Swarm,
Henrik,Albertsen,unumed,
Henry,"MacLeod, CFA",UBS Limited,Financial Services
Henry,Peirse,PayDesk,
Hesham,Zreik,LetusCloud,
Hicham,Allouani,Pioneer Investments,Financial Services
Hicham,OUALI ALAMI,Nour Partners,Legal Services
Hiten,Vaghela,TechSoup Global,Solution Provider
Hitesh,Mehta,XMOS Semiconductor Ltd,
Howard,Barber,Standard Life,
Hugo,Porcher,University College London,Education
Hugues,Le Bars,Neopost,Manufacturing
Ian,Findlay,Alitha Ltd,
Ian,Gotts,Q9 Elements,
Ian,Hillier-Brook,MCO Europe Ltd,
Ian,Tinney,NCC,Consulting
Ignacio,Elola Villar,Import.io,Solution Provider
Iqbal,Adjali,LV=,
Irene C L,Ng,"WMG, University of Warwick",
Ismail,Malik,Blockchain Lab,Solution Provider
Jacob,Aruldhas,ECS,
Jaco,Fok,Shell,Energy & Utilities
Jags,Rao,Swiss Reinsurance Company Ltd.,Financial Services
Jalal,Douame,Mashreq,Financial Services
James,Burstall,Argonon,
James,Hanscomb,tenthavenue,Solution Provider
James,McAlister,Winterbourne Healthcare,
James,Ollunga,MediaVest,Media
Jamshed,Hakim,UBS Limited,Financial Services
Jan-Arwed,Richter,JACDEC GbR,
Jan,Geldmacher,Vodafone Group Public Limited Company,Telecommunications
Janos,Barberis,SuperCharger,
Jan,Softa,Somerco,
Jan,von Hofacker,Interim- und Start-up Management,
Jaroslaw,Michalczuk,Atradius,Financial Services
Jason,Levin,Carat,Media
Jason,Purcell,FirstCapital,
Jason,Swift,AstraZeneca UK Limited,Healthcare & Pharma
Javier Domingo,Folgado,RELIANZE Capital,
Jay,Aubby,CBRE,
Jay,Jarrell,"Objectivity, Inc.",
Jay,Patel,Intros.at,
Jay,Patel,IMImobile,
Jay W.,Ireland,GE Capital,Technology
Jean-Jacques,Jouanna,Shell,Energy & Utilities
Jean-Marc,Loingtier,Archimedox,
Jean,Ruiz,International Air Transport Association (IATA),Travel & Leisure
Jean,Ruiz,International Air Transport Association,Travel & Leisure
Jean-Yves,Quentel,Mensia Technologies,
jedidiah,francis,CSC - Computer Sciences Corporation,FMCG
Jeevarathinam,Ravikumar,STANLEY Security,Business Services
Jeffrey,Crelinsten,Research Money,
Jeffrey,Davitz,Lingonautics,
Jem,Lloyd-Williams,Vizeum UK,Media
Jennifer,Arcuri,The InnoTech Network,
Jeremy,Posner,Synechron,
Jerome,Josephraj,Campus Interaction,
Jerry,Bowles,Social Enterprise Today,
Jesper,Andersen,Nordea Limited,Financial Services
Jessi,Baker,Provenance,
Jessica,Galeria,TechSoup Global,Solution Provider
Jesús,Benito,BME,
Jijo,Olassa,Verbat Technologies,
Jim,Aramanda,The Clearing House,
Jim,Moores,McLeod Moores Software Limited,
Jimmy,Hosang,Direct Line Group,Financial Services
Jim,Nadackal,VimpelCom,
Jing,Li,Danone Research,FMCG
João,Pedro Borges,Crédito Agrícola Seguros,Financial Services
Joao,Torres Barreiro,HCL,
Joaquim,Lambiza,ABYPAY,Consulting
Jo,Burns,BluZinc,
Jo,Coutuer,BNP Paribas Fortis,
Joe,Abboud,Abboud & Associates,Legal Services
Joe,Awni,CBD,
Joe,Morrison,Plan UK,Charity & Not For Profit
Joerg,Hoerster,Maravon,
Johan,Vallin,TeliaSonera,
John,Allen,Deutsche Bank AG,Financial Services
John,Caswell,Group Partners,
John,Cronogue,DENTSU AEGIS NETWORK LTD.,Media
John,Flynn,Process Tech Ltd,
John,Gill,HSS,
John,Hanna,Majid Al Futtaim,Consumer Services
John,Hatwell,HSBC Bank PLC,Financial Services
John,Hereward Shaw,Direct Line Group,Financial Services
John,Macpherson,HSBC Bank PLC,Financial Services
John,Moss,IceBlog,
John,Odam-Adjei,Medasi Limited,
John,Roberts,Edapt,
John,Smith,John Smith Plc,Technology
John,Telford,Channel 4,Media
John V,Willshire,Smithery Ltd,
Jonas,De Cooman,Appiness,
Jonas,Lamis,Sensai,
Jonathan,Hodges,Pearson North America,
Jonathan,MacDonald,Thought Expansion Network,
Jonathan,Mansley,Aviva plc,Financial Services
Jon,Catling,Las Vegas Sands Corp.,
Jon,Moxham,British Red Cross,Charity & Not For Profit
Jonny,Britton,Land Technologies,
Jon,Vollemaere ???,R5FX ?????? ??,
Joost,Oorthuizen,IDH The Sustainable Trade Initiative,
Joram,Sengendo,AutoMosys,
Jorge,Pereira,Infosistema,Consulting
Josef,Habdank,Adform Aps,Marketing Agency
Josep,Amoros,Banco Sabadell,Financial Services
Josep,Celaya,Mapfre,
Josephine,Cennamo,DENTSU AEGIS NETWORK LTD.,Media
Joseph,Rice,Twitter,
Josh,Bottomley,HSBC Bank PLC,Financial Services
Joshua,Aburrow-Newman,Markerstudy Insurance,
Joshua,March,Conversocial,
JP,Rangaswami,Deutsche Bank AG,Financial Services
Judith,Clegg,Venturing Unlimited,
Juha,Keski-Nisula,XMLdation Ltd,
Juha,Ylikoski,TeliaSonera Finland,
Jules,Pancholi,www.caduceus.social,
Julia,Kaminski,TUI Group,Travel & Leisure
Julian,Dorado,M&G,Financial Services
Julian,Elliott,DENTSU AEGIS NETWORK LTD.,Media
Julian,Gevers,Lloyds Banking Group,Financial Services
Julian,March,NBC News,
Julian,Wilson,Barclays Bank PLC,Financial Services
Julia,Sutton,HSBC Bank PLC,Financial Services
Julie,Ellneby,Nordea Limited,Financial Services
Julien,Poulat,Natixis Global Asset Management,
Julio,Dal Poz,Statoil ASA,Energy & Utilities
Julio,Valero Gomez,Banco Santander,
Julius,Solaris,Showthemes,
Jusdeep,Parshad,Office for National Statistics,Government
Justin,Conry,Three,
Justin,Cullen,Core Media,Solution Provider
Justin,Urquhart Stewart,Seven Investment Management LLP,
Kamal,krishnaratna,HSBC Bank PLC,Financial Services
Kamran,Elahian,iBRIDGES,
Kantilal,Patel,Department for International Trade,Government
Karen,Stacey,Digital Cinema Media,Media
Kari,Jordan,Shell,Energy & Utilities
Karl,Hoffmann,SAP,Solution Provider
Kash,Jani,HSBC Bank PLC,Financial Services
Kasra,Pezeshki,Artist Preserve,
Kate,Davidson,AXA Group,Financial Services
Katelyn,Hynes,Deutsche Bank AG,Financial Services
Kateryna,Dobrynina,AstraFit,
Kaushalya,Somasundaram,HSBC Bank PLC,Financial Services
Keith,Holmes,RSA,Financial Services
Kemal,Cetin,Diageo,FMCG
Ken,Davey MBA FCMA,Smarter Grower Champagne,
Kestutis,Gardsiulis,Etronika,
Kevin,Mayles,The Open University,Education
Kevin,Smith,Association of Independent Risk & Fraud Advisors,
Kevin,Smith,Willis,
Kevin,Sulley,Thomson Reuters,Media
Keyur,Mehta,Betfair,
Kiefer,Le Moigne,Pollen.,
Kimball,Wilkins,Blue Shield of California,Healthcare & Pharma
Kiran,Ganesh,UBS Limited,Financial Services
Kirill,Pankratov,Zurich Insurance Company Ltd.,Financial Services
Kirit,Ruparelia,Nextgen Clearing,
Kit,Gould,IDG Communications UK,
Kjersten Margaret,Moody,Unilever,FMCG
Klas,Eckervald,Teradata International,
Komal,Joshi,Planned Departure,
Kosta,Peric,Bill & Melinda Gates Foundation,
Kostas,Perifanos,Mail Online at Daily Mail,
Kris,Jack,RELX Group,Solution Provider
Kristian,Monsen,Telia Company (Norway),Telecommunications
Kristina,Collins,Lloyds Banking Group,Financial Services
Kurt,Kammerer,regify SA,
Kyai,Mullei,Mobi Changa Limited,
Kyrre,Finskud,Microsoft,Solution Provider
Lakshmi,Narasimhan,Crayon Data,Solution Provider
lan,Kerr,Bolero International Ltd,
Lara,Korz,Azur Underwriting Limited,Financial Services
Lara,Matthai,Shell,Energy & Utilities
Lars,Ericsson,Nordea Limited,Financial Services
Lars,Kroijer,AlliedCrowds.com,
Lars,Slagboom,ABN Amro Group,Financial Services
Laura,Bond,Alliance Boots GmbH,Healthcare & Pharma
Laura,Jennings,DENTSU AEGIS NETWORK LTD.,Media
Laurence,John,CTRLio,
Lauren,Sager Weinstein,Transport for London,Travel & Leisure
Lawrence,Wintermeyer,Innovate Finance,
Leanne,Kemp,Everledger,
Leda,Glyptis,BNY Mellon,Financial Services
Lee,Bamber,The Game Creators,
Lee,Bryant,Postshift,
Leon,Chaddock,Sentiment,
Leo,Poll,Akendi,
Leo,Ryan,Ogilvy & Mather Advertising,
Lesley,Roe,The Institution of Engineering & Technology,Government
Levent,Ozalp,OPTiiM,Solution Provider
Liam,Hughes,Biggerplate.com,
Linda,Achan,"Portland House.Bg.e,",
Lin,Feng,DealGlobe,Financial Services
Lisa,Jebodhsingh,InterContinental Hotels Group (IHG),
Lisa,Morris Stateman,Twenty Four Seven Sound LLC,
Liz,Rice,Tank Top TV,
Lopa,Patel MBE,Diversity UK,
Lorenzo,DI Paola,Bupa,Healthcare & Pharma
Lorraine,Waters,HSBC Bank PLC,Financial Services
Louise,Gibson-Bolton,IQPC,
Lovleen,Bhatia,Brain4ce Education Solutions (P) Ltd.,
Luca,Benini,1stmpression,Recruitment
Luca,Scagliarini,Expert System USA,
Luciano,Tommasi,Enel,Energy & Utilities
Luc,Machiels,BNP Paribas Fortis,
Lucy,Barbor,DENTSU AEGIS NETWORK LTD.,Media
Lucy,Knight,Devon County Council,Government
Luis,Alvarez Satorre,BT,Telecommunications
Lujza,Bubanova,John Smith,
Luke,Anamourlis,MetLife Alico,
Luke,Dyyas,Quaero Capital,
Lukonga,Lindunda,BONGOHIVE,
Lynne,Innes,Npower,Energy & Utilities
Ly,Tran,"AtHoc, Inc.",
Maciej,Piwoni,Sage,
Madhuban,Kumar,Metafused,
Magda,Piatkowska,Telegraph Media Group,Media
Mahendra,Jape,GE Capital,Technology
Mahesh,Chikodi,Robert Bosch GmbH,Manufacturing
Mahesh,Hariharan,"Xscalo, the Enterprise Technology Marketplace",
Mairi,McInnes,Standard Life,
Malcolm,Salisbury,Shell,Energy & Utilities
Manav,Gupta,Brinc.io,
Manish,Awasthi,SWIFT,Financial Services
Manjit,Rana,TelematicsConnect,
Manoj,Mamachan,Robert Bosch GmbH,Manufacturing
Manuel,Roller,UBS Limited,Financial Services
Manu,Kumar,Vodafone Group Public Limited Company,Telecommunications
Marc,Burkhard,ABN Amro Group,Financial Services
Marcelle,von Wendland,ontofoundry.io,
Marc,Freedman,Revenue Typhoon,
Marc,Nohr,Fold7,
Marco,Essomba,AMPS Intl Limited,
Marc-Olivier,Pittner,local.ch,Consumer Services
Marco,Ottolini,DS Group,
Marco,Rodzynek,NOAH Advisors Ltd. and NOAH Conference,
Marcus,Ansell,Assetopia Inc.,
Marcus,Swanepoel,Bitx,Financial Services
Maria,Buyalskaya,UBS Limited,Financial Services
Maria Eva,Montoro Candela,Santander Bank,
Maria,Lopez Diaz de Revelli,American Express,Financial Services
Mari Anne,Snow,Sophaya,
Maria,Sipka,Linqia,
Marieke,Hensel,MariekeHensel.com,
Marie,Popoff,L'Oreal,FMCG
Marisa,Casale,Enterprise S.p.A.,
Marjan,Bolmeijer,"Change-Leaders.com; Board, CEO and Executive Coaches, Facilitators; Worldwide",
Mark,Anderson,ImpressTV Limited,
Mark,Cross,totnesIT.com,
Mark,Doutre,AMD Research & Design,
Mark G.,Hollo,The Fund LLC,
Mark,Howden,ICBC Standard Bank,Financial Services
Mark,Hunter,Sainsbury's Bank,Financial Services
Mark,Musson,HSBC Bank PLC,Financial Services
Mark,Oddi,MysteryShoppa Ltd,
Marko,Djukic,Hents_,
Mark,O'Neill,Government Digital Service,
Mark,Ramsey,GlaxoSmithKline,Healthcare & Pharma
Mark,Say,Volkswagen Group,
Mark,Seemann,SYNETY Group plc,
Mark,Whitehorn,the University of Dundee,
Mark,Worrall,Estates Investment Exchange,
Marta,Krupinska,Azimo - Send Money for Less!,
Martin,Bellin,BELLIN,
Martin,Ferro-Thomsen,Conferize,
Martin,Glassborow,Sky,Media
Martin,Mackay,Experior,
Martin,Mitchell,M&G,Financial Services
Martin,MŸller,Service Management Partners,
Martin,Ratolistka,Kiwi.com,Travel & Leisure
Mathew,Lown,TFT,Consulting
Matt,Bray,retireoo,
Matt,Carter,Message House,
Matteo,Rizzi,FinTechStage Limited,
Matthew,Cossor,TP ICAP,Financial Services
Matthew,de la Hey,inploi,
Matthew,Guild,Co-Work Space LLP,
Matthew,Keylock,"Mars, Incorporated.",FMCG
Matthew,Lawrey-Baker,St Andrew's Healthcare,Healthcare & Pharma
Matthew,Salzmann,Pfizer,Healthcare & Pharma
Matthew,Truman,TrueStart,
Matthew,Yeomans,Sustainly,
Matt,Hobby,Elsevier,Media
Matt,Miller,DENTSU AEGIS NETWORK LTD.,Media
Matt,O'Donnell,Venn Financial Limited,
Matt,Ranta,Arrow Electronics,Technology
Maurizio,Pilu,Lloyds Register,Business Services
Maxim,Surov,Danone Research,FMCG
Max,Jolly,Vodafone Group Public Limited Company,Telecommunications
Max,Kalis,Lloyds Banking Group,Financial Services
mayank,shah,Minority Supplier Development UK,
Mayur,Halai,Deutsche Bank,
Meera,Mistry,HSBC Bank PLC,Financial Services
Megan,Goodwin-Patel,Interactive Rights Management Ltd,
Mehmet,Cemal,UBS Limited,Financial Services
Mehul,Patel,OUTPERFORM.MARKET,
Melissa,Grant,Prudential Plc,Financial Services
Meredith,Ross,Credit Suisse Group,Financial Services
Mia,Farlam,Xerox Corporation,
Mia,Lewin,"KONTOR, Inc.",
Michael,Baas,DLS Software & Beratung GmbH,
Michael,Bührer,UBS Limited,Financial Services
Michael,Cutler,TUMRA,Solution Provider
Michael,Foley,EMC,
Michael,Hill-King,Huawei,Technology
Michael,McTernan,CEO Collaborative Forum,
Michael,O'Donohue,British Gas,
Michael,Ridley,Exterion Media,Media
Michael,Schroff,SV SparkassenVersicherung AG,Financial Services
Michael,Servaes,Army,
Michael,Willmott,Knodium,
Michael,Wolff,Conscious Evolution Coaching CIC,
Micha,Hernandez van Leuffen,Wercker,
Michel,Akkermans,Pamica NV,
Michel,Bielecki,Swispon,
Michelle,Teufel,Arrow Electronics,Technology
Michelle,Woodward Hodges,See Girl Be,
Mickael,Wituski,TPSA (Orange Poland),
Mick,Horgan,Nous Global Markets,
Mike,Driver,Company Directors Networking,
Mike,Edwards,Meteor Power,
Mike,Grant,Veeemotion,
Mike,Hearn,HSBC Bank PLC,Financial Services
Mike,Hyde,Facebook,Media
Mike,Keig,West Bromwich Building Society,
Mike,Merritt-Holmes,Big Data Partnership,
Mike,O'Donohue,Camelot,Consumer Services
Mike,Ryan,Fledgg,
Mike,Sigal,Cashflower (formerly Agile Credit),
Mike,Southon,Beermat Events,
Mike,Stanley,NFU Mutual,
Mike,Vieyra,Skyler Technology Europe Ltd.,
Mike,Young,DENTSU AEGIS NETWORK LTD.,Media
Mikkel,Dissing,Pan!cGuard,
Milind,Kamkolkar,Novartis,Healthcare & Pharma
Mitul Jay,Patel,SportingPortal,
Monica,Cardoso Salgado,John Lewis Partnership,
Monica,Gargantini,Pirelli,
Moshe,Rasis,DENTSU AEGIS NETWORK LTD.,Media
muriel,dutheil-petiot,AWP,
Musaifer,Alosaimi,HSBC Bank PLC,Financial Services
Naga,moparthy,London,
Naim,Kazmi,Lloyds Banking Group,Financial Services
Naomi,Bowman,HSBC Bank PLC,Financial Services
Nash,Patel,Sainburys,Retail
Natalino,Busa,ING,Financial Services
Natalya,Akentyeva,JSC 'Altyn Bank' SB of JSC 'Halyk Bank',Financial Services
Natasha,Guerra,Task Firm,
Nathan,Barling,iProspect (Dentsu Aegis Network),Media
Naveen,Takiar,Kestrel Capital Ltd,
Nav,Nair,Burberry,FMCG
Neeraj,Agarwal,Tea People,
Neil,Costello,Aviva plc,Financial Services
Neil,Ellis,Cazcade Ltd.,
Neil,McEvoy,Cloud Best Practices Network,
Nelson,Holzner,BillPay,
Niall,Cameron,HSBC Bank PLC,Financial Services
Niall,O'Gorman,Mondelez International,FMCG
Nicholas,Halstead,DataSift,
Nicholas,Russell,We Are Pop Up // Ephemeral Labs Limited,
Nick,David,Shell,Energy & Utilities
Nick,Doddy,Deutsche Bank AG,Financial Services
Nick,Grove,NXT 2 PAY,
Nick,Sawyer,Sainsbury's,Retail
Nick,Williamson,"Pythia, Limited",
Nick,Wood,Resonance Asset Management,
Nicky,Cotter,FinTech50 & FinTechCity,
Nicola,Horlick,Money&Co,
Nicolas,Arbogast,BANGKOK BANK PUBLIC COMPANY LIMITED,Financial Services
Nicolas,Koechlin,OTCX,
Nic,Orton,BNP Paribas Personal Finance,Financial Services
Nigel,Davis,Willis,
Nigel,Fulton,Fulton Umbrellas,
Nigel,Matthews,HSBC Bank PLC,Financial Services
Nigel,Russell,Yin Yang,
Nigel,Warwick,Nigel Warwick & Company,
Nigel,Woodward,WW Financial Market Services ltd,FMCG
Nikita,Dobrynin,AstraFit,
Nikola,Drpic,C&I Ltd.,
Nikola,Tchouparov,Tramonex,Financial Services
Nirali,patel,AXA PPP Healthcare,Financial Services
Nirish,Mathias,Trouver Inc,
Nish,Kotecha,Geosansar,
Noel,"Espinosa, CFA MBA CPA","EdTech, FinTech, HealthTech",
Nora,Volger,My InstaCare,
Norma,Dove-Edwin,British American Tobacco,FMCG
Norman,Stuertz,Credit Suisse,
Nuno,Job,Yld.io,
Nzube,Ufodike,Amoo Venture Capital Advisory,
Odera,Ume-Ezeoke,Viewsy,
Oleksandr,Dyklevych,Ferratum Group,Financial Services
Oleksandr,Pryymak,Facebook,Media
Olga,"Kostrova (LION 10,000+)",The Couple's Business,
Oliver,Rockstein,Tele 2 Germany,
Oliver,Thylmann,Giant Swarm,
Olof,Pripp,Korn Ferry,
Olu,Odeniyi,Maidenhead and District Chamber of Commerce Limited,
Omar,Imtiaz,Abu Dhabi Capital Partners Plc,Financial Services
Ondrej,Citek,Semanta s.r.o,Solution Provider
Or,Barmatz,Epiphyte Corporation,
Or Daniel,Barmatz,Epiphyte Corporation,
Owen,Williams,Statoil ASA,Energy & Utilities
Pal,Bhusate,Kinseed,Solution Provider
Pandora,Edmiston,Glentham Capital Limited,
Paolo,Petronio,Globia Network,
Paresh,Davdra,RationalFX,
Parveen,Downer,Harley Academey,
Pascal,Aerens,FircoSoft,
Pascale,RONDEAU,Danone Research,FMCG
Patrice,Mantey,Virgin Fly,Aviation
Patricia,Poku,World Vision International,Charity & Not For Profit
Patrick,De Schutter,OBJEKTEN,
Patrick,Desmares,Efma,
Patrick,Kerpan,Cohesive Networks,
Paul,Bain,"PrimeRevenue, Inc.",
Paul,Berrow,Wandering Star Pictures,
Paul,Brook,Dell EMC,Technology
Paul,Campbell,BANGKOK BANK PUBLIC COMPANY LIMITED,Financial Services
Paul,Collins,Spica Technologies Ltd,
Paul,Cullender,HSBC,
Paul,Dale,DENTSU AEGIS NETWORK LTD.,Media
Paul,Docherty,i-nexus,
Paul,Dowling,HoxTech Angels,
Paul,Gordon,quantave,
Paul,Heybourne,Aviva plc,Financial Services
Paul,Jolly,modelogiq GmbH,
Paul,Jones,Barclays Bank PLC,Financial Services
Paul,Kullich,TUMRA,Solution Provider
Paul,Linnane,Utiligroup,
Paul,Maher,Positive Marketing,
Paul,Metzgen,Silicon Tailor,
Paul,Missio,Lend2Fund,
Paulo,Saraiva dos Santos,Statistics Portugal,Solution Provider
Paul,Phelan,Salmon Technologies,
Paul,Renner,KYCMap,
Paul,Surtees,Platfi,
Paul,Utting,HSBC Bank PLC,Financial Services
Paul,van Haver,TechSoup Global,Solution Provider
Paul,White,Royal Mail,Consumer Services
Paul Zollinger-Read,Cbe,Bupa,Healthcare & Pharma
Pawel,Widawski,Fintech Polan,
Pee,"Amoo-Gottfried, PMP",UBS Limited,Financial Services
Penny,Maystone,Capita Employee Benefits,
Penny,Power OBE,The Business Cafe,
Pete,Burden,Conscious Business UK,
Pete,Marsden,Aviva plc,Financial Services
Peter A,Jensen,Finclusion Partners,
Peter,Atkinson,UBS Limited,Financial Services
Peter,Bauer,Mimecast Ltd,
Peter,Curtis,The Insight Gap,Consulting
Peter,Enright,Cambridge University Press,Education
Peter,Grant,CloudApps,
Peter,Jackson,The Pensions Regulator,Financial Services
Peter,Neubauer,Mapillary,
Peter,Randall,setl.io,
Peter,Serenita,HSBC Bank PLC,Financial Services
Peter,Wilson,CareMesh,
Peter,Yared,Sapho,
Phil,Archer,W3C,
Philip,Gunn,AIB Merchant Services,Financial Services
Philip,Letts,blur Group,
Philip,Mossop,Ginger,
Philippa,Gogarty,Micro Scooters Ltd,
Philippe,Barbe,HSBC Bank PLC,Financial Services
Philippe,Barbe,HSBC Bank PLC,Financial Services
Philippe,Barbe,HSBC Bank PLC,Financial Services
Philippe,Castelanelli,HSBC Bank PLC,Financial Services
Philippe,Ruault,BNP Paribas Securities Services,Financial Services
Philipp,Schloter,ABUKAI,Solution Provider
Philip,Treleaven,University College London,Education
Phillip,Hofmeyr,TopspinPro,
Phillip,Radley,BT,Telecommunications
Phil,Martucci,AstraZeneca UK Limited,Healthcare & Pharma
Phil,Mochan,Randicoot,
Phil,Wainewright,diginomica,
Phil,Yeoman,The Pensions Regulator,Financial Services
Phil,Zamani,Stealth Mode Mobile Startup,
Pierre,du Toit,Vitality (UK),
Piers,Stobbs,Moneysupermarket Group,Financial Services
Piethein,Strengholt,ABN Amro Group,Financial Services
Piotr,Piskorski,Nordea Limited,Financial Services
PJ,Bezuidenhout,WesBank,Financial Services
PJ,Di Giammarino,JWG,
Poonam,Marwah,Vyomo,
Prem,Gyani,Social Outsourcing CIC,
Prem Kumar,Chowdhary,Finalytics LLC,
Pritesh,Chauhan,GSMA,Telecommunications
Prodosh,Banerjee,Safe Swiss Cloud AG,
Raghav,Mimani,Nischint Technologies Limited,
Rainer,Weissenberger,YAVEON AG,
Rajan,Pandhare,Irene Healthcare,
Rajdeep,Mukherjee,Zurich Insurance Company Ltd.,Financial Services
Rajendra,Goswami,Robert Bosch GmbH,Manufacturing
Raju,Indukuri,Mtuity,
Raman,Bhatia,HSBC Bank PLC,Financial Services
Ramaprasanna,Chellamuthu,"Calicom, Inc",
Ramesh,Bhandari,Etisalat,Telecommunications
Ramesh,Kumar,zakipoint health,
Randall,Helms,Viewster,
Randy,Silver,HSBC Bank PLC,Financial Services
Rao,Murtaza Hashim Khan,VimpelCom,
Rasha (Sa_d),Khawaja,Toucan Ventures.,
Rashpal,Sidhu,Vision Express Limited,
Raul,Cruces,Santander,Financial Services
Raveendra,Bharadwaj,Deutsche Bank AG,Financial Services
Ravi,Bhatt,Santander,Financial Services
Ravinder,Bhadhal,Man,Financial Services
Ray,Blackman,The Bridgehammer Partnership,
Raymond,Ban,Diamis,Solution Provider
Redg,Snodgrass,ReadWrite,
Redwan,Zeroual,Statoil ASA,Energy & Utilities
Reinhold,Hafner,risklab,
Remi,Bourrette,HSBC Bank PLC,Financial Services
Rene,Honig,Shell,Energy & Utilities
Renjit,Philip,Al-Futtaim Group,Consumer Services
Rex,Issac,UBS Limited,Financial Services
Reza,Khorshidi,AIG Europe Limited,Financial Services
Rhodri,Rees-Jones,UBS Limited,Financial Services
Riaz,Kanani,BlooIgloo,
Riaz,Khan,vizaviva,
Richard,Benjamins,Telefonica,Telecommunications
Richard,Davis,DENTSU AEGIS NETWORK LTD.,Media
Richard,Edwards,DataShaka,
Richard,Ellison,CYBG (Clydesdale Bank),
Richard,Hart,Tyco Fire & Security,
Richard,Morton,UBS Limited,Financial Services
Richard,Nicholson,Paremus Ltd,
Richard,Pilling,Intel Corporation,Solution Provider
Richard,Porter,AstraZeneca UK Limited,Healthcare & Pharma
Richard,Shelton,Auto Trader,
Richard,Walsh,Looking for my next opportunity,
Rick,Avis,UBS Limited,Financial Services
Rick,Robinson,Amey,
Riikka,Turunen,Sanoma,
Rina,Pathare,Ferociously Engaging Solutions,
Rita,Usanga,InvestWell Africa,
Rizwan,Khan,Branch Productions,
Robert,Bell,The KlickEx Group,
Robert,Lee,Lloyds Banking Group,Financial Services
Robert,Leslie,Sedicii,
Robert,Michael,Carillion,
Roberto,Maranca,GE Capital,Technology
Roberto,Tan,Adgrab (Pte. Ltd.),
Robert,Sams,Clearmatics,
Robert,Slagter,Enterprise Web Industry Forum,
Robert,Voyce,HSBC Bank PLC,Financial Services
Rob,French,Shell International,
Rob,Gurner,DENTSU AEGIS NETWORK LTD.,Media
Robin,Alter,Swapdom,
Robin,Stagg,Allianz Group,Financial Services
Rob,Wijhenke,ABN Amro Group,Financial Services
Rod,Beckstrom,Rod Beckstrom Group Inc,
Rod,Moyse,Aviva plc,Financial Services
Rodney,Whale,GSK,
Roger,Hamilton,Entrepreneurs Institute,
Roger,Townsend,EDF Energy,Energy & Utilities
Roland,Klemann,Cisco Systems,
Roland,Schwinn,Eurex Clearing Asia Ltd. (Deutsche Borse Group),Financial Services
Roman,Stanek,GoodData,
Romi,Stein,OpenLegacy Inc.,
Ronald,Akkermans,UBS Limited,Financial Services
Rory,O'Grady,The World Weekly,
Ross,Macdonald,APIO Limited,
Ross,McEwan,CYBG plc,
Ross,McLachlan,Hargreaves Lansdown,Financial Services
Rowena,Parsons,Sony Computer Entertainment Europe,Media
Royce,Murphy,Velocity Sports Cycling,
R. Paul,Singh,"Espresso Logic, Inc.",
"R ""Ray""",Wang,Constellation Research,
Ruediger,Schoenbohm,Robert Bosch GmbH,Manufacturing
Rui,Silva,"Net Plan-Telecomunicaqges e Energia, S.A. Centro Empresarial de Telheiras",Telecommunications
Rupe,Mann,Knowhowmart Ltd,
Russell,Alton,Statoil ASA,Energy & Utilities
Russell,Marsh,Process Excellence Network (PEX Network - a division of IQPC),
Rutang,Thanawalla,HSBC Bank PLC,Financial Services
Ryan,Shaw,Shoreditch LTD,
Sabin,Carantina,Transfond S.A.,Financial Services
Sacha,Vekeman,Green IT Globe,
Saffron,Prior,AstraZeneca UK Limited,Healthcare & Pharma
Saher,Arar,National Bank of Abu Dhabi,Financial Services
Sahil,Verma,Regus,
Sai,Gundavelli,Solix Technologies,
Sajeed,Sacranie,Kaizer Chiefs Mobile,
Saloni Bajaj,Singh,Progressive Revision Clinics,
Samantha,Scobie,HSBC Bank PLC,Financial Services
Samer,Karam,Startup Megaphone,
Sam,Keegan,"Kraft Foods Global, Inc.",FMCG
Sam,Sethi,Bagzee,Technology
Samuel,Benson,Lidl UK,Retail
Sam,Williams Thomas,OgilvyOne London,
Sandeep,Bathina,StockViews,
Sanjay,Kharole,HSBC Bank PLC,Financial Services
Santhosh,Pillai,ABN Amro Group,Financial Services
Sarah J,Wadham,Aphrodite Angels,
Sara,Howers,Simply Business,
Sarajit,Mitra,Acumetric Analytics,Solution Provider
Sarvesh,Kumar,Singular Intelligence Limited,
Sascha,Koehler,ABN Amro Group,Financial Services
Saurav,Chopra,Huddlebuy Limited,
Scarlett,Sieber,Infomous,
Scott,Clendaniel,MarketOne International,
Scott,Krueger,Skyscanner,
Seamus,Murphy,AIB Plc,Financial Services
Sean,Cornwell,Travelex,Financial Services
Sean,Hayes,Incisive Media,Media
Sean,Ronan,AUDIO NETWORK LIMITED,Media
Sebastian,Bürgel,Validity Labs AG,Consulting
Sebastião,de Lancastre,ABYPAY,Consulting
Senol,Aloglu,CREDIT EUROPE BANK N.V.,Financial Services
Serge,Taborin,Aviva plc,Financial Services
Serge,Youssoufian,Edealweb,
Sergio,Loureiro,SecludIT,
Sevag,Balkorkian,Isharat,
Shafi,Ahamed,Tecknodreams,
Shahin,Nassiri,Barclays Bank PLC,Financial Services
shamir,segal,GSTAT Software solutions,
Shane,Lamont,HSBC Bank PLC,Financial Services
Shane,Williams,UBS Limited,Financial Services
Shannon,Walker,Deutsche Bank AG,Financial Services
Sharon,Keogh,AIB Plc,Financial Services
Sharon,Palmer,Willis,
Shaun,Waterman,Royal Bank of Scotland,Financial Services
Shaymoly,Mukherjee,Catalyst Housing Group,Consumer Services
Sheetal,Walsh,Shanti Life,
Shirley,Palmer,Shirley Palmer International Ltd,
Shrikesh,Pabari,UBS Limited,Financial Services
Shuai,Yuan,MediaGamma,Media
Siddharth,Jhunjhunwala,Web Spiders Group,
Silvina,Arce Gil,Santander Bank Spain,
Simon,Fowles,BT,Telecommunications
Simon,Grice,iNeed Limited,
Simon,Hill,Wazoku,
Simon,Leloutre,RueCentrale,
simon,north,North & Co Communications,
Simon,Redfern,TESOBE / Open Bank Project / Music Pictures Ltd,Financial Services
Simon,Young,Link Financial,Financial Services
Sivan,Bender,SlidePiper,
Sjaun,Wong,Comic Relief,
Skander,Ben Mansour,Mindshare,Media
Sol,Jeewa,Soloman Associates,
Somita,Yogi,Royal Mail,Consumer Services
Sophia,Wikander,Nordea Limited,Financial Services
Sophie-Charlotte,Moatti,Products That Count,
Sorina,Bera,Allevo,
Sridhar,Krishnan,Xurmo Technologies Pvt Ltd,
Srikanth,SESH,SmartConnect Technologies,
SriSatish,Ambati,H2O (0xdata),
Stacey,Skidmore,Peoples Holdings,Solution Provider
Stefan,Brausam,Putzmeister Engineering GmbH,Manufacturing
Stefan,Franczuk,Cognizant Technology Solutions,
Stefan,Hendrickx,Ancoa,
Stefania,Vigna,Intesa Sanpaolo,
Stephan,Den Hengst,Nederlandse Politie,Government
Stephane,Auger,Danone Research,FMCG
STEPHANE,PERE,The Economist,Media
Stephen,Bayly,HSBC Bank PLC,Financial Services
Stephen,Bayly,HSBC Bank PLC,Financial Services
Stephen,Magora,Credit Suisse,
Stephen,Newberry,GREAT ORMOND STREET HOSPITAL CHILDREN'S CHARITY,
Stephen,Swindon,Basemap Ltd,
Steve,Boland,INTERSERVEfm LTD,
Steve,Gibson,Euclid Opportunities,
Steve,Ingram,Vision Express Limited,
Steven,Bennett,Lloyds Banking Group,Financial Services
Steven,Collings,Zoopla Property Group,
Steven,Hedges,Deutsche Bank AG,Financial Services
Steven,Hutt,Maxeler Technologies,Solution Provider
Steven,O'Connor,"American International Group, Inc.",
Steven,Pimblett,wejo ltd,Solution Provider
Steven,Quinby,Network Rail,Travel & Leisure
Steven,Simon,SAP,Solution Provider
Steven,Weiss,CRISTi - Exchange platform,
Steven,Woodward,AstraZeneca UK Limited,Healthcare & Pharma
Steve,Ross-Talbot,Qualit-E - a Cognizant funded business unit,
Steve,Shepherd FBCS CITP (@CityArchitect),Hydraweb Limited,
Steve,Vanourny,State Street Global Advisors Limited,Financial Services
Steve,Van Rensburg,Rensco LTD,
Steve,Wakefield,Aviva plc,Financial Services
Steve,Wright,John Lewis Partnership,
Stijn (Stan),Christiaens,Collibra,
Stuart,Buckland,UBS Limited,Financial Services
Stuart,Gillies,Credit Suisse Group,Financial Services
Stuart,McClean,Purple,
Stuart,Pearson,Aimia Inc,
Sunil,NIGAM,Expense On Demand and Solo Expenses,
Suraj,Nittoor,HSBC Bank PLC,Financial Services
Suresh,Amerasekera,PAN OCEANIC BANK LIMITED,Financial Services
Suresh,Narasimha,telibrahma,
Surinder,Kooner,Allianz Group,Financial Services
Susanne,Chishti,FINTECH Circle Innovate,
Susan,Wegner,Deutsche Telekom AG,Telecommunications
Sven,Denecken,SAP,Solution Provider
Syed,Moonis,EnterCard,Financial Services
Takeshi,Takahashi,ITOCHU Corporation,
Tanya,Goshiy,AssessTech,Solution Provider
Tarill,Baker,HSBC Bank PLC,Financial Services
Tariq,Rasul,HSBC Bank PLC,Financial Services
Ted,Elliott,Jobscience,
Terry,Golding,AXA Group,Financial Services
Terry,Paleologos,Veon,
Teun,Van Den Dries,OfficeRank,
Tharinda,Premasiri,Robi Axiata Limited,Telecommunications
Thomas,Labenbacher,VCE,
Thomas,Lee-Warren,Royal Mail,Consumer Services
Thomas,Lidforss,CEOHelps.com,
Thomas,Muller,Systemica AS,
Tilo,Nirk,Daimler,
Tim,Collins,HSBC Bank PLC,Financial Services
Tim,Decker,HSBC Bank PLC,Financial Services
Tim,Hart,UBS Limited,Financial Services
Tim,Miller,HSBC Bank PLC,Financial Services
Timor,Ahmad,Lloyd's of London,Financial Services
Timothy,Bosworth,HOXTON NORTH,
Timothy,Krysiek,Statoil ASA,Energy & Utilities
Timothy,Llewellynn,nViso,
Tim Pat,Dufficy,ServerSpace Limited,
Tim,West,Towerstone Partners Limited,
Tobias,Paulun,EEX,Energy & Utilities
Toby,Beresford,Rise.global,
Toby,Woolfe,International Business Machines,
Tomas,Barta,Semanta s.r.o,Solution Provider
Tomas,Gonsorcik,VML,Media
Tom,Beattie,British Gas,
Tom,Betts,Financial Times,Media
Tom,Buschman,EDGE International,
Tom,Callaert,SOCIETY FOR WORLDWIDE INTERBANK FINANCIAL TELECOMMUNICATION SCRL,Financial Services
Tom,Carey,Broadridge Financial Solutions,Solution Provider
Tom,Channing,Sony Mobile Communications,Technology
Tom,Dalglish,SmartStream Technologies,Solution Provider
Tom,Kuhn,Co-Work Space LLP,
Tom,Maddocks,Media Training Associates,Media
Tommy,Parker,Ki Performance,
Tom,Penney,London Borough of Merton,
Toni,Hopponen,Flockler,
Tony,Aug,Arrow Electronics,Technology
Tony,Brooks,HSBC Bank PLC,Financial Services
Tony,Chau,UBS Limited,Financial Services
Tony,Fish,Fab Lab London,
Tony,Gosling,,
Tony,Jaskeran,GroupM,Media
Tracy,Worcester,Farms Not Factories,
Trevor,Hunt,MUFG Investor Services,Financial Services
Trevor,Oakley,zillerium,
Tristan,Pelloux,Clydesdale Bank plc (CYBG),Financial Services
Tuen Van,Den Dries,Office Rank,
Uday,Odedra,UBS Limited,Financial Services
Udo,Ferschen,Personal Branding - Secret of Success,
Udo,Wuertz,Fujitsu Technology Solutions GmbH,Solution Provider
Ulla,Kruhse-Lehtonen,Sanoma,
Ulrich,Jaerkel,Gizmo Management GmbH,
Ulrik,Andersen,Nordea Limited,Financial Services
Umran,Rafi,St Andrew's Healthcare,Healthcare & Pharma
Usha,Ananthasubramanian,PUNJAB NATIONAL BANK,Financial Services
Veena,Dhillon,PayPal,
Vic,Shroff,AirFind,
Victor,Hu,QBE Insurance,
Vignesh,Raja,Viktor Koenig,
Vihang,Shah,TUI Group,Travel & Leisure
Vincent,Boon,Standing on Giants a Telefonica Digital Company,
Vishal,Mallick,Performance Buildings AG,Technology
Vittorio,Guerci,RS Components,
Vivek,Mahajan,Statoil ASA,Energy & Utilities
Vivek,Ramachandran,HSBC Bank PLC,Financial Services
Vivek,Subramanyam,Technology Holdings Worldwide,
Vivian,"Norris, PhD",Vigilante VNM Productions,
Vladislav,Danilenko,Avon,FMCG
Vlasios,Vasileiou,Zopa,Financial Services
Volker,Bott,Deutsche Bank AG,Financial Services
Wade,Munsie,Royal Mail Group,
Walter,Meister,Qontis AG,
Waman,Kulkarni,Liberty Commodities,Financial Services
Warren,Bond,Matchi,
Wayne,Shields,PLITZS Fashion Marketing,
Wilfried,Pimenta de Miranda,Alpha Venturi,Consulting
Will,Broome,Londonlaunch,
William,Genovese,Huawei,Technology
William,Nash,Kwori,Consulting
Wilmer,Peres,RB,
Wissam,Sabbagh,Mango Molo,
Xavier,de Lecaros-Aquise,Marley Spoon,
Yacine,Terai,Coinsilium,
Yannick,Lefang,Kasi,
Yann,Ruello,Orange,Telecommunications
Yehuda,Hofri,Via.io,
Yemi,Fagbenro,Diageo,FMCG
Yuanyuan,Liu,AIG Europe Limited,Financial Services
Yuri,Sebregts,Shell,Energy & Utilities
Zaituna,Shah,World Congress Overseas Pakistanis,
Zaka,Mian,Lloyds Banking Group,Financial Services
Ze'ev,Rozov,RewardPod,
Ziad,Albayati,MapR Technologies,Solution Provider
Zog,Gibbens,Alliance Boots GmbH,Healthcare & Pharma
