NAME,ORGANIZATION,FUNNEL,PHASE,EXPECTED CLOSE DATE,OWNER,GBP VALUE,STATUS,WEIGHT
API Crypto Exchange Developement,Alpine Group,Consulting,Prospect,2019-02-28 00:00:00,Alpesh Doshi,100000,none_upside,0.1
Bank Frick ,Bank Frick,Ventures,Interested,2019-01-10 00:00:00,Alpesh Doshi,0,none,0.2
Bitfinex Partnership for Cortice,Ethfinex,Ventures,Prospect,2018-11-30 00:00:00,Alpesh Doshi,0,none_upside,0.1
BlackCrest,Blackcrest (RCP Finance),Investors,In contact,2018-09-12 00:00:00,Alpesh Doshi,250000,none,0.25
Blockchain and data Platform ,Preqin Solutions,Consulting,Prospect,2019-01-31 00:00:00,Alpesh Doshi,50000,none_upside,0.1
Blockchain Consulting,GSK,Consulting,Prospect,2018-11-16 00:00:00,Alpesh Doshi,250000,none,0.1
Blockchain Exchange Build,Plutus Partners,Consulting,Proposal,2019-03-11 00:00:00,Alpesh Doshi,250000,none_upside,0.6
Blockchain Joint Venture,Doozee,Ventures,Interested,2018-04-29 23:00:00,Alpesh Doshi,500000,none,0.3
Blockchain Network build,GENERA GROUP,Consulting,Prospect,2018-04-29 23:00:00,Alpesh Doshi,250000,none,0.1
Blockchain Platform Build,LBMA: Gold Bar Integrity,Consulting,Prospect,2018-11-30 00:00:00,Alpesh Doshi,250000,none,0.1
Blockchain POC,Sainsbury's,Consulting,Qualified,2019-04-12 00:00:00,Alpesh Doshi,250000,none,0.3
Blockchain - Real Estate Tokenization,UKDE Limited,Cortice,Prospect,2019-02-28 00:00:00,Alpesh Doshi,0,none_upside,0.1
Blockchain Training,VMware,Consulting,Interested,2019-01-31 00:00:00,Alpesh Doshi,200000,none_upside,0.2
Coin Analyst ,Coin Analyst,Consulting,Interested,2019-01-15 00:00:00,Alpesh Doshi,0,none,0.2
Cortice - Investment,coinIX,Investors,Information Exchanged,2018-11-29 23:00:00,Alpesh Doshi,500000,none_upside,0.3
Da Vinci Capital - Intelligence Offering,Da Vinci Capital,ARCHIVE 2,Prospect,2018-03-23 11:36:20.466536,Alpesh Doshi,3000,none,0.1
Dell EMC,Dell EMC,Consulting,Prospect,2019-01-15 00:00:00,Alpesh Doshi,32000,none,0.1
Digital Asset Exchange ,Barbados Stock Exchange Inc.,Consulting,Proposal,2019-03-19 00:00:00,Alpesh Doshi,110000,none_upside,0.6
EcoBank - 4HQ,Ecobank Transnational Incorporated,ARCHIVE 2,Prospect,2018-03-23 11:36:50.822462,Alpesh Doshi,0,none,0.1
Evonik Industries AG - Intelligence Offering,Evonik Industries AG,ARCHIVE 2,Prospect,2018-03-23 11:36:06.292659,Alpesh Doshi,3000,none,0.1
Falcon Bank,Falcon bank,Ventures,Interested,2019-01-21 00:00:00,Alpesh Doshi,0,none,0.2
Faurecia - Intelligence Offering,Faurecia,ARCHIVE 2,Prospect,2018-03-23 11:36:10.264757,Alpesh Doshi,3000,none,0.1
FGL Investment,Bayshore Capital Advisors LLC,Investors,In contact,2018-10-31 00:00:00,Alpesh Doshi,3000000,none,0.1
Fidelity - Fintricity Intelligence,Fidelity International,ARCHIVE 2,Prospect,2018-03-23 11:31:08.500874,Alpesh Doshi,0,none,0.1
Fintricity Venture Fund,Endeavour Ventures,Investors,In contact,2018-08-30 23:00:00,Alpesh Doshi,10000000,none,0.1
First Capital - FourHQ,First Capital,ARCHIVE 2,Prospect,2018-03-23 11:36:02.668761,Alpesh Doshi,0,none,0.1
Glacex - Intelligence Offering,GLACEX,ARCHIVE 2,Prospect,2018-03-23 11:34:36.160081,Alpesh Doshi,3000,none,0.1
Grandall Investment Group - Intelligence Offering ,Grandall Investment Group,ARCHIVE 2,Prospect,2018-03-23 11:34:38.646906,Alpesh Doshi,3000,none,0.1
GRE Capital,Property Portfolio & Investor Group,Areno,Prospect,2018-06-29 23:00:00,Alpesh Doshi,1000000,none,0.1
Hotelbeds - Fintricity Intelligence,Hotelbeds Group,ARCHIVE 2,Prospect,2018-03-23 11:35:52.154318,Alpesh Doshi,72000,none,0.1
HSBC bank - 4HQ,HSBC Bank PLC,ARCHIVE 2,Prospect,2018-03-23 11:34:40.672243,Alpesh Doshi,3000,none,0.1
ICO,TradeKey,Consulting,Prospect,2018-04-30 00:00:00,Alpesh Doshi,250000,committed,0.1
ICO - Energy Real Estate,Standard Gas,Consulting,Prospect,2018-10-31 00:00:00,Alpesh Doshi,500000,none_upside,0.1
"ICO, Token Model, Fundraising and Tech Support",LO3 Energy,Consulting,Prospect,2018-11-30 01:00:00,Alpesh Doshi,100000,none,0.1
Infineon Technologies - Intelligence Offering,Infineon Technologies,ARCHIVE 2,Prospect,2018-03-23 11:35:59.196604,Alpesh Doshi,3000,none,0.1
ING WB - 4HQ,ING WB,ARCHIVE 2,Prospect,2018-03-23 11:36:37.771821,Alpesh Doshi,3000,none,0.1
Investec - intelligence offering,Investec,ARCHIVE 2,Prospect,2018-03-23 11:35:55.934093,Alpesh Doshi,3000,none,0.1
Investment Into FGL,Masselos Family Office,Investors,Information Exchanged,2018-09-14 00:00:00,Alpesh Doshi,3000000,committed,0.3
Investment into Group,Platinum Estates,Investors,Information Exchanged,2018-10-31 00:00:00,Alpesh Doshi,3000000,none_upside,0.3
Investor in To Asset Tokenization,Wentworth Family Office,Investors,Information Exchanged,2018-10-31 00:00:00,Alpesh Doshi,3000000,none_upside,0.3
Joint Venture ,CMOL,Ventures,Prospect,2018-09-30 00:00:00,Alpesh Doshi,357000,none_upside,0.1
Jose Neif,Stellar,Investors,Information Exchanged,2018-08-31 00:00:00,Alpesh Doshi,2000000,none,0.3
Jps Wealth - intelligence offering,Jps WEALTH,ARCHIVE 2,Prospect,2018-03-23 11:35:15.489248,Alpesh Doshi,3000,none,0.1
Jubilee Capital Management,Jubilee Capital Management,Investors,Interested,2018-12-31 00:00:00,Alpesh Doshi,0,none,0.2
Jungheinrich - Intelligence Offering,Jungheinrich,ARCHIVE 2,Prospect,2018-03-23 11:34:01.661922,Alpesh Doshi,0,none,0.1
Laurent Sachs,Laurent Sachs,ARCHIVE 2,Prospect,2018-03-23 13:31:32.930185,Tom Gordon,0,none,0.1
Lint Group - FourHQ,Lint Group,ARCHIVE 2,Prospect,2018-03-23 11:35:42.252283,Alpesh Doshi,0,none,0.1
Lloyds Register,Lloyds Register,ARCHIVE 2,Prospect,2018-03-23 11:35:12.094813,Alpesh Doshi,3000,none,0.1
Mashreq - Fintricity Intelligence,Mashreq,ARCHIVE 2,Prospect,2018-03-23 11:34:45.593745,Alpesh Doshi,30000,none,0.1
Matching Funds,London Co-investment Fund,Investors,In contact,2018-08-30 23:00:00,Alpesh Doshi,500000,none,0.2
Nilsa Telemetric,Nilsa Telemetric,Consulting,Prospect,2018-12-31 00:00:00,Alpesh Doshi,0,none,0.1
NMC Healthcare Consulting,NMC Healthcare,Consulting,Prospect,2018-08-31 00:00:00,Alpesh Doshi,60000,none_upside,0.1
Oman (Blue City),Oman,Investors,Information Exchanged,2018-08-30 23:00:00,Alpesh Doshi,50000,none,0.3
Orange - Intelligence Offering,Orange,ARCHIVE 2,Prospect,2018-03-23 11:35:45.825694,Alpesh Doshi,3000,none,0.1
Pfizer,Pfizer,Consulting,Prospect,2018-11-30 00:00:00,Alpesh Doshi,0,none,0.1
Pre-Sales ,Dell EMC,Consulting,Prospect,2018-12-31 00:00:00,Alpesh Doshi,36000,committed,0.1
R3 Partnership with Corda,R3,Consulting,Prospect,2019-01-31 00:00:00,Alpesh Doshi,0,none,0.1
Said Haschemi,HV Ventures,Investors,In contact,2018-11-30 00:00:00,Alpesh Doshi,0,none,0.1
Sggg fexserv,Sggg fexserv,Ventures,Interested,2019-01-15 00:00:00,Alpesh Doshi,0,none,0.2
Statoil - 4HQ,Statoil ASA,ARCHIVE 2,Prospect,2018-03-23 11:34:53.418167,Alpesh Doshi,3000,none,0.1
SThree - 4HQ,SThree,ARCHIVE 2,Prospect,2018-03-23 11:35:38.437019,Alpesh Doshi,3000,none,0.1
Sustainable Investors - Initial Seeding,Sustainable Technology Investments (Guernsey) limited,ARCHIVE 2,Prospect,2018-03-23 13:31:43.959389,Alpesh Doshi,0,none,0.1
Taussig capital,Taussig Capital,Investors,Interested,2019-01-21 00:00:00,Alpesh Doshi,0,none,0.2
TechSoup - Partnership conversation,TechSoup Global,ARCHIVE 2,Prospect,2018-03-23 13:32:22.418427,Tom Gordon,0,none,0.1
 The Monterosa Group ,The Monterosa Group,Investors,Interested,2018-12-31 00:00:00,Alpesh Doshi,0,none,0.2
The ODI Group - Partnership conversation,TheODIORG,ARCHIVE 2,Prospect,2018-03-23 13:31:49.389728,Tom Gordon,0,none,0.1
Ubex - Blockchain Dev,Ubex AI,Consulting,Prospect,2019-02-01 00:00:00,Alpesh Doshi,150000,none_upside,0.1
Undisputed (Millennium Films),Millenium,Ventures,Prospect,2018-08-30 23:00:00,Alpesh Doshi,700000,none,0.1
UN Food Programme - Partnership conversation,UN Food Program,ARCHIVE 2,Prospect,2018-03-23 13:31:53.329255,Tom Gordon,0,none,0.1
Versapay,VersaPay,Consulting,Qualified,2018-12-31 00:00:00,Alpesh Doshi,0,none,0.3
Wanchain ,Wanchain,Ventures,Prospect,2018-11-30 00:00:00,Alpesh Doshi,0,none,0.1
WCOP - Partnership Conversation- Pakistan,WCOP,ARCHIVE 2,Prospect,2018-03-23 13:32:15.630811,Tom Gordon,0,none,0.1
World Congress - Pakistan Banking,World Congress Overseas Pakistanis,ARCHIVE 2,Prospect,2018-03-23 13:32:25.418656,Alpesh Doshi,0,none,0.1
Yen-ting.chen,Ledger,Investors,Interested,2018-11-30 00:00:00,Alpesh Doshi,0,none,0.2
Zayo,Zayo,Consulting,Prospect,2019-02-28 00:00:00,Alpesh Doshi,0,none,0.1
