FIRST NAME,LAST NAME,JOB ROLE,ORGANIZATION,EMAIL,EMAIL (PLAIN),PHONE
Alan,Walsh,"Finance Manager, IT Business Transformation Programme",Shell,,,
Alasdair,Anderson,Head of Group Big Data Services,HSBC Bank PLC,alasdair.anderson@gmail.com: alasdair.anderson@gmail.com,alasdair.anderson@gmail.com,
Alessandro,Allodi,Chief Data Officer,Shell,Work: a.allodi@shell.com,a.allodi@shell.com,
Alex,Batlin,Senior Innovation Manager at UBS's FinTech Innovation Lab,UBS Limited,Work: alex.batlin@ubs.com,alex.batlin@ubs.com,
Alex,Matei,Digital mHealth Manager,Bupa,,,
Anantha,Prasad,"Global Head, Data Governance and Head, Data & Information Management EMEA",HSBC Bank PLC,Work: anantha.prasad@hsbc.com,anantha.prasad@hsbc.com,
Andreas,Braun,"Head, Global Data & Analytics",Allianz Group,"ANDREAS.BRAUN1@ALLIANZ.COM: ANDREAS.BRAUN1@ALLIANZ.COM
ANDREAS.BRAUN1@allianz.com: ANDREAS.BRAUN1@allianz.com","ANDREAS.BRAUN1@ALLIANZ.COM, ANDREAS.BRAUN1@allianz.com",+49 172 6562298: +49 172 6562298
Andre,Le Roux,General Manager in CDT (Connected Digital Technologies),Shell,andre.leroux@shell.com: andre.leroux@shell.com,andre.leroux@shell.com,
Aref,Al-Ramli,"VP, Head Of Electronic Banking & Innovation",Mashreq,arefr@mashreq.com: arefr@mashreq.com,arefr@mashreq.com,"Mobile: +971-50-107 0011
Work: +971 4608 3708"
Bo,Boisen,Program Director - Regulatory and Risk Analytics,HSBC Bank PLC,bboisen@gmail.com: bboisen@gmail.com,bboisen@gmail.com,
Chris,Johnson,"Senior Product Manager, Market Data Services",HSBC Bank PLC,chris.johnson@hsbc.com: chris.johnson@hsbc.com,chris.johnson@hsbc.com,
Claire,Jessop,Head of Data Governance,Leeds Building Society,c.l.jessop@btopenworld.com: c.l.jessop@btopenworld.com,c.l.jessop@btopenworld.com,
Colin,Shenoy,CIO Bupa Global Market Unit,Bupa,colin@shenoy.org.uk: colin@shenoy.org.uk,colin@shenoy.org.uk,
Corey,Cardine,Global Head Risk Analytics FCC,HSBC Bank PLC,,,
Craig,Hepburn,"Global Director, Digital & Social Media Microsoft Mobile",Microsoft,,,
Daniel,Arrowsmith,Head of Digital Development,LexisNexis,Work: daniel.arrowsmith@lexisnexis.co.uk,daniel.arrowsmith@lexisnexis.co.uk,Mobile: +44 7876 858 043
Dan,Johnson,Chief Data Officer,HSBC,"Personal: dan.johnson@handfulofpebbles.com
Work: dan.johnson@hsbc.com","dan.johnson@handfulofpebbles.com, dan.johnson@hsbc.com","Mobile: 07986 533 668
Work:  +44 20 7992 0498        "
Dan,Phipps,"Head of Digital Platform Operations, Release Management and Digital Centres of Excellence",HSBC Bank PLC,,,
Darren,Goucher,Innovation Analyst,HSBC Bank PLC,darrengoucher@gmail.com: darrengoucher@gmail.com,darrengoucher@gmail.com,
Darren,Siddle,Data Lead - AMG - Big Data and Group Data Management Programme,HSBC Bank PLC,darrensiddle@hotmail.com: darrensiddle@hotmail.com,darrensiddle@hotmail.com,
David,Lang,Chief Data Officer,Lloyd's of London,davidmlang@btinternet.com: davidmlang@btinternet.com,davidmlang@btinternet.com,
David,Pears,Head of Data & Integration,M&G,,,
David,Simpson,Senior Director - Global Digital Capabilities,AstraZeneca UK Limited,Email: david.simpson1@astrazeneca.com,david.simpson1@astrazeneca.com,Mobile: +44 7824414811
Dimitrios,Velmachos,"Group Chief Actuary, Head of Big Data & Analytics",Bupa,"Personal: dvelmachos@gmail.com
Work: dimitrios.velmachos@bupa.com","dvelmachos@gmail.com, dimitrios.velmachos@bupa.com","Work: +44 20 7656 2623
Mobile: +44 773 627 9631"
Eleanor,Brown,"Senior Analytics Manager, Group Finance",Prudential Plc,Work: eleanor.brown@prudential.co.uk,eleanor.brown@prudential.co.uk,"Work: +44 207 004 4791
Mobile: +44 7500 857388"
Elliot,Antrobus-Holder,Group Head of Digital Product,TUI Group,Work: elliot.antrobusholder@specialistholidays.com,elliot.antrobusholder@specialistholidays.com,
Emma,Ede,Head of Data Governance,M&G,,,
Fabio Alexander,Corzo,Head Group Business Data Architecture,HSBC Bank PLC,fabio.corzo@hsbc.com: fabio.corzo@hsbc.com,fabio.corzo@hsbc.com,
Ferdinand,De Grijs,Head of Application and Data Architecture,ABN Amro Group,,,
Fernando,Campos,Microsoft Digital Transformation Lead,Microsoft,,,
Helen,Crooks,Chief Data Officer,Lloyd's of London,Work: helen.crooks@lloyds.com,helen.crooks@lloyds.com,
Howard,Barber,Head of CRM and Analytics,Standard Life,,,Work: 07711357826
Jaco,Fok,Manager Technology & Innovation Excellence,Shell,,,
John,Hatwell,"Head of Digital Engagement, Global Retail Banking and Wealth Management at HSBC",HSBC Bank PLC,Work: john.hatwell@hsbc.com,john.hatwell@hsbc.com,
Jonathan,Mansley,"Head of Data, Analytics and Insight",Aviva plc,manslej@NORWICH-UNION.CO.UK: manslej@NORWICH-UNION.CO.UK,manslej@NORWICH-UNION.CO.UK,
Josh,Bottomley,Global Head of Digital at HSBC,HSBC Bank PLC,Work: josh.bottomley@hsbc.com,josh.bottomley@hsbc.com,
Julian,Elliott,Chief Data Officer,DENTSU AEGIS NETWORK LTD.,"julian.elliott@dentsuaegis.com: julian.elliott@dentsuaegis.com
julian.elliott@dentsuaegis.com: julian.elliott@dentsuaegis.com","julian.elliott@dentsuaegis.com, julian.elliott@dentsuaegis.com",+44 7770 733310: +44 7770 733310
Julia,Sutton,Group Customer Data Strategy,HSBC Bank PLC,julia.x.sutton@hsbc.com: julia.x.sutton@hsbc.com,julia.x.sutton@hsbc.com,+44 7796 700739: +44 7796 700739
Kari,Jordan,"Head of Innovation, Downstream",Shell,Work: kari.jordan@shell.com,kari.jordan@shell.com,
Katelyn,Hynes,CDO,Deutsche Bank AG,Work: katelyn.hynes@db.com,katelyn.hynes@db.com,Work: 02075455725
Kaushalya,Somasundaram,"Director, Innovation and Investments",HSBC Bank PLC,kaushalya.somasundaram@hsbc.com: kaushalya.somasundaram@hsbc.com,kaushalya.somasundaram@hsbc.com,
Kiran,Ganesh,Executive Director - CIO Head of Investment Advice Solutions,UBS Limited,kiran.ganesh@ubs.com: kiran.ganesh@ubs.com,kiran.ganesh@ubs.com,+44 785 167 1865: +44 785 167 1865
Lars,Slagboom,Head of Data Management,ABN Amro Group,,,
Laura,Bond,Senior Innovation Partnerships Manager,Alliance Boots GmbH,Laura.Bond@boots.co.uk: Laura.Bond@boots.co.uk,Laura.Bond@boots.co.uk,
Lorraine,Waters,HSBC Deputy Chief Data Officer and Global Head of Data Governance,HSBC Bank PLC,lorraine.waters@hsbcib.com: lorraine.waters@hsbcib.com,lorraine.waters@hsbcib.com,
Lucy,Barbor,Group Digital Director,DENTSU AEGIS NETWORK LTD.,grandfather22@hotmail.com: grandfather22@hotmail.com,grandfather22@hotmail.com,
Malcolm,Salisbury,Manager External Research & Innovation,Shell,,,
Manoj,Mamachan,Business Innovation Manager,Robert Bosch GmbH,Work: Manoj.Mamachan@in.bosch.com,Manoj.Mamachan@in.bosch.com,Work:  +44 7918488052
Mark,Musson,Big Data Architect,HSBC Bank PLC,mark@musson.co.za: mark@musson.co.za,mark@musson.co.za,
Martin,Mitchell,Chief Data Architect,M&G,martinmitch@gmail.com: martinmitch@gmail.com,martinmitch@gmail.com,
Matthew,Keylock,Head of Data & Analytics,"Mars, Incorporated.",mdkeylock@gmail.com: mdkeylock@gmail.com,mdkeylock@gmail.com,
Meera,Mistry,"Associate, Wealth Transformation Programme",HSBC Bank PLC,Work: meera.mistry@hsbc.com,meera.mistry@hsbc.com,Work: +447920419260
Michael,Ridley,Chief Data Officer,Exterion Media,Work: Michael.Ridley@exterionmedia.co.uk,Michael.Ridley@exterionmedia.co.uk,
Niall,Cameron,Global Head Of Corporate and Institutional Digital,HSBC Bank PLC,Work: niall.cameron@hsbcib.com,niall.cameron@hsbcib.com,+442079915652: +447584400871
Nigel,Matthews,Group Data Management Programme Director,HSBC Bank PLC,nimatthe@me.com: nimatthe@me.com,nimatthe@me.com,
Paul,Cullender,Chief Data Officer,HSBC,Work: paul.cullender@hsbc.com,paul.cullender@hsbc.com,
Paul,Heybourne,"Innovation, Research & Demonstration Lab Manager",Aviva plc,paul.heybourne@aviva.co.uk: paul.heybourne@aviva.co.uk,paul.heybourne@aviva.co.uk,
Piethein,Strengholt,Chief Architect & Data Management (CADM) | Data Management,ABN Amro Group,Work: piethein.strengholt@nl.abnamro.com,piethein.strengholt@nl.abnamro.com,Mobile: +31 6 12 01 17 30 
Raman,Bhatia,"Head of Digital, UK at HSBC Retail Banking and Wealth Management",HSBC Bank PLC,Work: raman.bhatia@hsbc.com,raman.bhatia@hsbc.com,
Rene,Honig,"VP Strategy, Portfolio & Innovation",Shell,,,
Richard,Porter,Principal Enterprise Architect (Information & Data),AstraZeneca UK Limited,RichSelina@gmail.com: RichSelina@gmail.com,RichSelina@gmail.com,
Rob,Wijhenke,Head of Data Innovation and Analytics,ABN Amro Group,,,
Rod,Moyse,Head Of Analytics,Aviva plc,moyser2001@yahoo.co.uk: moyser2001@yahoo.co.uk,moyser2001@yahoo.co.uk,
Roger,Townsend,Innovation Manager,EDF Energy,Work: roger.townsend@edfenergy.com,roger.townsend@edfenergy.com,
Rutang,Thanawalla,Risk Manager / Head of Portfolio Analytics,HSBC Bank PLC,,,
Santhosh,Pillai,Chief Architect & Data Management,ABN Amro Group,,,
Serge,Taborin,Global Digital Innovation Director,Aviva plc,"serge.taborin@aviva.com: serge.taborin@aviva.com
serge_taborin@hotmail.com: serge_taborin@hotmail.com","serge.taborin@aviva.com, serge_taborin@hotmail.com",Work: 00447951253183
Shane,Williams,"WM Digital Transformation, Crypto 2.0",UBS Limited,"swilli40@hotmail.com: swilli40@hotmail.com
Work: shane.williams@ubs.com","swilli40@hotmail.com, shane.williams@ubs.com",
Somita,Yogi,Chief Data Officer,Royal Mail,Personal: somita123@yahoo.co.in,somita123@yahoo.co.in,Mobile: +44 7833 469686
Stephane,Auger,Data Management Team Leader,Danone Research,"work: Stephane.AUGER@danone.com
personal: s.r.auger@gmail.com","Stephane.AUGER@danone.com, s.r.auger@gmail.com",
Tariq,Rasul,Global Programme Manager - Digital Transformation,HSBC Bank PLC,tariq.rasul@touchpointsolutions.co.uk: tariq.rasul@touchpointsolutions.co.uk,tariq.rasul@touchpointsolutions.co.uk,
Tim,Miller,"Chief Operating Officer, HSBC Digital Solutions",HSBC Bank PLC,,,
Umran,Rafi,Head of Data,St Andrew's Healthcare,Work: URafi@standrew.co.uk,URafi@standrew.co.uk,"mobile: +44 7500 300 400 
Switchboard: +44  1604 616000 "
Vignesh,Raja,Innovation,Viktor Koenig,Work: vignesh@vk.ae,vignesh@vk.ae,
Yuri,Sebregts,EVP Innovation/R&D and CTO,Shell,Work: y.sebregts@shell.com,y.sebregts@shell.com,
Zog,Gibbens,Enterprise Architect (Analytics & Data),Alliance Boots GmbH,zog.gibbens@boots.co.uk: zog.gibbens@boots.co.uk,zog.gibbens@boots.co.uk,7557319948: 00447557319948
