PHOTO URL,FIRST NAME,LAST NAME,ORGANIZATION,EMAIL,EMAIL (PLAIN),PHONE
,Abraham,Cambridge,The Sun Exchange,,,
,Adrian,Zarnescu,Syswin Solutions Ltd,Work: Adrian.zarnescu@syswin.ro,Adrian.zarnescu@syswin.ro,
,Alan,Taylor,Axpo,Work: Alan.Taylor@axpo.com,Alan.Taylor@axpo.com,Work: +41 44 749 48 10
https://media.licdn.com/mpr/mpr/shrinknp_400_400/p/4/000/16a/34c/0f95a66.jpg,Alan,Walsh,Shell,,,
https://media.licdn.com/mpr/mpr/shrinknp_400_400/AAEAAQAAAAAAAAfrAAAAJGM0OWJlNjE0LTVhMjktNDMwZS04ZjE1LTc0MDNhMGQxMDExNQ.jpg,Alessandro,Allodi,Shell,Work: a.allodi@shell.com,a.allodi@shell.com,
,Alessia,Alberoni,BP Chemicals,Work: alessia.alberoni@uk.bp.com,alessia.alberoni@uk.bp.com,"Work: +44 203 4016189
Mobile: +44 7747 006953"
,Anders,Marvik,Statoil ASA,anjen1969@gmail.com: anjen1969@gmail.com,anjen1969@gmail.com,
,Andre,Le Roux,Shell,andre.leroux@shell.com: andre.leroux@shell.com,andre.leroux@shell.com,
,Andrew,Horrocks,Schneider Electric,"andrew@horrockslaw.co.uk: andrew@horrockslaw.co.uk
andrew@horrockslaw.co.uk: andrew@horrockslaw.co.uk","andrew@horrockslaw.co.uk, andrew@horrockslaw.co.uk",07786 738254: 07786 738254
,Axel,Quignard,EDMI Europe Limited,Work: axel.quignard@edmi-meters.com,axel.quignard@edmi-meters.com,
,David,Ferguson,EDF Energy,Work: David.Ferguson@edfenergy.com,David.Ferguson@edfenergy.com,
,Diego,Dalcanto,Enel,Work: diego.dalcanto@enel.com,diego.dalcanto@enel.com,"None: +39 329 2222256
Work: +39 0506185851"
,Dr. Carsten,Stöcker,innogy SE,Work: carsten.stoecker@innogy.com,carsten.stoecker@innogy.com,
https://media.licdn.com/mpr/mpr/shrinknp_400_400/AAEAAQAAAAAAAAexAAAAJDMwNDFmYTQyLTM1ZTUtNDUzYS1hMjVjLTZiOGZkNGI5YjA1Ng.jpg,Eduardo,Posch,innogy SE,"Personal: eduardoposch@yahoo.com.br
Work: eduardo.posch@innogy.com","eduardoposch@yahoo.com.br, eduardo.posch@innogy.com",Work: +44 
,Eirik,Solberg,Statoil ASA,None: soleir@gmail.com,soleir@gmail.com,
,Emmanuel,Vigier,Schneider Electric,Work: emmanuel.vigier@schneider-electric.com,emmanuel.vigier@schneider-electric.com,"Work: +33 4 76 39 84 19
None: +33 6 78 80 43 41"
,Farid,Patel,Maersk Line,fpatel786@gmail.com: fpatel786@gmail.com,fpatel786@gmail.com,
,gabrielle,barnard,SGN Ltd,Work: gabrielle.barnard@sgn.co.uk,gabrielle.barnard@sgn.co.uk,
,Giovanni,Cappola,Enel,Work: giovanni.coppola2@enel.com,giovanni.coppola2@enel.com,Mob: +39 32 9089 6742
https://media.licdn.com/mpr/mpr/shrinknp_400_400/AAEAAQAAAAAAAAkgAAAAJGI5NTUxYzJjLWIzNGMtNGVlMC1hMGM2LWM1NTY2ZTQ1MzlmNg.jpg,Jaco,Fok,Shell,,,
,James,Castle,Statoil ASA,,,
,Jason,Strimpel,BP,li@strimpel.net: li@strimpel.net,li@strimpel.net,
,Jean-Jacques,Jouanna,Shell,"jjouanna@gmail.com: jjouanna@gmail.com
Work: jean-jacques.jouanna@shell.com","jjouanna@gmail.com, jean-jacques.jouanna@shell.com",
,John,Stevens MCIJ CISM CISSP,Shell,john.d.stevens@hotmail.co.uk: john.d.stevens@hotmail.co.uk,john.d.stevens@hotmail.co.uk,
,Julio,Dal Poz,Statoil ASA,"Personal: juliodalpoz@gmail.com
Work: JPOZ@statoil.com","juliodalpoz@gmail.com, JPOZ@statoil.com",Mobile: +44 7825 362 606
,Kari,Jordan,Shell,Work: kari.jordan@shell.com,kari.jordan@shell.com,
,Lara,Matthai,Shell,lara.matthai@shell.com: lara.matthai@shell.com,lara.matthai@shell.com,
,Luciano,Tommasi,Enel,luciano.tommasi@enel.com: luciano.tommasi@enel.com,luciano.tommasi@enel.com,
,Lynne,Innes,Npower,Work: Lynne.innes@rwe.com,Lynne.innes@rwe.com,
https://media.licdn.com/mpr/mpr/shrinknp_400_400/p/1/005/06e/39a/0842429.jpg,Malcolm,Salisbury,Shell,,,
,Marisol,Guzman,Statoil ASA,None: mgmo@statoil.com,mgmo@statoil.com,
,Mark,Hanson,BP,Work: mark.hanson@bp.com,mark.hanson@bp.com,
,Mayur,Doshi,BP,mayurdoshi100@gmail.com: mayurdoshi100@gmail.com,mayurdoshi100@gmail.com,
,Nick,David,Shell,nick.david@shell.com: nick.david@shell.com,nick.david@shell.com,
,Nicolas,Windpassinger,Schneider Electric,Work: nicolas.windpassinger@schneider-electric.com,nicolas.windpassinger@schneider-electric.com,Work: +33 6 85 69 55 98
,,Nostradamus,Shell,None: nostradamus1@gmail.com,nostradamus1@gmail.com,
,Oenone,Scott,Electron,None: oenone.scott@electron.org.uk,oenone.scott@electron.org.uk,
,Owen,Williams,Statoil ASA,None: oww@statoil.com,oww@statoil.com,
,Paige,Greve,Aquilon,None: pgreve@aquiloninc.com,pgreve@aquiloninc.com,
,Paula,Elliott,BP,Work: paulavelliott@hotmail.com,paulavelliott@hotmail.com,
,Phung Chi,Kien,Schneider Electric,None: saigonkien@gmail.com,saigonkien@gmail.com,
,Rafael,Barreda Velázque,Repsol,Work: rafael.barreda@repsol.com,rafael.barreda@repsol.com,Work: +34 917 534 458
,Redwan,Zeroual,Statoil ASA,"work: rzer@statoil.com
None: rzer@statoil.com","rzer@statoil.com, rzer@statoil.com",
https://media.licdn.com/mpr/mpr/shrinknp_400_400/p/1/000/197/01e/03aea5f.jpg,Rene,Honig,Shell,,,
,Roberto,Hortal,EDF Energy,rhortal@gmail.com: rhortal@gmail.com,rhortal@gmail.com,
,Rob,Massuger,Qurrent Nederland BV,None: rob.massuger@qurrent.nl,rob.massuger@qurrent.nl,
,Roger,Townsend,EDF Energy,Work: roger.townsend@edfenergy.com,roger.townsend@edfenergy.com,
,Russell,Alton,Statoil ASA,Work: RALTO@statoil.com,RALTO@statoil.com,
,Sam,Botterill,Electron,None: sam.botterill@electron.org.uk,sam.botterill@electron.org.uk,
,Stathis,Souvaliotis,BP,stathis.souvaliotis@bp.com: stathis.souvaliotis@bp.com,stathis.souvaliotis@bp.com,
,Stephen,Burgin,GE Power,Work: stephen.burgin@ge.com,stephen.burgin@ge.com,"Work: +447801776728
Work: +441344460514"
,Svein,Omdal,Statoil ASA,None: som@statoil.com,som@statoil.com,
,Timothy,Krysiek,Statoil ASA,timothy.krysiek@gmail.com: timothy.krysiek@gmail.com,timothy.krysiek@gmail.com,
,Tim,van Amstel,innogy SE,Work: tvamstel@gmail.com,tvamstel@gmail.com,
,Tobias,Paulun,EEX,Work: tobias.paulun@eex.com,tobias.paulun@eex.com,Work: +49 341 2156 270
,Todd,Moran,Schneider Electric,todd.moran@schneider-electric.com: todd.moran@schneider-electric.com,todd.moran@schneider-electric.com,
,Victor,Fetter,Vertiv,"Personal: victor@thefetters.com
Work: Victor.fetter@vertivco.com","victor@thefetters.com, Victor.fetter@vertivco.com",
,Vivek,Mahajan,Statoil ASA,mahajanvivek@gmail.com: mahajanvivek@gmail.com,mahajanvivek@gmail.com,
https://media.licdn.com/mpr/mpr/shrinknp_400_400/p/2/005/0af/0c6/33f767b.jpg,Yuri,Sebregts,Shell,Work: y.sebregts@shell.com,y.sebregts@shell.com,
