PHOTO URL,FIRST NAME,LAST NAME,ORGANIZATION,EMAIL,EMAIL (PLAIN),PHONE
,Abigail,Brierley,Bidvest 3663,brierleyabigail@yahoo.co.uk: brierleyabigail@yahoo.co.uk,brierleyabigail@yahoo.co.uk,
,Ali,Ahmed,Lutebox,ali@lutebox.com: ali@lutebox.com,ali@lutebox.com,
,Alison,Smith,Diageo,alisonhsmith@tiscali.co.uk: alisonhsmith@tiscali.co.uk,alisonhsmith@tiscali.co.uk,
,Amelia,Nunes,Burberry,Work: Amelia.Nunes@burberry.com,Amelia.Nunes@burberry.com,
,Andy,Dawkins,Faccenda Foods,,,"Work: +44 1280 707814
m: +44 7803 831059"
,Anna,Petrova,British American Tobacco,Work: anna_pertova@bat.com,anna_pertova@bat.com,
,Anya,Ziskina,L'Oreal,anna.ziskina@gmail.com: anna.ziskina@gmail.com,anna.ziskina@gmail.com,
,B. Bonin,Bough,Mondelez International,b.bonin.bough@gmail.com: b.bonin.bough@gmail.com,b.bonin.bough@gmail.com,
,Caroline,Cater,The Coca-Cola Company,,,
,Chris,Hill,Unilever,"personal: cjhconsultancy@gmail.com
Work: chris.hill@unilever.com","cjhconsultancy@gmail.com, chris.hill@unilever.com",Work: 07775 737469
,Daniela,Meisenheimer,DöhlerGroup,Work: daniela.meisenheimer@doehler.com,daniela.meisenheimer@doehler.com,"Work: +49 6151 306-2206
Mobile: +49 17615-292-206"
,Daniel,Bobroff,CSC - Computer Sciences Corporation,danielbobroff@asos.com: danielbobroff@asos.com,danielbobroff@asos.com,
,Darren,Armitage,SABMiller plc,"darrenarmitage@me.com: darrenarmitage@me.com
Work: Darren.armitage@ab-INBEV.com","darrenarmitage@me.com, Darren.armitage@ab-INBEV.com",
,Dave,Manley (LION),NewGen Direct Ltd - Producers of 'NewGen Superfoods Plus',david.manley@ocndirect.com: david.manley@ocndirect.com,david.manley@ocndirect.com,
https://media.licdn.com/mpr/mpr/shrinknp_400_400/AAEAAQAAAAAAAAE0AAAAJDVkY2RlMGI1LWI1ZjAtNDI4OC1hYjczLTgwMDViYmMyNjA0ZQ.jpg,David,Croft,Diageo,Work: David.Croft@diageo.com,David.Croft@diageo.com,"Mobile: +44 7701 397444
Work: +44 20 8978 1081"
,David,Scrivner,Electrolux,david.scrivner@electrolux.se: david.scrivner@electrolux.se,david.scrivner@electrolux.se,
,David,Williams,CSC - Computer Sciences Corporation,"dnwilliams@gmail.com: dnwilliams@gmail.com
david@dhwilliams.me.uk: david@dhwilliams.me.uk","dnwilliams@gmail.com, david@dhwilliams.me.uk",
,Eric,Dessambre,CSC - Computer Sciences Corporation,edessambre@csc.com: edessambre@csc.com,edessambre@csc.com,7834602355: 7834602355
,Erik,Vennestrom,CSC - Computer Sciences Corporation,erikvennes@hotmail.com: erikvennes@hotmail.com,erikvennes@hotmail.com,
,Filippo,Catalano,Nestle S.A.,plippo@hotmail.com: plippo@hotmail.com,plippo@hotmail.com,
,Francesca,De Finis,The Coca-Cola Company,Work: https://it.linkedin.com/in/francesca-de-finis-a742031,https://it.linkedin.com/in/francesca-de-finis-a742031,
,Garry,Harrison,CSC - Computer Sciences Corporation,Work: gharrison5@csc.com,gharrison5@csc.com,
,Gianluca,Ciocci,CSC - Computer Sciences Corporation,g.ciocci@solidzone.com: g.ciocci@solidzone.com,g.ciocci@solidzone.com,
,Guillaume,Lebrosse,L'Oreal,GLEBOSSE@rd.loreal.com: GLEBOSSE@rd.loreal.com,GLEBOSSE@rd.loreal.com,33676801613: 33676801613
,Hamish,Priest,Unilever,hpriest@gmail.com: hpriest@gmail.com,hpriest@gmail.com,
,Haseeb,Khan (SC Cleared),Diageo,khan_haseeb@hotmail.com: khan_haseeb@hotmail.com,khan_haseeb@hotmail.com,
,Heather,Pfahl,"Mars, Incorporated.",Work: heather.pfahl@mss.effem.com,heather.pfahl@mss.effem.com,Mobile: +1 2023410822
,Hywel,Wilson,CSC - Computer Sciences Corporation,Work: hwilson25@csc.com,hwilson25@csc.com,
,Iain,James,Avon,ijam@btinternet.com: ijam@btinternet.com,ijam@btinternet.com,
,Ian,Shields,PepsiCo,"icshields@yahoo.co.uk: icshields@yahoo.co.uk
Work: ian.shields@pepsico.com","icshields@yahoo.co.uk, ian.shields@pepsico.com",
,Jamie,Beaumont,CSC - Computer Sciences Corporation,jamie_beaumont@hotmail.com: jamie_beaumont@hotmail.com,jamie_beaumont@hotmail.com,
,jedidiah,francis,CSC - Computer Sciences Corporation,jedidiah.francis@gmail.com: jedidiah.francis@gmail.com,jedidiah.francis@gmail.com,
,Jennifer,Candee,SABMiller plc,jennifer.candee@sabmiller.com: jennifer.candee@sabmiller.com,jennifer.candee@sabmiller.com,
,Jing,Li,Danone Research,kampfer2010@gmail.com: kampfer2010@gmail.com,kampfer2010@gmail.com,
,Kate,Ferguson,Burberry,Kate.Ferguson@burberry.com: Kate.Ferguson@burberry.com,Kate.Ferguson@burberry.com,
,Kemal,Cetin,Diageo,kemalcetin77@gmail.com: kemalcetin77@gmail.com,kemalcetin77@gmail.com,
,Ken,Woghiren,CSC - Computer Sciences Corporation,ken@woghiren.com: ken@woghiren.com,ken@woghiren.com,
https://media.licdn.com/mpr/mpr/shrinknp_400_400/AAEAAQAAAAAAAAW2AAAAJGMwYWUyYjk1LTI1ZGQtNDZjMi04ZWY5LTI0NWI5ODQ3ZTU3MA.jpg,Kevin,Blick,British American Tobacco,"trickyblicky@gmail.com: trickyblicky@gmail.com
Work: Kevin_Blick@Bat.com","trickyblicky@gmail.com, Kevin_Blick@Bat.com",
,Khuo,Uy,L'Oreal,UKHOU@rd.loreal.com: UKHOU@rd.loreal.com,UKHOU@rd.loreal.com,
,Kjersten Margaret,Moody,Unilever,kjersten_moody@yahoo.com: kjersten_moody@yahoo.com,kjersten_moody@yahoo.com,
,Linda,Gustafsson Neal,Husqvarna Group,lindagneal@yahoo.co.uk: lindagneal@yahoo.co.uk,lindagneal@yahoo.co.uk,
,Manish,Danani,"Mars, Incorporated.",Work: manish.danani@effem.com,manish.danani@effem.com,
,Marie,Popoff,L'Oreal,None: marie.popoff@loreal.com,marie.popoff@loreal.com,
,Martina,Henry,Diageo,None: martina.henry@diageo.com,martina.henry@diageo.com,
,Matthew,Keylock,"Mars, Incorporated.",mdkeylock@gmail.com: mdkeylock@gmail.com,mdkeylock@gmail.com,
,Maxim,Surov,Danone Research,surov.max@gmail.com: surov.max@gmail.com,surov.max@gmail.com,
,Michael,Mahieu,Proctor & Gamble,Work: mahieu.m@pg.com,mahieu.m@pg.com,
,M.,Jean-Claude,L'Oreal,JCLHOTE@rd.loreal.com: JCLHOTE@rd.loreal.com,JCLHOTE@rd.loreal.com,33660028103: 33660028103
,Najib,Hasnain,CSC - Computer Sciences Corporation,n.hasnain@sky.com: n.hasnain@sky.com,n.hasnain@sky.com,
,Natascha,Leanage,CSC - Computer Sciences Corporation,nkb73@hotmail.co.uk: nkb73@hotmail.co.uk,nkb73@hotmail.co.uk,
,Nav,Nair,Burberry,Work: nav.nair@burberry.com,nav.nair@burberry.com,
,Niall,O'Gorman,Mondelez International,niall.ogorman@gmail.com: niall.ogorman@gmail.com,niall.ogorman@gmail.com,
,Nicola,Mclaren,Unilever,nicola.mclaren@unilever.com: nicola.mclaren@unilever.com,nicola.mclaren@unilever.com,
,Nigel,Woodward,WW Financial Market Services ltd,nswoodward@btinternet.com: nswoodward@btinternet.com,nswoodward@btinternet.com,Work: 01892 724595
,Norma,Dove-Edwin,British American Tobacco,"norma_Dove-Edwin@bat.com: norma_Dove-Edwin@bat.com
Work: norma.dove.edwin@googlemail.com
None: norma.dove.edwin@gmail.com","norma_Dove-Edwin@bat.com, norma.dove.edwin@googlemail.com, norma.dove.edwin@gmail.com",
,Pascale,RONDEAU,Danone Research,pascale.rondeau@danone.com: pascale.rondeau@danone.com,pascale.rondeau@danone.com,
https://media.licdn.com/mpr/mpr/shrinknp_400_400/p/1/005/014/25e/15a888d.jpg,Paul,Clarke,Ocado Technology,Work: paul.clarke@ocado.com,paul.clarke@ocado.com,"Work: +44 1707 228023
Mobile: +44 7951 180240"
,Phil,Sampson,PepsiCo,phil.sampson@pepsico.com: phil.sampson@pepsico.com,phil.sampson@pepsico.com,
,Robert,Moffett,"Mars, Incorporated.",Work: robert.moffett@effem.com,robert.moffett@effem.com,
,Robyn,Randell,Burberry,robyn@randell.ca: robyn@randell.ca,robyn@randell.ca,
,Sam,Keegan,"Kraft Foods Global, Inc.",samuel.keegan@mdlz.com: samuel.keegan@mdlz.com,samuel.keegan@mdlz.com,
,Simon,Pollock,General Mills,pollockwise@me.com: pollockwise@me.com,pollockwise@me.com,
,Sophia,Taglialavore,Burberry,sophiataglialavore@gmail.com: sophiataglialavore@gmail.com,sophiataglialavore@gmail.com,
,Stephane,Auger,Danone Research,"work: Stephane.AUGER@danone.com
personal: s.r.auger@gmail.com","Stephane.AUGER@danone.com, s.r.auger@gmail.com",
,Steve,Szabo,The Coca-Cola Company,,,
,Susie,Clare,CSC - Computer Sciences Corporation,pokeysusie@gmail.com: pokeysusie@gmail.com,pokeysusie@gmail.com,
,Thomas,Tharakan,Tharakan Foods Pvt Ltd,None: tomtharakan1@gmail.com,tomtharakan1@gmail.com,
,Vineet,Jain,CSC - Computer Sciences Corporation,Work: vjain59@csc.com,vjain59@csc.com,Work: 07710181214
,Vladislav,Danilenko,Avon,None: vidiotrue@list.ru,vidiotrue@list.ru,
,Yemi,Fagbenro,Diageo,,,
