PHOTO URL,FIRST NAME,LAST NAME,ORGANIZATION,EMAIL,EMAIL (PLAIN),PHONE
,Adam,Fussey,,None: adam.fussey@macquarie.com,adam.fussey@macquarie.com,
,Adeline,Dasilva,,None: adeline.dasilva@kingfisher.com,adeline.dasilva@kingfisher.com,
,clare,collins,,None: clare.collins@bskyb.com,clare.collins@bskyb.com,
,Colleen,Williams,,None: colleen.williams@ne.nykline.com,colleen.williams@ne.nykline.com,
,Daniel,Hawthorne,,None: daniel.hawthorne@steria.co.uk,daniel.hawthorne@steria.co.uk,
,David,Harold,,None: david.harold@imgtec.com,david.harold@imgtec.com,
,George,Prowse,,None: george.prowse@jacobs.com,george.prowse@jacobs.com,
,Graham,Keen,,None: graham.keen@riotinto.com,graham.keen@riotinto.com,
,Jake,Thackray,,None: craig.thackray@eur.crowncork.com,craig.thackray@eur.crowncork.com,
,Jane,Lee,,None: jane.lee@southernrailway.com,jane.lee@southernrailway.com,
,Jim,Ivimey,,None: jim.ivimey@ordnancesurvey.co.uk,jim.ivimey@ordnancesurvey.co.uk,
,Joanne,Atkinson,,None: joanne.atkinson@riotinto.com,joanne.atkinson@riotinto.com,
,Joe,Little,,None: joe.little@uk.bp.com,joe.little@uk.bp.com,
,John,Newell,Ai Claims Solution,newell.john@aiclaimssolutions.com: newell.john@aiclaimssolutions.com,newell.john@aiclaimssolutions.com,"m: 0044 7709176024
Work: 0044 1253 441420 "
,Jo,Loerns,,None: jo.loerns@southernrailway.com,jo.loerns@southernrailway.com,
,Julie,Mccombie,,None: jmccombie@retailtrust.org.uk,jmccombie@retailtrust.org.uk,
,Kelly,Lambrou,,None: kelly.lambrou@burberry.com,kelly.lambrou@burberry.com,
,Louise,Szodi,,None: louise.szodi@sainsburys.co.uk,louise.szodi@sainsburys.co.uk,
,Marie,Petts,,None: m.petts@macmillan.co.uk,m.petts@macmillan.co.uk,
,Marion,Kindermann,,None: marion.kindermann@gmx.net,marion.kindermann@gmx.net,
,Martin,Butler,,None: martin.butler@goodrich.com,martin.butler@goodrich.com,
,Melly,ISMIK,,None: melly.ismik@cliffordchance.com,melly.ismik@cliffordchance.com,
,Michael,Lahdeaho,,None: mlahdeaho@transperfect.com,mlahdeaho@transperfect.com,
,Nadia,Bonomally,,None: nadia.bonomally@kingfisher.com,nadia.bonomally@kingfisher.com,
,osen,akkemik,,None: osen.akkemik@genesyslab.com,osen.akkemik@genesyslab.com,
,Paul,Hanagan,,None: paul.hanagan@btinet.bt.com,paul.hanagan@btinet.bt.com,
,Pauline,Mason,,None: pmason@peterbrett.com,pmason@peterbrett.com,
,Philip,Dally,,None: philip.dally@everythingeverywhere.com,philip.dally@everythingeverywhere.com,
,Rachel,Hyams,,None: rachel.hyams@sainsburys.co.uk,rachel.hyams@sainsburys.co.uk,
,Rachel,Jordan,,None: rjordan@christian-aid.org,rjordan@christian-aid.org,
,Ravinder,Punia,,None: ravinder.punia@riotinto.com,ravinder.punia@riotinto.com,
,Richard,Joslin,,None: richard.joslin@hotmail.com,richard.joslin@hotmail.com,
,Richard,Pennington,,None: richard.pennington@btinet.bt.com,richard.pennington@btinet.bt.com,
,Robert,Hensey,,None: roberthensey@gmail.com,roberthensey@gmail.com,
,sally,winston,,None: sally.winston@orcinternational.co.uk,sally.winston@orcinternational.co.uk,
,Sarah,Judd,,None: jemma.patterson@pizzaexpress.com,jemma.patterson@pizzaexpress.com,
,Sejal,Parmar,,None: Sejal.Parmar@marks-and-spencer.com,Sejal.Parmar@marks-and-spencer.com,
,Steve,Songaila,,None: steve.songaila@twinsystems.com,steve.songaila@twinsystems.com,
,Stuart,Bryden,,None: Stuart.bryden@btinet.bt.com,Stuart.bryden@btinet.bt.com,
,Stuart,Wilcock,,None: wilcocks@bupa.com,wilcocks@bupa.com,
,Terry,Golding,AXA Group,terry.golding@axa-ppp.co.uk: terry.golding@axa-ppp.co.uk,terry.golding@axa-ppp.co.uk,Work: 	 0044 20 7920 5900
,Tracy,Clarke,,None: tracy.clarke@steria.co.uk,tracy.clarke@steria.co.uk,
,Violeta,Carrillo,,None: violeta.carrillo@skansen.co.uk,violeta.carrillo@skansen.co.uk,
