PHOTO URL,FIRST NAME,LAST NAME,ORGANIZATION,EMAIL,EMAIL (PLAIN),PHONE
,Alain,Ouk Glickman,Orange Group,Work: alain.glickman@orange-ftgroup.com,alain.glickman@orange-ftgroup.com,
,Alison,Maguire,Car Phone Warehouse,Work: alison.maguire@bestbuy.co.uk,alison.maguire@bestbuy.co.uk,
,Andreas,Walter,BMW Group,Work: andreas.walter@bmwgroup.com,andreas.walter@bmwgroup.com,
,Andrew,Harrison,Dixons Carphone,Work: andrew.harrison@dixonscarphone.com,andrew.harrison@dixonscarphone.com,
,Andrey,Kutovoy,Promsvyazbank,Work: kutovoy@psbank.ru,kutovoy@psbank.ru,
,Aswyn,Saktoe-Veenenbos,T-Mobile Netherlands,Work: aswyn.saktoe-veenenbos@t-mobile.nl,aswyn.saktoe-veenenbos@t-mobile.nl,
,Bianca,Koenig,Deutsche Telekom AG,Work: bianca.koenig@telekom.de,bianca.koenig@telekom.de,
,Catherine,Lonergan,eir Ireland,Work: lonergan_catherine@eir.ie,lonergan_catherine@eir.ie,
,Claudia,Tomisek,Drei (H3G) Austria,Work: claudia.tomisek@drei.com,claudia.tomisek@drei.com,
,Costas,Kapetanopoulos,Cosmote Romania,Work: costas.kapetanopoulos@cosmote.ro,costas.kapetanopoulos@cosmote.ro,
,Dirk,Poppelbuss,Deutsche Telekom AG,Work: dpoppelbuss@telekom.de,dpoppelbuss@telekom.de,
,Elaine,Knowles,Telefonica O2 Ireland,Work: elaine.knowles@o2.com,elaine.knowles@o2.com,
,Elisabeth,Rettl,Orange Austria,Work: elisabeth.rettl@orange.co.at,elisabeth.rettl@orange.co.at,
,Erwan,Bigan,Swisscom,Work: erwan.bigan@swisscom.com,erwan.bigan@swisscom.com,
,Fabrizio,Gorietti,Telecom Italia (TIM),Work: fabrizio.gorietti@telecomitalia.it,fabrizio.gorietti@telecomitalia.it,
,Frederic,Ruciak,Bouygues Telecom,Work: fruciak@bouyguestelecom.fr,fruciak@bouyguestelecom.fr,
,Graham,Webster,Telefonica UK,Work: graham.webster@o2.com,graham.webster@o2.com,
,Guillaume,Van Gaver,Everything Everywhere,Work: guillaume.vangaver@everythingeverywhere.com,guillaume.vangaver@everythingeverywhere.com,
,Hans,Langenbach,A1 Telekom Austria,Work: hans.langenbach@a1telekom.at,hans.langenbach@a1telekom.at,
,Hilde,Nollet,Belgacom (Proximus),Work: hilde.nollet@belgacom.be,hilde.nollet@belgacom.be,
,Isabelle,Bacro,KPN Belgium,Work: isabelle.bacro@kpngroup.be,isabelle.bacro@kpngroup.be,
,Jacky,huyghebaert,Belgacom (Proximus),Work: jacky.huyghebaert@belgacom.be,jacky.huyghebaert@belgacom.be,
,James,Breeze,Everything Everywhere,Work: james.breeze@everythingeverywhere.com,james.breeze@everythingeverywhere.com,
,Jens,Kannler,Deutsche Telekom AG,Work: jens.kannler@telekom.de,jens.kannler@telekom.de,
,Jitka,Schrothova,T-Mobile Czech Republic a.s.,Work: jitka.schrothova@t-mobile.cz,jitka.schrothova@t-mobile.cz,
,Juha,Ylikoski,TeliaSonera Finland,Work: juha.ylikoski@teliasonera.com,juha.ylikoski@teliasonera.com,
,Krzysztof,Kilian,Polkomtel (PLUS),Work: krzysztof.kilian@plus.pl,krzysztof.kilian@plus.pl,
,Liz,Wynn,Everything Everywhere,,,
,Luis,Avelar,TMN,Work: luis-avelar@telecom.pt,luis-avelar@telecom.pt,
,Marie-Jose,Vandenboomgaard,KPN Netherlands,Work: marie-jose.vandenboomgaard@hi.nl,marie-jose.vandenboomgaard@hi.nl,
,Mark,Chapman,BT,Work: mark.3.chapman@bt.com,mark.3.chapman@bt.com,
,Matt,Jeffries,Talk Talk,Work: matt.jeffries@talktalkgroup.com,matt.jeffries@talktalkgroup.com,
,Michelle,Henderson,Car Phone Warehouse,Work: michelle.henderson@bestbuy.co.uk,michelle.henderson@bestbuy.co.uk,
,Mickael,Wituski,TPSA (Orange Poland),,,
,Oliver,Rockstein,Tele 2 Germany,Work: oliver.rockstein@tele2.com,oliver.rockstein@tele2.com,
,Onur,Sanli,Turkcell,Work: onur.sanli@turkcell.com.tr,onur.sanli@turkcell.com.tr,
,Piotr,Chrzaszcz,T-Mobile Poland (ERA),Work: pchrzaszcz@era.pl,pchrzaszcz@era.pl,
,Ran,Harpaz,Globality,Work: ran.harpaz@013netvision.co.il,ran.harpaz@013netvision.co.il,
,Robert,Jardine,Car Phone Warehouse,Work: robert.jardine@bestbuy.co.uk,robert.jardine@bestbuy.co.uk,
,Robert,Katona,Deutsche Telekom AG,Work: rkatona@telekom.de,rkatona@telekom.de,
,Sadia,Kaiser,Car Phone Warehouse,Work: sadia.kaiser@bestbuy.co.uk,sadia.kaiser@bestbuy.co.uk,
,Sari,Heinonen,DNA,Work: sari.heinonen@dna.fi,sari.heinonen@dna.fi,
,Stefan,Riedel,Orange Switzerland,Work: stefan.riedel@orange.ch,stefan.riedel@orange.ch,
,Sylvia,Neubauer,E-Plus,Work: sylvia.neubauer@eplus-gruppe.de,sylvia.neubauer@eplus-gruppe.de,
,Thierry,Pelissier,SFR,Work: thierry.pelissier@sfr.com,thierry.pelissier@sfr.com,
,Thomas,Malleschitz,Drei (H3G) Austria,Work: thomas.malleschitz@drei.com,thomas.malleschitz@drei.com,
,Trista,Clarke,The Car Phone Warehouse Group plc,Work: trista.clarke@bestbuy.co.uk,trista.clarke@bestbuy.co.uk,
,Turkka,Koivu,Elisa,Work: turkka.koivu@elisa.fi,turkka.koivu@elisa.fi,
,Yana,Mazurova,MTS,Work: yamaz@mts.ru,yamaz@mts.ru,
