FIRST NAME,LAST NAME,JOB ROLE,ORGANIZATION,ORGANIZATION INDUSTRY,EMAIL,EMAIL (PLAIN),LOCATIONS
Adrian,Vella,Chief Data Officer,Tipico Co Ltd,Financial Services,Work: lucia.meloni@tipico.com,lucia.meloni@tipico.com,
Ahmet,Temizsoy,Director - Data Strategy & Operations,Standard & Poor's,Financial Services,temizsoyahmet@gmail.com: temizsoyahmet@gmail.com,temizsoyahmet@gmail.com,": 
London, United Kingdom

"
Alan,Raw,Global Digital Business,Universal Music,,alan.raw@umusic.com: alan.raw@umusic.com,alan.raw@umusic.com,": 


"
Alasdair,Anderson,Head of Group Big Data Services,HSBC Bank PLC,Financial Services,alasdair.anderson@gmail.com: alasdair.anderson@gmail.com,alasdair.anderson@gmail.com,
Alessandro,Baroni,CIO,Equens,Financial Services,,,
Alex,Kewley,"Director, Head of Client Insights & Solutions, Europe",ANZ Banking Group Ltd,Financial Services,Work: alex.kewley@anz.com,alex.kewley@anz.com,
Alex,Houseman,Head of Business Solutions,M&G,,"alex.houseman@gmail.com: alex.houseman@gmail.com
Work: Alex.houseman@mandg.co.uk","alex.houseman@gmail.com, Alex.houseman@mandg.co.uk",": 


"
Alexander,Goerisch,Executive Director,Credit Agricole CIB,Financial Services,Work: alexander.goerisch@me.com,alexander.goerisch@me.com,
Alexander,Ernst,Head of Architecture Measurement - Director,UBS Limited,Financial Services,Work: mail@alex-ernst.de,mail@alex-ernst.de,
Al-Noor,Ramji,Chief Digital Officer,Prudential Plc,Financial Services,Work: alnoorramji@me.com,alnoorramji@me.com,
Amol,Natu,Director Digital Commerce,Etisalat,Telecommunications,amolnatu@yahoo.com: amolnatu@yahoo.com,amolnatu@yahoo.com,": 


"
Andres,Martin Diana,Partnership Lead for WHO/ITU global mHealth,Bupa,Healthcare & Pharma,amdiana@gmail.com: amdiana@gmail.com,amdiana@gmail.com,": 


"
Andrew,Hall,Head of Data Fabric,BNP Paribas,Financial Services,Andrew.J.HALL@uk.bnpparibas.com: Andrew.J.HALL@uk.bnpparibas.com,Andrew.J.HALL@uk.bnpparibas.com,"London: London


"
Andrew,EASTON,Head of Emerging Technology,Bupa,Healthcare & Pharma,andrew.easton@bupa.com.sg: andrew.easton@bupa.com.sg,andrew.easton@bupa.com.sg,": 


"
Andrew,Deykin,Head of Data,Havas Media,Media,andrew.deykin@gmail.com: andrew.deykin@gmail.com,andrew.deykin@gmail.com,": 


"
Andy,Tennant,Executive Director (EMEA Business Relationship Management and Regional IT Director),CBRE,,Andy.tennant@cbre.com: Andy.tennant@cbre.com,Andy.tennant@cbre.com,"London: London


"
Ann,Andren,Head of Transaction Monitoring,Nordea Limited,Financial Services,,,
Annette,Moody,Group IT Governance & Innovation Director,Serco,,annettemoody@hotmail.com: annettemoody@hotmail.com,annettemoody@hotmail.com,": 


"
Antonio,Alvarez,"Head of Data innovation at Isban UK, Santander group",ISBAN,,aalvarez.internet@gmail.com: aalvarez.internet@gmail.com,aalvarez.internet@gmail.com,": 


"
Anya,Ziskina,"Head of Data Strategy and Analytics, Digital L'Oreal UKI",L'Oreal,FMCG,anna.ziskina@gmail.com: anna.ziskina@gmail.com,anna.ziskina@gmail.com,": 
London, United Kingdom

"
Arnaud,Zeitoun,"Global Head, Transformation",BNP Paribas,Financial Services,Work: arnaud.zeitoun@uk.bnpparibas.com,arnaud.zeitoun@uk.bnpparibas.com,
Ash,Roots,Director of Digital,Direct Line Group,Financial Services,ashjtroots@gmail.com: ashjtroots@gmail.com,ashjtroots@gmail.com,": 


"
Ashwini,Lad,Head of eCommerce Product Delivery,HSBC Bank PLC,Financial Services,"ashwini.lad@hsbc.com: ashwini.lad@hsbc.com
ashwini.lad@hsbcib.com: ashwini.lad@hsbcib.com","ashwini.lad@hsbc.com, ashwini.lad@hsbcib.com",
Asif,Nadeem,Head of Data Strategy and Delivery,Provident Financial Group UK & ROI,,asif.nadeem@provident.co.uk: asif.nadeem@provident.co.uk,asif.nadeem@provident.co.uk,": 


"
Barry,Green,Chief Data Officer,Bank of Ireland,Financial Services,"Work: barry.green@bankofireland.com
Work: Barry.Green@BOI.com","barry.green@bankofireland.com, Barry.Green@BOI.com","Work: London,City of"
Barry,Panayi,Chief Data Officer,Amlin,Retail,"Work: bpanayi@gmail.com
Work: barry.p@amlinc.com
Work: barry.panayi@amlin.com","bpanayi@gmail.com, barry.p@amlinc.com, barry.panayi@amlin.com",
Bhaskar,Dasgupta,"Global Head of Transaction Management Unit (COO), Global Forfaiting and Risk Distribution",HSBC Bank PLC,Financial Services,bhaskar@dasguptaonline.com: bhaskar@dasguptaonline.com,bhaskar@dasguptaonline.com,
Bill,Kohler,Chief Information Officer Americas,DENTSU AEGIS NETWORK LTD.,Media,williampaulkohler@yahoo.com: williampaulkohler@yahoo.com,williampaulkohler@yahoo.com,": 


"
Birendra,Agarwal,CIO Commercial Banking (Markets and Transaction Banking),Lloyds Banking Group,Financial Services,birendra.agarwal@envision.net: birendra.agarwal@envision.net,birendra.agarwal@envision.net,
Brennan,Carley,Global Head of Enterprise Platform and Enterprise Analytics Business,Thomson Reuters,Media,brennan.carley@protonadvisors.com: brennan.carley@protonadvisors.com,brennan.carley@protonadvisors.com,
Cait,O'Riordan,CIO and Chief Products Officer,Financial Times,Media,,,
Chad E.,Iverson,"Director, Digital Platform Architecture",Fidelity International,Financial Services,civerson916@gmail.com: civerson916@gmail.com,civerson916@gmail.com,": 


"
Charles,Ewen,Director of Information Technology and CIO,Met Office,,dartmoor@gmail.com: dartmoor@gmail.com,dartmoor@gmail.com,": 


"
Chris,Huls,Blockchain Specialist,COOPERATIEVE RABOBANK U.A.,Financial Services,"Work: chris_huls@hotmail.com
Work: Chris.Huls@rabobank.nl","chris_huls@hotmail.com, Chris.Huls@rabobank.nl",
Christel,Bagger,Head of Payment Solutions,Nordea Limited,Financial Services,Work: christel.bagger@nordea.com,christel.bagger@nordea.com,"Work: Helgeshoej Alle 33, Hoeje Taastrup 2630, Denmark
Helgeshoej Alle 33, Hoeje Taastrup 2630, Denmark"
Christian,Haller,Managing Director,Credit Agricole CIB,Financial Services,Work: haller.christian@web.de,haller.christian@web.de,
Cian,Burke,"Group General Manager, Global Head Of HSBC Securities Ser Aces",HSBC Bank PLC,Financial Services,Work: cian.burke@hsbcgroup.com,cian.burke@hsbcgroup.com,
Colin,Platt,Global Markets Innovation - Blockchain Lead,BNP Paribas,Financial Services,work: colin.platt@uk.bnpparibas.com,colin.platt@uk.bnpparibas.com,"London, England: London, England


"
Dan,Phipps,"Head of Digital Platform Operations, Release Management and Digital Centres of Excellence",HSBC Bank PLC,Financial Services,,,
Daniel,Koller,Director,UBS Limited,Financial Services,Work: Daniel.Koller@allianzgi.com,Daniel.Koller@allianzgi.com,
Darren,Armitage,Head of Technology Innovation EMEA,SABMiller plc,FMCG,"darrenarmitage@me.com: darrenarmitage@me.com
Work: Darren.armitage@ab-INBEV.com","darrenarmitage@me.com, Darren.armitage@ab-INBEV.com",": 


"
Darryl,Isip,"Director, Digital Private Banking",Credit Suisse Group,Financial Services,darrylisip@gmail.com: darrylisip@gmail.com,darrylisip@gmail.com,": 


"
Dave,Fleming,"Director, Head of Technology & Design, Citi Innovation Lab",Citi,Financial Services,dave.j.fleming@gmail.com: dave.j.fleming@gmail.com,dave.j.fleming@gmail.com,": 


"
David,Fletcher,Chief Data Officer,MEC,Media,Work: David.Fletcher@mecglobal.com,David.Fletcher@mecglobal.com,
David,Pears,Head of Data & Integration,M&G,Financial Services,,,
David,Watkins,Chief Data Officer,RSA,Financial Services,davidjwatkins@gmail.com: davidjwatkins@gmail.com,davidjwatkins@gmail.com,"Wokingham: Wokingham


"
David,May,Global Customer Analytics Capabilities - Senior Manager,Vodafone Group Public Limited Company,Telecommunications,d_j_may@hotmail.com: d_j_may@hotmail.com,d_j_may@hotmail.com,": 


"
David,Lang,Chief Data Officer,Lloyd's of London,Financial Services,davidmlang@btinternet.com: davidmlang@btinternet.com,davidmlang@btinternet.com,": 


"
David,Hayes,Chief Data Officer,Santander,Financial Services,david.hayes@santander.com: david.hayes@santander.com,david.hayes@santander.com,": 
United Kingdom

"
David,Page,"Executive Director, Digital Transition",Visa Europe,,davidpage27@yahoo.co.uk: davidpage27@yahoo.co.uk,davidpage27@yahoo.co.uk,": 


"
David,Le,Head of Innovation - LBG Innovation Labs,Lloyds Banking Group,Financial Services,"David.Le@lloydsbanking.com: David.Le@lloydsbanking.com
david-le@mail.com: david-le@mail.com
David.Le@lloydsbanking.com: David.Le@lloydsbanking.com","David.Le@lloydsbanking.com, david-le@mail.com, David.Le@lloydsbanking.com","London & Australia: London & Australia


"
Dimitrios,Velmachos,"Group Chief Actuary, Head of Big Data & Analytics",Bupa,Healthcare & Pharma,"Personal: dvelmachos@gmail.com
Work: dimitrios.velmachos@bupa.com","dvelmachos@gmail.com, dimitrios.velmachos@bupa.com",
Domenico,Picone,"Head of Mortgage Analytics, European Mortgage Strategies",BlackRock,,domenicopicone@hotmail.com: domenicopicone@hotmail.com,domenicopicone@hotmail.com,": 


"
Dougie,Henderson,Head Emerging Products & Innovation - Africa,Visa,,,,": 


"
Edward,Budd,Chief Digital Officer,Deutsche Bank AG,Financial Services,Work: edward.budd@db.com,edward.budd@db.com,
Fabio Alexander,Corzo,Head Group Business Data Architecture,HSBC Bank PLC,Financial Services,fabio.corzo@hsbc.com: fabio.corzo@hsbc.com,fabio.corzo@hsbc.com,
Ferdinand,De Grijs,Head of Application and Data Architecture,ABN Amro Group,Financial Services,,,
Fergus,Boyd,Group Director of Digital & IT,Yotel,,,,": 


"
Franco,Morra,CEO HSBC Private Bank (Suisse) SA,HSBC Bank PLC,Financial Services,Work: franco.morra@hsbcpb.com,franco.morra@hsbcpb.com,
Garry,Williams,Deputy Global Head of Performance & Data Services,Aberdeen Asset Management,Financial Services,Garry.Williams@aberdeen-asset.com: Garry.Williams@aberdeen-asset.com,Garry.Williams@aberdeen-asset.com,": 
Edinburgh, United Kingdom

"
Gary,Goldberg,Chief Data Officer,Mizuho International,,Work: gary.goldberg@uk.mizuho-sc.com,gary.goldberg@uk.mizuho-sc.com,": 



Work: Mizuho House, 30 Old Bailey
United Kingdom
EC4M 7AU"
Gerald,Dannhaeuser,Managing Director,Commerzbank AG,Financial Services,Work: gerald.dannhaeuser@drkw.com,gerald.dannhaeuser@drkw.com,
Gillian,Tomlinson,Chief Data Officer,RSA,Financial Services,Work: gillian.tomlinson@rsa.com,gillian.tomlinson@rsa.com,
Graeme,Newcomb,Head of IT Strategy & Architecture,Nordea Limited,Financial Services,,,
Hany,Choueiri,Chief Data Officer,State Street Global Advisors Limited,Financial Services,"h_choueiri@hotmail.com: h_choueiri@hotmail.com
None: HChoueiri@StateStreet.com","h_choueiri@hotmail.com, HChoueiri@StateStreet.com","Threadneedle Street: Threadneedle Street
London
EC2R 8AH
United Kingdom"
Helen,Crooks,Chief Data Officer,Lloyd's of London,Financial Services,Work: helen.crooks@lloyds.com,helen.crooks@lloyds.com,": 
Litlington, Cambridgeshire, United Kingdom


Work: London,City of"
Ian,Shields,"CIO UK, Ireland & South Africa",PepsiCo,FMCG,"icshields@yahoo.co.uk: icshields@yahoo.co.uk
Work: ian.shields@pepsico.com","icshields@yahoo.co.uk, ian.shields@pepsico.com",": 


"
Jane,Wharton,"Function Manager CIO, Defence Equipment",UK Ministry of Defence,Government,None: jjanewharton@aol.com,jjanewharton@aol.com,": 


"
Jason,Swift,Head R&D Information UK,AstraZeneca UK Limited,Healthcare & Pharma,Work: jason.swift@astrazeneca.com,jason.swift@astrazeneca.com,
Jem,Lloyd-Williams,Executive Director of Product and Innovation,Vizeum UK,Media,jem.lloyd-williams@vizeum.com: jem.lloyd-williams@vizeum.com,jem.lloyd-williams@vizeum.com,
Joe,Morrison,Head of Business Improvement & Innovation,Plan UK,Charity & Not For Profit,jmorrison79@hotmail.com: jmorrison79@hotmail.com,jmorrison79@hotmail.com,": 


"
John,Allen,"Chief Architect, Data Analytics and Big Data",Deutsche Bank AG,Financial Services,john.howard.allen@gmail.com: john.howard.allen@gmail.com,john.howard.allen@gmail.com,": 


"
John,Barnes,"Managing Director, Digital & Tech",Incisive Media,Media,john.barnes@incisivemedia.com: john.barnes@incisivemedia.com,john.barnes@incisivemedia.com,": 


"
John,Hereward Shaw,Head of R&D and Innovation,Direct Line Group,Financial Services,,,": 


"
Jon,Moxham,Chief Data Officer,British Red Cross,Charity & Not For Profit,"Work: jmoxham@redcross.org.uk
Work: JMoxham@redcross.org.uk","jmoxham@redcross.org.uk, JMoxham@redcross.org.uk","Work: London,City of"
Jonathan,Webster,Chief Digital Officer,Lloyds Banking Group,Financial Services,,,
Jonathan,Mansley,"Head of Data, Analytics and Insight",Aviva plc,Financial Services,manslej@NORWICH-UNION.CO.UK: manslej@NORWICH-UNION.CO.UK,manslej@NORWICH-UNION.CO.UK,
JP,Rangaswami,Chief Data Officer,Deutsche Bank AG,Financial Services,jobsworth@me.com: jobsworth@me.com,jobsworth@me.com,"here: here


"
Julian,Dorado,Director of Data Management,M&G,Financial Services,,,
Julian,March,"SVP, Editorial & Innovation",NBC News,,julian.march@gmail.com: julian.march@gmail.com,julian.march@gmail.com,": 


"
Julius,Seiffert,Director,Deutsche Bank AG,Financial Services,Work: Julius.Seiffert@db.com,Julius.Seiffert@db.com,
Justin,Conry,"Head of Transformation,Board Member",Three,,Work: justin.conry@three.ie,justin.conry@three.ie,
Justin,Urquhart Stewart,Co Founder and Head of Corporate Development,Seven Investment Management LLP,,justin@7im.co.uk: justin@7im.co.uk,justin@7im.co.uk,": 


"
Karl,Happe,CIO Insurance Related Strategies,Allianz Group,Financial Services,Work: karl.happe@allianzgi.com,karl.happe@allianzgi.com,
Keith,Holmes,Head of Digital Analytics and Data,RSA,Financial Services,keithdh80@hotmail.com: keithdh80@hotmail.com,keithdh80@hotmail.com,": 


"
Kevin,Sulley,Head of Data Architecture,Thomson Reuters,Media,kevsulley@googlemail.com: kevsulley@googlemail.com,kevsulley@googlemail.com,": 
Reading, United Kingdom

"
Lara,Korz,Director Corporate Strategy,Azur Underwriting Limited,Financial Services,None: lara.korz@azurpcg.com,lara.korz@azurpcg.com,
Laurent,Caraffa,Managing Director,Barclays Bank PLC,Financial Services,,,
Leda,Glyptis,"Director, EMEA Innovation",BNY Mellon,Financial Services,,,": 


"
Leo,Ryan,Global Head of Innovation and Partnerships; Social@Ogilvy,Ogilvy & Mather Advertising,,None: leo.ryan@ogilvy.com,leo.ryan@ogilvy.com,": 


"
Lorraine,Waters,HSBC Deputy Chief Data Officer and Global Head of Data Governance,HSBC Bank PLC,Financial Services,lorraine.waters@hsbcib.com: lorraine.waters@hsbcib.com,lorraine.waters@hsbcib.com,
Mahesh,Chikodi,Managing Director UK,Robert Bosch GmbH,Manufacturing,"mahesh.chikodi2@uk.bosch.com: mahesh.chikodi2@uk.bosch.com
email: mahesh.chikodi2@uk.bosch.com","mahesh.chikodi2@uk.bosch.com, mahesh.chikodi2@uk.bosch.com","Broadwater Park, North Orbital Road: Broadwater Park, North Orbital Road
Denham, United Kingdom
UB9 5HJ

London, United Kingdom: London, United Kingdom


"
Maria,Buyalskaya,Executive Director,UBS Limited,Financial Services,mbuyalskaya@yahoo.com: mbuyalskaya@yahoo.com,mbuyalskaya@yahoo.com,
Mark,Ramsey,Chief Data Officer (CDO),GlaxoSmithKline,Healthcare & Pharma,,,"Austin, Texas: Austin, Texas


United States"
Mark,Gibbons,EMEA Chief Information Officer (CIO),BNY Mellon,Financial Services,,,": 


"
Martin,Mitchell,Chief Data Architect,M&G,Financial Services,martinmitch@gmail.com: martinmitch@gmail.com,martinmitch@gmail.com,": 


"
Matthew,Salzmann,Director of Business Operations - Europe Central Cluster,Pfizer,Healthcare & Pharma,Work: matthew.salzmann@pfizer.com,matthew.salzmann@pfizer.com,
Michael,Hill-King,Collaboration Director (R&D Centre),Huawei,Technology,Work: Michael.hill.king@huawei.com,Michael.hill.king@huawei.com,
Mike,O'Donohue,Chief Data Officer,Camelot,Consumer Services,None: Michaelodonohue@hotmail.com,Michaelodonohue@hotmail.com,
Mike,Young,Group Chief Information Officer,DENTSU AEGIS NETWORK LTD.,Media,mike_thomas_young@yahoo.co.uk: mike_thomas_young@yahoo.co.uk,mike_thomas_young@yahoo.co.uk,": 


"
Morteza,Mahjour,CIO,Lloyds Banking Group,Financial Services,,,
Musaifer,Alosaimi,Chief Information Officer,HSBC Bank PLC,Financial Services,,,
Nigel,Matthews,Group Data Management Programme Director,HSBC Bank PLC,Financial Services,nimatthe@me.com: nimatthe@me.com,nimatthe@me.com,
Nirali,patel,Chief Data Officer,AXA PPP Healthcare,Financial Services,Work: nirali.patel@axa-ppp.co.uk,nirali.patel@axa-ppp.co.uk,Work: Kent
Noel,Ortiz,Global Digital Services Lead,Novartis,Healthcare & Pharma,noelortiz@gmail.com: noelortiz@gmail.com,noelortiz@gmail.com,": 


"
Norman,Stuertz,Chief Data Officer,Credit Suisse,,Work: norman.stuertz@credit-suisse.com,norman.stuertz@credit-suisse.com,
Paul,Dale,Group Global CTO,DENTSU AEGIS NETWORK LTD.,Media,paul@thedales.uk.com: paul@thedales.uk.com,paul@thedales.uk.com,": 


"
Phil,Knight,Chief Architect - Digital,Lloyds Banking Group,Financial Services,peknight@hotmail.com: peknight@hotmail.com,peknight@hotmail.com,
Phillip,Radley,Chief Data Architect,BT,Telecommunications,Work: phillip.radley@bt.com,phillip.radley@bt.com,
Raveendra,Bharadwaj,Director | Head of Data Architecture | Global Transaction Banking,Deutsche Bank AG,Financial Services,Work: raveendra.bharadwaj@db.com,raveendra.bharadwaj@db.com,": 


"
Ravinder,Bhadhal,Global Head of Commercial Management and Market Data,Man,Financial Services,ravinder.bhadhal@gmail.com: ravinder.bhadhal@gmail.com,ravinder.bhadhal@gmail.com,": 


"
Rex,Issac,Director,UBS Limited,Financial Services,,,
Rhodri,Rees-Jones,Executive Director,UBS Limited,Financial Services,rhodri.rees-jones@ubs.com: rhodri.rees-jones@ubs.com,rhodri.rees-jones@ubs.com,
Richard,Ellison,Chief Data Officer,CYBG (Clydesdale Bank),,"Work: richar.ellison@cbonline.co.uk
Work: richard.ellison@cybg.com","richar.ellison@cbonline.co.uk, richard.ellison@cybg.com",Work: Glasgow
Richard,Benjamins,Group Director BI & Big Data for Internal Exploitation,Telefonica,Telecommunications,vrbenjamins@gmail.com: vrbenjamins@gmail.com,vrbenjamins@gmail.com,"Spain: Spain


"
Richard,Pilling,"Director, Big Data & Analytics",Intel Corporation,Solution Provider,rich@thepillings.net: rich@thepillings.net,rich@thepillings.net,": 
Northwich, Cheshire, United Kingdom

"
Rob,Harding,Chief Information Officer (CIO),Capital One,Financial Services,robert.harding@capitalone.com: robert.harding@capitalone.com,robert.harding@capitalone.com,"Nottingham, United Kingdom: Nottingham, United Kingdom


"
Santhosh,Pillai,Chief Architect & Data Management,ABN Amro Group,Financial Services,,,
Sean,Gilchrist,Managing Director Commercial Digital,Lloyds Banking Group,Financial Services,,,
Sean,Hayes,Group Head of Data,Incisive Media,Media,sean.hayes@incisivemedia.com: sean.hayes@incisivemedia.com,sean.hayes@incisivemedia.com,": 


"
Shahin,Nassiri,"Director, CTO F.O. Risk and Analytics Architect",Barclays Bank PLC,Financial Services,Shahin.Nassiri@gmail.com: Shahin.Nassiri@gmail.com,Shahin.Nassiri@gmail.com,
Stathis,Souvaliotis,CIO for HR and IT Director,BP,Energy & Utilities,stathis.souvaliotis@bp.com: stathis.souvaliotis@bp.com,stathis.souvaliotis@bp.com,"London, United Kingdom: London, United Kingdom


"
STEPHANE,PERE,Chief Data Officer,The Economist,Media,Work: stephanepere@economist.com,stephanepere@economist.com,
Steve,Ingram,IT Director,Vision Express Limited,,steve.ingram@visionexpress.com: steve.ingram@visionexpress.com,steve.ingram@visionexpress.com,"London: London


"
Steven,Hedges,Head of knowledge Visualization architecture,Deutsche Bank AG,Financial Services,Work: Steven.hedges@db.com,Steven.hedges@db.com,
Stuart,Buckland,Technologist - IB CTO,UBS Limited,Financial Services,stuart.buckland@ubs.com: stuart.buckland@ubs.com,stuart.buckland@ubs.com,
Stuart,Pearson,VP Product Management - Global Analytics Products,Aimia Inc,,stuart.j.pearson@talk21.com: stuart.j.pearson@talk21.com,stuart.j.pearson@talk21.com,": 


"
Tariq,Rasul,Global Programme Manager - Digital Transformation,HSBC Bank PLC,Financial Services,tariq.rasul@touchpointsolutions.co.uk: tariq.rasul@touchpointsolutions.co.uk,tariq.rasul@touchpointsolutions.co.uk,
Thomas,Lee-Warren,"Director, Technology Data Group (BI, Commercial Insight, & Analytics)",Royal Mail,Consumer Services,tlw@oculustech.com: tlw@oculustech.com,tlw@oculustech.com,": 


"
Tim,Miller,"Chief Operating Officer, HSBC Digital Solutions",HSBC Bank PLC,Financial Services,,,
Tim,Hart,"Executive Director, IT Infrastructure",UBS Limited,Financial Services,tim.hart@btinternet.com: tim.hart@btinternet.com,tim.hart@btinternet.com,
Tom,Betts,Chief Data Officer,Financial Times,Media,,,
Tony,Gosling,Consulting,,,Work: tony.gosling@paconsulting.com,tony.gosling@paconsulting.com,
Tony,Chau,Executive Director,UBS Limited,Financial Services,chau_tony@btinternet.com: chau_tony@btinternet.com,chau_tony@btinternet.com,
Tushar,Patel,CIO and Managing Director,HFIM,Financial Services,tpatel@hfim.com: tpatel@hfim.com,tpatel@hfim.com,": 


"
Uday,Odedra,Head of Group Technology (IT) India,UBS Limited,Financial Services,uday.odedra@ubs.com: uday.odedra@ubs.com,uday.odedra@ubs.com,
Udo,Wuertz,Chief Data Officer,Fujitsu Technology Solutions GmbH,Solution Provider,Work: Udo.Wuertz@ts.fujitsu.com,Udo.Wuertz@ts.fujitsu.com,
Vipul,Nagrath,CIO Enterprise Solutions,Bloomberg LP,Media,vnagrath@gmail.com: vnagrath@gmail.com,vnagrath@gmail.com,": 


"
Yemi,Fagbenro,Digital Transformation Architect,Diageo,FMCG,,,": 
London, United Kingdom

"
Zaka,Mian,Digital transformation director & Retail CIO,Lloyds Banking Group,Financial Services,Zaka.Mian@LloydsTSB.co.uk: Zaka.Mian@LloydsTSB.co.uk,Zaka.Mian@LloydsTSB.co.uk,
