PHOTO URL,FIRST NAME,LAST NAME,ORGANIZATION,EMAIL,EMAIL (PLAIN),PHONE
,Charlie,Barlow,ACCA,Work: charlie.barlow@accaglobal.com,charlie.barlow@accaglobal.com,
,Emmanuelle,Strullu,L'Oréal,Work: emmanuelle.strullu@gmail.com,emmanuelle.strullu@gmail.com,
,Faridah,Daniels,Barclays Bank PLC,Work: faridah.borrer@barclays.com,faridah.borrer@barclays.com,
,Joanna,Rusznica,Polskie Radio,Work: joanna.rusznica@gmail.com,joanna.rusznica@gmail.com,
,Martin,Ham,HSBC Bank PLC,Work: martin.ham@hsbc.com,martin.ham@hsbc.com,
,Philip,Louis,Deepwater Ventures,Work: philiplouis@me.com,philiplouis@me.com,Work: 07841 673116
,Rachel,Garvey,Royal Mail,Work: rachel.garvey@royalmail.com,rachel.garvey@royalmail.com,
,Robert,Moffett,"Mars, Incorporated.",Work: robert.moffett@effem.com,robert.moffett@effem.com,
,Rob,Lang,ACCA,Work: rob.lang@accaglobal.com,rob.lang@accaglobal.com,
,Siobhan,McKavanagh,Deutsche Bank AG,Work: siobhan.mckavanagh@db.com,siobhan.mckavanagh@db.com,
