PHOTO URL,FIRST NAME,LAST NAME,ORGANIZATION,EMAIL,EMAIL (PLAIN),PHONE
,Dario,Biggi,Fondazione proPosta,Work: dario.biggi@me.com,dario.biggi@me.com,
,Florian,Kubis,Fintricity,Work: florian.kubis@fintricity.com,florian.kubis@fintricity.com,
,Maulik,Thakkar,Sadad,Work: mdthakkar@yahoo.com,mdthakkar@yahoo.com,
,Mithu,Sengupta,Mash3 Ltd,None: mithu_sengupta8@yahoo.co.uk,mithu_sengupta8@yahoo.co.uk,
,Sandeep,Jaykumar,HostMyExpo,Work: sandeep.jaykumar@gmail.com,sandeep.jaykumar@gmail.com,
,Saranjit,Arora,Wings To Soar,saranjit@milansolutions.com: saranjit@milansolutions.com,saranjit@milansolutions.com,
,Stuart,Chalmers,BRE (Building Research Establishment),None: stuart.chalmers@gmail.com,stuart.chalmers@gmail.com,
