FIRST NAME,LAST NAME,JOB ROLE,ORGANIZATION,EMAIL,EMAIL (PLAIN),PHONE
Abdellah,Jaafar,Innovation & partnerships,Legrand Electric Ltd,Work: abdellah.jaafar@legrand.fr,abdellah.jaafar@legrand.fr,
Adrian,Zarnescu,CTO,Syswin Solutions Ltd,Work: Adrian.zarnescu@syswin.ro,Adrian.zarnescu@syswin.ro,
Angel Rodriguez,Issa,Global Head of Strategic Investments,BNP Paribas,Work: angel.rodriguezissa@ukbnpparibas.com,angel.rodriguezissa@ukbnpparibas.com,
Axel,Quignard,Programme Manager IoT & Connected Home,EDMI Europe Limited,Work: axel.quignard@edmi-meters.com,axel.quignard@edmi-meters.com,
Barry,McLaughlin,Lead Architect,SITA,Work: barry.mclaughlin@sita.aero,barry.mclaughlin@sita.aero,
Cahit,Guvensoy,General Manager,Logo,Work: Cahit.guvensoy@diyalogo.com.tr,Cahit.guvensoy@diyalogo.com.tr,
Chris,Evans,End user computing analyst,AstraZeneca UK Limited,Work: Christopher.evans@astrazeneca.com,Christopher.evans@astrazeneca.com,
Christian,Richards,"Business Development Manager Cloud, Content & Applications",Epsilon Telecommunications Limited,Work: c.richards@epsilontel.com,c.richards@epsilontel.com,
Craig,Farrell,Developer,Independent,Work: Contact@craigfarrell.com,Contact@craigfarrell.com,
David,Kayondo,Founder & CEO,Goldswans Group,Work: dmkayondo@goldswans.com,dmkayondo@goldswans.com,
David,Mamatsashvili,Associate Partner,Capstan Capital partners,Work: davidm@capstan-capital.com,davidm@capstan-capital.com,
David,Midgley,Group telematics manager,JCB,Work: David.midgley@jcb.com,David.midgley@jcb.com,
Dirk,Vollmann,General Manager Marketing & CRM,BMW Group,Work: dirk.vollmann@bmwfin.com,dirk.vollmann@bmwfin.com,
Dr. Angel,Gavieiro,"Strategy, Leadership & Management",Consulting,Work: angel.gavieiro@alumni.duke.edu,angel.gavieiro@alumni.duke.edu,
Dr. Carsten,Stöcker,Machine Economy Lighthouse,innogy SE,Work: carsten.stoecker@innogy.com,carsten.stoecker@innogy.com,
Ezra,Cohen,,Lucid Circus,Work: ezra@lucidcircus.com,ezra@lucidcircus.com,
Fadi,Hallak,CEO,TDJ Capital,Work: Fhallak@tdjcapital.com,Fhallak@tdjcapital.com,
Fathia,Murphy,,Innsomnia,Work: fmurphy@innsomnia.es,fmurphy@innsomnia.es,
Fausto,Tondi,,,Work: tondi@fausto.ch,tondi@fausto.ch,
Hanna,Lora,Business technology management,Digital transformation,Work: Hannah.lora@mail.com,Hannah.lora@mail.com,
Jack,Shaw,Executive Director,American Blockchain Council,Work: jshaw@americanblockchaincouncil.org,jshaw@americanblockchaincouncil.org,
James,Maxfield,Consulting,JMAX Associates,Work: jmaxassoc@gmail.com,jmaxassoc@gmail.com,
Jaroslaw,Michalczuk,IT innovation,Atradius,Work: jaroslaw.michalczuk@atradius.com,jaroslaw.michalczuk@atradius.com,Work: +44 29 2082 4839
Joe,Ashley,Head of Consulting,OCSL,Work: joe.ashley@ocsl.co.uk,joe.ashley@ocsl.co.uk,
Julian,Gevers,Lead Architect,Lloyds Banking Group,Work: Julian.gevers@lloydsbankimg.com,Julian.gevers@lloydsbankimg.com,
Kully,Mall,IT Consultant,na,Work: kuli.mall@gmail.com,kuli.mall@gmail.com,
Matt,McColley,Business Director,Kingpin,Work: mmcolley@kingpincomms.com,mmcolley@kingpincomms.com,
Michael,Hill-King,Collaboration Director (R&D Centre),Huawei,Work: Michael.hill.king@huawei.com,Michael.hill.king@huawei.com,
Michael,Khajeh-Noori,Director and founder,Legavate- Glowbz,Work: Michael@legavate.com,Michael@legavate.com,
Michael,Mahieu,HR Shared Services Leader France,Proctor & Gamble,Work: mahieu.m@pg.com,mahieu.m@pg.com,
Nektaria,Efthymiou,Strategy & Technology Consultant,,Work: nektaria.efthymiou12@gmail.com,nektaria.efthymiou12@gmail.com,
Pascal,Marie,IT Project Manager,Open2Be,Work: pascal.marie@open2be.com,pascal.marie@open2be.com,
Patrick,Thorp,Consultant,consultant,Work: Patrick.thorp@gmail.com,Patrick.thorp@gmail.com,
Rex,Schothorst,Marketing & Payments,na,Work: schothorst@me.com,schothorst@me.com,
Roelof,Kramer,Director Events and Publications,Blockchain Ecosystem Network (BECON),Work: roelof@becon.global,roelof@becon.global,
Roger,Townsend,Innovation Manager,EDF Energy,Work: roger.townsend@edfenergy.com,roger.townsend@edfenergy.com,
Sandeep,Burande,Presales engineer,Hughes,Work: S.burande@hugheseurope.com,S.burande@hugheseurope.com,
Shane,Murphy,Systems & Operations,Alpha Associates,Work: shane.murphy@alpha-associates.ch,shane.murphy@alpha-associates.ch,
Simon,Fowles,Head of Procurement,BT,Home: simon.fowles@gmail.com,simon.fowles@gmail.com,Mobile: +447803571251
Steven,Hedges,Head of knowledge Visualization architecture,Deutsche Bank AG,Work: Steven.hedges@db.com,Steven.hedges@db.com,
Steven,Woodward,Senior Solution Architect,AstraZeneca UK Limited,Work: Steven.woodward@astrazeneca.com,Steven.woodward@astrazeneca.com,
Steve,Schiff,Founder & CEO,EO Capital Services,Work: steve@eocapitalservices.com,steve@eocapitalservices.com,
Thomas,Groom,Account manager,Ecosource,Work: Thomas.groom@ecosource.co.uk,Thomas.groom@ecosource.co.uk,
Tiago,Correia Moreira,Lawyer,Vieira de Almeida,Work: tcm@vda.pt,tcm@vda.pt,
Venkata,Akula,na,ECTP,Work: venkata.akula@ectp.com,venkata.akula@ectp.com,
Vihang,Shah,Enterprise architect,TUI Group,Work: vihang.shah@tuitravel.com,vihang.shah@tuitravel.com,
Vince,Smith,"Communications Manager, Blockchain & Innovation",IBM,Work: smithv@uk.ibm.com,smithv@uk.ibm.com,
William,Genovese,"VP, Strategy Planning",Huawei,Work: William.michael.genovese@huawei.com,William.michael.genovese@huawei.com,
Zartasha,Naeem,Principle Strategic investments,Goldman Sachs,Work: Zartasha.naeem@gs.com,Zartasha.naeem@gs.com,
Zian,Yusef,Technical Director,Extrapolate.io,Work: zian@extrapolate.io,zian@extrapolate.io,
