PHOTO URL,FIRST NAME,LAST NAME,JOB ROLE,ORGANIZATION,EMAIL,EMAIL (PLAIN),PHONE
,Andrew,Hilton,Economist & Director,Centre for the Study of Financial Innovation (CSFI),Work: ahilton@cfsi.org,ahilton@cfsi.org,
,Arnaud  Le,Hors,Senior Representative,The Hyperledger Project,Work: lehors@sophia.inria.fr,lehors@sophia.inria.fr,
,Aurélien,Menant,Founder and CEO,Gatecoin Limited,Work: a@gatecoin.com,a@gatecoin.com,
,Benjamin,Whitby,Regulatory Conduct and Financial Crime Specialist,HSBC Bank PLC,Work: ben.whitby@gmail.com,ben.whitby@gmail.com,
,David,Harris,Head of Commercial Innovative Technology,London Stock Exchange Group,Work: dharris@lseg.com,dharris@lseg.com,
https://pbs.twimg.com/profile_images/2678084991/5d9c3e12ae68a34229e0e18c07ef5fa2_normal.jpeg,Gary,Nuttall,Consultant,Lloyds Banking Group,"nuttall_gary@hotmail.com: nuttall_gary@hotmail.com
Work: gary.nuttall@lloyds.com
Work: nuttall_gary@hotmail.com
Work: gnuttall@distlytics.com","nuttall_gary@hotmail.com, gary.nuttall@lloyds.com, nuttall_gary@hotmail.com, gnuttall@distlytics.com",
,Gene,Vayngrib,CEO,Traddle,Work: gene_vayngrib@hudsonfog.com,gene_vayngrib@hudsonfog.com,
,Guido,Branca,Chief Executive Officer,Branca Organisation,,,
,Jack,Gavigan,Chief Operating Officer,Zcash,Work: jackgavigan@z.cash,jackgavigan@z.cash,
,Jags,Rao,Blockchain Workstream Lead,Swiss Reinsurance Company Ltd.,"Work: jagadeesha.rao@gmail.com
None: jags@europe.com","jagadeesha.rao@gmail.com, jags@europe.com",
,Marcus,Swanepoel,Co-Founder and CEO,Bitx,Work: marcus@mybitx.com,marcus@mybitx.com,
,Michael,Mainelli,Executive Director,Z/Yen,Work: michael_mainelli@zyen.com,michael_mainelli@zyen.com,
,Nick,Williamson,Founder,"Pythia, Limited",nwilli1@iit.edu: nwilli1@iit.edu,nwilli1@iit.edu,
,Nicole,Sandler,Vice President (VP) Resolution and Recovery Planning and FinTech - EMEA Legal Lead at Barclays,Barclays Bank PLC,Work: nicole.sandler@barclays.com,nicole.sandler@barclays.com,
,Nikola,Tchouparov,Head of Blockchain Strategy,Tramonex,Work: nikola.tchouparov@tramonex.com,nikola.tchouparov@tramonex.com,
,Pascal,Bouvier,"Venture Partner at Santander Innoventures, Santander Group's Global Fintech VC fund",Santander,Work: pgb2008@gmail.com,pgb2008@gmail.com,
,Richard,Crook,,The Royal Bank of Scotland plc,richard.crook@rbs.com: richard.crook@rbs.com,richard.crook@rbs.com,+44 7825 934307: +44 7825 934307
,Scott,Riley,Director,Block Asset Technologies,Work: s.riley.mail@googlemail.com,s.riley.mail@googlemail.com,
