PHOTO URL,FIRST NAME,LAST NAME,ORGANIZATION,EMAIL,EMAIL (PLAIN),PHONE
,Bert,van de Haar,ING,Work: bert.van.de.haar@ing.nl,bert.van.de.haar@ing.nl,"Work: +31205639661
Mobile: + 31 6 21250688"
,Daniel,Thull,Johnson & Johnson,Work: dthull@its.jnj.com,dthull@its.jnj.com,"Work: +415823153063
Work: +41797680025"
,Elias,Baltassis,The Boston Consulting Group,Work: baltassis.elias@bcg.con,baltassis.elias@bcg.con,"Work: +33140171959
Work: +33627503858
Work: +33140171015"
,Gary,Goldberg,Mizuho International,Work: gary.goldberg@uk.mizuho-sc.com,gary.goldberg@uk.mizuho-sc.com,"Work: +447901751580
Work: +442070906686"
,Jon,Andrews,PricewaterhouseCoopers LLP,Work: jon.andrews@pwc.com,jon.andrews@pwc.com,"Work: +442078049000
Work: +447881518833
Work: +442075835000"
,Luisa,Edves,Strategy International Ltd,Work: le@strategyinternational.co.uk,le@strategyinternational.co.uk,
,Michael,Crawford,Barnett Waddingham,Work: michael.crawford@barnett-waddingham.co.uk,michael.crawford@barnett-waddingham.co.uk,"Work: +447710153552
Work: +442077762251"
,Vlasios,Vasileiou,Zopa,Work: vlasios.vasileiou@zopa.com,vlasios.vasileiou@zopa.com,
