PHOTO URL,FIRST NAME,LAST NAME,ORGANIZATION,EMAIL,EMAIL (PLAIN),PHONE
,Sean,Ronan,AUDIO NETWORK LIMITED,S.Ronan@audionetwork.com: S.Ronan@audionetwork.com,S.Ronan@audionetwork.com,"+44 20 7566 1441: +44 20 7566 1441
+44 7881 108209: +44 7881 108209"
,Stephane,Auger,Danone Research,"work: Stephane.AUGER@danone.com
personal: s.r.auger@gmail.com","Stephane.AUGER@danone.com, s.r.auger@gmail.com",
,Pascale,RONDEAU,Danone Research,pascale.rondeau@danone.com: pascale.rondeau@danone.com,pascale.rondeau@danone.com,
,Jing,Li,Danone Research,kampfer2010@gmail.com: kampfer2010@gmail.com,kampfer2010@gmail.com,
,Maxim,Surov,Danone Research,surov.max@gmail.com: surov.max@gmail.com,surov.max@gmail.com,
,Lucy,Barbor,DENTSU AEGIS NETWORK LTD.,grandfather22@hotmail.com: grandfather22@hotmail.com,grandfather22@hotmail.com,
,Josephine,Cennamo,DENTSU AEGIS NETWORK LTD.,Josephine.Cennamo@dentsuaegis.com: Josephine.Cennamo@dentsuaegis.com,Josephine.Cennamo@dentsuaegis.com,
,Paul,Dale,DENTSU AEGIS NETWORK LTD.,paul@thedales.uk.com: paul@thedales.uk.com,paul@thedales.uk.com,
,Laura,Jennings,DENTSU AEGIS NETWORK LTD.,lauramorgan80@yahoo.co.uk: lauramorgan80@yahoo.co.uk,lauramorgan80@yahoo.co.uk,
,Julian,Elliott,DENTSU AEGIS NETWORK LTD.,"julian.elliott@dentsuaegis.com: julian.elliott@dentsuaegis.com
julian.elliott@dentsuaegis.com: julian.elliott@dentsuaegis.com","julian.elliott@dentsuaegis.com, julian.elliott@dentsuaegis.com",+44 7770 733310: +44 7770 733310
,Richard,Davis,DENTSU AEGIS NETWORK LTD.,"richardndavis80@gmail.com: richardndavis80@gmail.com
richard@valnet1.com: richard@valnet1.com","richardndavis80@gmail.com, richard@valnet1.com",
,Rob,Gurner,DENTSU AEGIS NETWORK LTD.,robertgurner@hotmail.com: robertgurner@hotmail.com,robertgurner@hotmail.com,
,Matt,Miller,DENTSU AEGIS NETWORK LTD.,matt.miller72@outlook.com: matt.miller72@outlook.com,matt.miller72@outlook.com,
,John,Cronogue,DENTSU AEGIS NETWORK LTD.,j.cronogue@att.net: j.cronogue@att.net,j.cronogue@att.net,
,Bill,Kohler,DENTSU AEGIS NETWORK LTD.,williampaulkohler@yahoo.com: williampaulkohler@yahoo.com,williampaulkohler@yahoo.com,
,Mike,Young,DENTSU AEGIS NETWORK LTD.,mike_thomas_young@yahoo.co.uk: mike_thomas_young@yahoo.co.uk,mike_thomas_young@yahoo.co.uk,
,Moshe,Rasis,DENTSU AEGIS NETWORK LTD.,,,
,Elena,Orsik,Revain ,None: b2marketing2017@gmail.com,b2marketing2017@gmail.com,
,Marisol,Guzman,Statoil ASA,None: mgmo@statoil.com,mgmo@statoil.com,
,Svein,Omdal,Statoil ASA,None: som@statoil.com,som@statoil.com,
,Eirik,Solberg,Statoil ASA,None: soleir@gmail.com,soleir@gmail.com,
,Redwan,Zeroual,Statoil ASA,"work: rzer@statoil.com
None: rzer@statoil.com","rzer@statoil.com, rzer@statoil.com",
,Russell,Alton,Statoil ASA,Work: RALTO@statoil.com,RALTO@statoil.com,
,Owen,Williams,Statoil ASA,None: oww@statoil.com,oww@statoil.com,
,Timothy,Krysiek,Statoil ASA,timothy.krysiek@gmail.com: timothy.krysiek@gmail.com,timothy.krysiek@gmail.com,
,Anders,Marvik,Statoil ASA,anjen1969@gmail.com: anjen1969@gmail.com,anjen1969@gmail.com,
,Julio,Dal Poz,Statoil ASA,"Personal: juliodalpoz@gmail.com
Work: JPOZ@statoil.com","juliodalpoz@gmail.com, JPOZ@statoil.com",Mobile: +44 7825 362 606
,Vivek,Mahajan,Statoil ASA,mahajanvivek@gmail.com: mahajanvivek@gmail.com,mahajanvivek@gmail.com,
,James,Castle,Statoil ASA,,,
