PHOTO URL,FIRST NAME,LAST NAME,ORGANIZATION,EMAIL,EMAIL (PLAIN),PHONE
https://media.licdn.com/mpr/mpr/shrinknp_400_400/AAEAAQAAAAAAAAUDAAAAJDU4YjM4OGNiLWE3MjUtNGVjMi05YzdlLTk1NGUwYTM4NTJhYg.jpg,Chris,Ballinger,Toyota Financial Services,Work: chris.ballinger@tri.global,chris.ballinger@tri.global,Mobile: +1 (310) 291 7171
,Dirk,Vollmann,BMW Group,Work: dirk.vollmann@bmwfin.com,dirk.vollmann@bmwfin.com,
https://media.licdn.com/mpr/mpr/shrinknp_400_400/p/1/000/197/1c3/1501c7d.jpg,Kris,Kobylinski,Jaguar Land Rover,Work: kkobylin@jaguarlandrover.com,kkobylin@jaguarlandrover.com,Mobile: +447881260300
,Rajendra,Goswami,Robert Bosch GmbH,None: rajendranath.goswami@in.bosch.com,rajendranath.goswami@in.bosch.com,
