PHOTO URL,FIRST NAME,LAST NAME,ORGANIZATION,EMAIL,EMAIL (PLAIN),PHONE
,Anirban,Saha,,None: anirban.saha@nokia.com,anirban.saha@nokia.com,
,Annette,Moody,Serco,annettemoody@hotmail.com: annettemoody@hotmail.com,annettemoody@hotmail.com,
,Ben,Kay,,None: Ben.KAY@everythingeverywhere.com,Ben.KAY@everythingeverywhere.com,
,Bill,Hutchison,,None: william.james.hutchison@gmail.com,william.james.hutchison@gmail.com,
,Carl,Barkey,American Express,carl.b.barkey@aexp.com: carl.b.barkey@aexp.com,carl.b.barkey@aexp.com,
,Chris,Schaumann,,None: chris.schaumann@nokia.com,chris.schaumann@nokia.com,
,Cosmo,Lush,,None: cosmo.lush@emimusic.com,cosmo.lush@emimusic.com,
,Dan,Collier,Elevate Direct,dc@elevatedirect.com: dc@elevatedirect.com,dc@elevatedirect.com,
,David,Aubrey-Jones,,None: David.Aubrey-Jones@rbs.co.uk,David.Aubrey-Jones@rbs.co.uk,
,Fred,Bolza,Sony Music Entertainment,Federico.Bolza@sonymusic.com: Federico.Bolza@sonymusic.com,Federico.Bolza@sonymusic.com,
,Graham,Bryce,Bauer Media,graham.bryce@bauermedia.co.uk: graham.bryce@bauermedia.co.uk,graham.bryce@bauermedia.co.uk,
,Greg,Jaeger,,None: greg.jaeger@aon.co.uk,greg.jaeger@aon.co.uk,
,Janina,Lieser,,None: Janina.Lieser@rbs.co.uk,Janina.Lieser@rbs.co.uk,
,Jay,Altschuler,,None: jay.altschuler@unilever.com,jay.altschuler@unilever.com,
,Jiten,Kachhela,,None: jiten.kachhela@anmedia.co.uk,jiten.kachhela@anmedia.co.uk,
,John,Farrelly,,None: john.farrelly@scottishwidows.co.uk,john.farrelly@scottishwidows.co.uk,
,John,Milliken,,None: john.milliken@mobilemoneynetwork.com,john.milliken@mobilemoneynetwork.com,
,John,O'Donovan,,None: john.odonovan@pressassociation.com,john.odonovan@pressassociation.com,
,Jo,Underhill,,None: jo.underhill@lovefilm.com,jo.underhill@lovefilm.com,
,Jude,Brooks,,None: judebrooks@ntlworld.com,judebrooks@ntlworld.com,
,Jude,Ower,,None: jude@theplaymob.com,jude@theplaymob.com,
,Leo,Ryan,Ogilvy & Mather Advertising,None: leo.ryan@ogilvy.com,leo.ryan@ogilvy.com,
,Marc,Nohr,,None: MNohr@KitcattNohr.com,MNohr@KitcattNohr.com,
,Max,Kalis,,None: max.kalis@lloydsbanking.com,max.kalis@lloydsbanking.com,
,Michael,Beech,,None: michael.beech@vitessemedia.co.uk,michael.beech@vitessemedia.co.uk,
,Myles,Macbean,,None: Myles.MacBean@everythingeverywhere.com,Myles.MacBean@everythingeverywhere.com,
,Paul,Hood,Archant,paul.hood@archant.co.uk: paul.hood@archant.co.uk,paul.hood@archant.co.uk,
,Permain,Alex,,None: Alex.Pearmain@o2.com,Alex.Pearmain@o2.com,
,Pinto,Hugo,,None: Hugo.Pinto@o2.com,Hugo.Pinto@o2.com,
,Richard,Carter,,None: richard.carter@anmedia.co.uk,richard.carter@anmedia.co.uk,
,Richard,Flower,,None: Richard.Flower@everythingeverywhere.com,Richard.Flower@everythingeverywhere.com,
,Richard,Houston,,None: RDavidsonhouston@Channel4.co.uk,RDavidsonhouston@Channel4.co.uk,
,Richard,Phillips,,None: Richard.Phillips@virginmedia.co.uk,Richard.Phillips@virginmedia.co.uk,
,Roger,Willmott,,None: Roger.Willmott@Emap.com,Roger.Willmott@Emap.com,
,Shomila,Malik,,None: shomila.malik@O2.com,shomila.malik@O2.com,
,Steve,Phillips,,None: Steve.A.Phillips@rbs.co.uk,Steve.A.Phillips@rbs.co.uk,
,Stuart,Pearson,,None: stuart.j.pearson@gsk.com,stuart.j.pearson@gsk.com,
,Suhela,Dighe,,None: suhela.dighe@emc.com,suhela.dighe@emc.com,
,Tim,Wright,Sony Pictures Entertainment,tim_wright@spe.sony.com: tim_wright@spe.sony.com,tim_wright@spe.sony.com,
