PHOTO URL,FIRST NAME,LAST NAME,ORGANIZATION,EMAIL,EMAIL (PLAIN),PHONE
,Vlasios,Vasileiou,Zopa,Work: vlasios.vasileiou@zopa.com,vlasios.vasileiou@zopa.com,
,Matthew,Keylock,YOOX NET-A-PORTER GROUP,Work: matthew.keylock@net-a-porter.com,matthew.keylock@net-a-porter.com,
,Patricia,Poku,World Vision International,Work: patpoku@gmail.com,patpoku@gmail.com,
,PJ,Bezuidenhout,WesBank,Work: pbezuidenhout@wesbank.co.za,pbezuidenhout@wesbank.co.za,
,Dan,Klein,Valtech,Work: dan.klein@valtech.co.uk,dan.klein@valtech.co.uk,
,Hugo,Porcher,University College London,Work: hugo.porcher.16@ucl.ac.uk,hugo.porcher.16@ucl.ac.uk,
,Alastair,Moore,University College London,Work: a.p.moore@ucl.ac.uk,a.p.moore@ucl.ac.uk,
,Matthew,Ford,UK Statistics Authority,Work: matthew.ford@statistics.gov.uk,matthew.ford@statistics.gov.uk,
,Matthew,Cossor,TP ICAP,Work: Matthew.Cossor@icap.com,Matthew.Cossor@icap.com,
,Adrian,Vella,Tipico Co Ltd,Work: lucia.meloni@tipico.com,lucia.meloni@tipico.com,
,Phil,Yeoman,The Pensions Regulator,Work: phil.yeoman@thepensionsregulator.gov.uk,phil.yeoman@thepensionsregulator.gov.uk,
,Lesley,Roe,The Institution of Engineering & Technology,Work: lroe@theiet.org,lroe@theiet.org,
,STEPHANE,PERE,The Economist,Work: stephanepere@economist.com,stephanepere@economist.com,
,Kristian,Monsen,Telia Company (Norway),Work: kristian.monsen@telia.no,kristian.monsen@telia.no,
,Magda,Piatkowska,Telegraph Media Group,Work: magda.piatkowska@telegraph.co.uk,magda.piatkowska@telegraph.co.uk,
,Paulo,Saraiva dos Santos,Statistics Portugal,Work: paulo.saraiva@ine.pt,paulo.saraiva@ine.pt,
,Gareth,Johns,Starcount,Work: gareth.johns@starcount.com,gareth.johns@starcount.com,
,Julia,Westland,Spencer Stuart,Work: jwestland@spencerstuart.com,jwestland@spencerstuart.com,
,Eloy,Sasot,Sodexo,"None: esasot@newscorp.com
Work: esasot@yahoo.com","esasot@newscorp.com, esasot@yahoo.com",
,Simon,Wright,Sky,Work: simon.wright@sky.uk,simon.wright@sky.uk,
,Abid,SAMALI,SIMG Conseil / Natixis Factor,Work: ABID.SAMALI@GMAIL.COM,ABID.SAMALI@GMAIL.COM,
,Rob,French,Shell International,Work: rob.french@shell.com,rob.french@shell.com,
,gabrielle,barnard,SGN Ltd,Work: gabrielle.barnard@sgn.co.uk,gabrielle.barnard@sgn.co.uk,
,Peter,Wilkinson,Semarchy Limited,Work: peter.wilkinson@semarchy.com,peter.wilkinson@semarchy.com,
,Silvina,Arce Gil,Santander Bank Spain,Work: silvinaarce@gruposantander.es,silvinaarce@gruposantander.es,
,Maria Eva,Montoro Candela,Santander Bank,Work: mmontoro@gruposantander.com,mmontoro@gruposantander.com,
,Mark,Hunter,Sainsbury's Bank,Work: mark.hunter@sainsburysbank.co.uk,mark.hunter@sainsburysbank.co.uk,
,Andrew,Day,Sainsbury's,Work: Andrew.Day@sainsburys.co.uk,Andrew.Day@sainsburys.co.uk,
,Nash,Patel,Sainburys,Work: nash.patel@sainsburys.co.uk,nash.patel@sainsburys.co.uk,
,Gillian,Tomlinson,RSA,Work: gillian.tomlinson@rsa.com,gillian.tomlinson@rsa.com,
,Wade,Munsie,Royal Mail Group,Work: wade.munsie@royalmail.com,wade.munsie@royalmail.com,
,Patrice,Gordon,Royal Mail,Work: patrice.gordon@royalmail.com,patrice.gordon@royalmail.com,
,Chris,Newell,Rewards4Racing Ltd,Work: chris.newell@rewards4racing.com,chris.newell@rewards4racing.com,
,Sylvia,Appiah,Reckitt Benckiser,Work: Sylvia.Appiah@rb.com,Sylvia.Appiah@rb.com,
,Stacey,Skidmore,Peoples Holdings,Work: staceyskidmore@peoplesholdings.co.uk,staceyskidmore@peoplesholdings.co.uk,
,Geoffrey,Zbinden,Orange,Work: geoffrey.zbinden@orange.com,geoffrey.zbinden@orange.com,
,James,Xuereb,One Fine Stay,Work: James.xuereb@onefinestay.com,James.xuereb@onefinestay.com,
,Zachary,Scott,Oliver Wyman,Work: Zachary.Scott@oliverwyman.com,Zachary.Scott@oliverwyman.com,
,Darran,Tucker,Office for National Statistics,Work: darran.tucker@ons.gsi.gov.uk,darran.tucker@ons.gsi.gov.uk,
,Jusdeep,Parshad,Office for National Statistics,Work: jusdeep.parshad@ons.gov.uk,jusdeep.parshad@ons.gov.uk,
,David,Johnson,Office for National Statistics,Work: david.johnson@ons.gov.uk,david.johnson@ons.gov.uk,
,Lynne,Innes,Npower,Work: Lynne.innes@rwe.com,Lynne.innes@rwe.com,
,Hicham,OUALI ALAMI,Nour Partners,Work: Hichamonline@gmail.com,Hichamonline@gmail.com,
,Pedro,Molleda,NH Hotels,Work: p.molleda@nh-hotels.com,p.molleda@nh-hotels.com,
,Joseph,Nathan,News UK,Work: joseph.nathan@news.co.uk,joseph.nathan@news.co.uk,
,caroline,carruthers,Network Rail,Work: caroline.carruthers@networkrail.co.uk,caroline.carruthers@networkrail.co.uk,
,Emma,Corbett,Network Rail,Work: emma.corbett@networkrail.co.uk,emma.corbett@networkrail.co.uk,
,Fatmata,Mustapha,Nestlé UK,Work: fatmata.mustapha@uk.nestle.com,fatmata.mustapha@uk.nestle.com,
,Harpreet,Badhan,Neopost,Work: harpreet.badhan@neopost.co.uk,harpreet.badhan@neopost.co.uk,
,Stephan,Den Hengst,Nederlandse Politie,Work: stephan.den.hengst@politie.nl,stephan.den.hengst@politie.nl,
,Ian,Tinney,NCC,Work: iantinney@gmail.com,iantinney@gmail.com,
,Piers,Stobbs,Moneysupermarket Group,Work: piers.stobbs@moneysupermarket.com,piers.stobbs@moneysupermarket.com,
,Gary,Goldberg,Mizuho International,Work: gary.goldberg@uk.mizuho-sc.com,gary.goldberg@uk.mizuho-sc.com,"Work: +442070906686
Work: +447901751580"
,Tony,Gosling,Ministry of Defence,Work: tony.gosling101@mod.gov.uk,tony.gosling101@mod.gov.uk,
,Brijesh,Balakrishnan,MESH The Experience Agency,Work: brijeshbalakrishnan@meshexperience.com,brijeshbalakrishnan@meshexperience.com,
,Alessandro,Bulfone,Mediobanca,Work: alessandro.bulfone@mediobanca.com,alessandro.bulfone@mediobanca.com,
,Timor,Ahmad,Lloyd's of London,Work: timor.ahmad@lloyds.com,timor.ahmad@lloyds.com,
,Helen,Crooks,Lloyd's of London,Work: helen.crooks@lloyds.com,helen.crooks@lloyds.com,
,Robert,Lee,Lloyds Banking Group,Work: Rob.lee@lloydsbanking.com,Rob.lee@lloydsbanking.com,
,Simon,Young,Link Financial,Work: syoung@linkfinancial.co.uk,syoung@linkfinancial.co.uk,
,Samuel,Benson,Lidl UK,Work: samuel.benson@lidl.co.uk,samuel.benson@lidl.co.uk,
,Martin,Ratolistka,Kiwi.com,Work: martin.ratolistka@kiwi.com,martin.ratolistka@kiwi.com,
,Daniel,Thull,Johnson & Johnson,Work: dthull@its.jnj.com,dthull@its.jnj.com,"Work: +415823153063
Work: +41797680025"
,Monica,Cardoso Salgado,John Lewis Partnership,Work: monica.cardoso.salgado@johnlewis.co.uk,monica.cardoso.salgado@johnlewis.co.uk,
,Steve,Wright,John Lewis Partnership,"Work: steve_wright@johnlewis.com
Work: steve.x.wright@johnlewis.co.uk","steve_wright@johnlewis.com, steve.x.wright@johnlewis.co.uk",
,Eurydice,Lafferayrie,JobTeaser.com,Work: eurydice.lafferayrie@jobteaser.com,eurydice.lafferayrie@jobteaser.com,
,Jean,Ruiz,International Air Transport Association (IATA),Work: ruizj@iata.org,ruizj@iata.org,
,Bert,van de Haar,ING,Work: bert.van.de.haar@ing.nl,bert.van.de.haar@ing.nl,"Work: +31205639661
Mobile: + 31 6 21250688"
,Ben,Cooper,Information Builders,Work: ben_cooper@ibi.com,ben_cooper@ibi.com,
,Liz,Verchase-Manger,Informatica,Work: lmanger@informatica.com,lmanger@informatica.com,
https://media.licdn.com/mpr/mpr/shrinknp_400_400/p/3/000/046/18b/2bb8f31.jpg,Dan,Johnson,HSBC,"Personal: dan.johnson@handfulofpebbles.com
Work: dan.johnson@hsbc.com","dan.johnson@handfulofpebbles.com, dan.johnson@hsbc.com","Mobile: 07986 533 668
Work:  +44 20 7992 0498        "
https://media.licdn.com/mpr/mpr/shrinknp_400_400/AAEAAQAAAAAAAAWXAAAAJDM2OTIyNDBlLWZkN2ItNGE3Ny04YmNkLTA3NTc3MjAzYWViYw.jpg,Paul,Cullender,HSBC,Work: paul.cullender@hsbc.com,paul.cullender@hsbc.com,
,Mark,Barry,HMRC,Work: mark.barry@hmrc.gsi.gov.uk,mark.barry@hmrc.gsi.gov.uk,
,Eilish,Slater,HMRC,Work: eilish.slater@hmrc.gsi.gov.uk,eilish.slater@hmrc.gsi.gov.uk,
,Joao,Torres Barreiro,HCL,Work: joao.barreiro@hcl.com,joao.barreiro@hcl.com,
,Sara,Howers,Haymarket Media Group,Work: Sara.howers@haymarket.com,Sara.howers@haymarket.com,
,Ross,McLachlan,Hargreaves Lansdown,Work: ross.mclachlan@hl.co.uk,ross.mclachlan@hl.co.uk,
,Rodney,Whale,GSK,Work: rodney.j.whale@gsk.com,rodney.j.whale@gsk.com,
,Simon,Roach,GlaxoSmithKline,Work: simon.m.roach@gsk.com,simon.m.roach@gsk.com,
,David,Diamond,Getinge Group,Work: david.diamond@getinge.com,david.diamond@getinge.com,
https://media.licdn.com/mpr/mpr/shrinknp_400_400/AAEAAQAAAAAAAAaYAAAAJDIzMDgyY2JlLWYxM2EtNGEwZS1hYzg3LWM3MTVkZjgxMDE1NQ.jpg,Roberto,Maranca,GE Capital,"personal: ocapitan@hotmail.com
lloyds: roberto.maranca@lloydsbanking.com
Work: R.maranca@outlook.com","ocapitan@hotmail.com, roberto.maranca@lloydsbanking.com, R.maranca@outlook.com",
,Juliane,Jung,Gartner,Work: juliane.jung@gartner.com,juliane.jung@gartner.com,
,Udo,Wuertz,Fujitsu Technology Solutions GmbH,Work: Udo.Wuertz@ts.fujitsu.com,Udo.Wuertz@ts.fujitsu.com,
,Andrew,Bolton,Fraudscreen UK,Work: jill.bolli@fraudscreen.co.uk,jill.bolli@fraudscreen.co.uk,
,Oleksandr,Dyklevych,Ferratum Group,Work: oleksandr.dyklevych@ferratum.com,oleksandr.dyklevych@ferratum.com,
,anna,ahtiainen,Essence Digital,Work: anna.ahtiainen@essencedigital.com,anna.ahtiainen@essencedigital.com,
,DIDIER,RICHAUDEAU,EQUANCY,Work: drichaudeau@equancy.com,drichaudeau@equancy.com,
,Jim,Swainston,Emerald Group Publishing Ltd,Work: jswainston@emeraldinsight.com,jswainston@emeraldinsight.com,
,Rajesh,Choorithody,Emerald Group Publishing Ltd,Work: raj.thody@gmail.com,raj.thody@gmail.com,
,Adam,Butt,Emerald Group Publishing Limited,Work: abutt@emeraldinsight.com,abutt@emeraldinsight.com,
,Anna,Zeiter,eBay International AG,Work: azeiter@ebay.com,azeiter@ebay.com,
,Geraldine,Gallagher,DWF,Work: Geraldine.Galalgher@DWF.Law,Geraldine.Galalgher@DWF.Law,
,Lucy,Knight,Devon County Council,Work: lucy.knight@devon.gov.uk,lucy.knight@devon.gov.uk,
,Graham,Thomas,Deutsche Telekom UK Ltd,Work: graham.thomas@telekom.com,graham.thomas@telekom.com,
,Mayur,Halai,Deutsche Bank,Work: mayur.halai@db.com,mayur.halai@db.com,
,David,Young,Datalytyx,Work: david.young@datalytyx.com,david.young@datalytyx.com,
,Ross,McEwan,CYBG plc,Work: rfmcewan75@hotmail.com,rfmcewan75@hotmail.com,
,Richard,Ellison,CYBG (Clydesdale Bank),"Work: richar.ellison@cbonline.co.uk
Work: richard.ellison@cybg.com","richar.ellison@cbonline.co.uk, richard.ellison@cybg.com",
,Damian,Spendel,Credit Suisse,Work: damian.spendel@credit-suisse.com,damian.spendel@credit-suisse.com,
,Stephen,Magora,Credit Suisse,Work: stephen.magora@credit-suisse.com,stephen.magora@credit-suisse.com,
,Norman,Stuertz,Credit Suisse,Work: norman.stuertz@credit-suisse.com,norman.stuertz@credit-suisse.com,
,Justin,Cullen,Core Media,Work: justin.cullen@coremedia.ie,justin.cullen@coremedia.ie,
,Martin,Lynch,CNA Hardy,Work: martin.lynch@cnahardy.com,martin.lynch@cnahardy.com,
,Shaymoly,Mukherjee,Catalyst Housing Group,Work: shaymoly.mukherjee@chg.org.uk,shaymoly.mukherjee@chg.org.uk,
,Amelia,Nunes,Burberry,Work: Amelia.Nunes@burberry.com,Amelia.Nunes@burberry.com,
,Nav,Nair,Burberry,Work: nav.nair@burberry.com,nav.nair@burberry.com,
,Jon,Moxham,British Red Cross,"Work: jmoxham@redcross.org.uk
Work: JMoxham@redcross.org.uk","jmoxham@redcross.org.uk, JMoxham@redcross.org.uk",
,Ian,Goodwin,British Council,Work: ian.goodwin@britishcouncil.org,ian.goodwin@britishcouncil.org,
,Elias,Baltassis,Boston Consulting Group,Work: baltassis.elias@bcg.com,baltassis.elias@bcg.com,
,Jo,Coutuer,BNP Paribas Fortis,Work: jo.coutuer@bnpparibasfortis.com,jo.coutuer@bnpparibasfortis.com,
,Luc,Machiels,BNP Paribas Fortis,Work: luc.machiels@bnpparibasfortis.com,luc.machiels@bnpparibasfortis.com,
,Anne-Marie,Glineur,Belfius,Work: anne-marie.glineur@belfius.be,anne-marie.glineur@belfius.be,
,Elena,Alfaro,BBVA Data & Analytics,"elena.alfaro@bbva.com: elena.alfaro@bbva.com
Work: elena.alfaro@bbvadata.com","elena.alfaro@bbva.com, elena.alfaro@bbvadata.com",
,Cherry,Chan,Barnett Waddingham.co.uk,Work: cherry.chan@barnett-waddingham.co.uk,cherry.chan@barnett-waddingham.co.uk,
,Grant,Lewis,Barclaycard,Work: grant.lewis@barclaycard.co.uk,grant.lewis@barclaycard.co.uk,
,Alwyn,Thomas,Bank of Ireland UK,Work: alwyn.thomas@boi.com,alwyn.thomas@boi.com,
,Barry,Green,Bank of Ireland,"Work: barry.green@bankofireland.com
Work: Barry.Green@BOI.com","barry.green@bankofireland.com, Barry.Green@BOI.com",
,Raul,Cruces,Banco Santander,Work: rcruces@gruposantander.com,rcruces@gruposantander.com,
,Julio,Valero Gomez,Banco Santander,Work: jvalergo@gruposantander.com,jvalergo@gruposantander.com,
,Nirali,patel,AXA PPP Healthcare,Work: nirali.patel@axa-ppp.co.uk,nirali.patel@axa-ppp.co.uk,
,muriel,dutheil-petiot,AWP,Work: muriel.dutheil-petiot@allianz.com,muriel.dutheil-petiot@allianz.com,
,Andrew,Wells,Aviva,Work: andrew.m.wells@aviva.com,andrew.m.wells@aviva.com,
,Andy,Ruckley,ASOS,Work: andy.ruckley@asos.com,andy.ruckley@asos.com,
https://abs.twimg.com/sticky/default_profile_images/default_profile_0_normal.png,Michael,Servaes,Army,Work: michaelservaes@aol.com,michaelservaes@aol.com,
,Harsha,Swamy,Antuit Limited,Work: harsha.swamy@antuit.com,harsha.swamy@antuit.com,
,Amit,Khanna,Antuit,Work: amit.khanna@antuit.com,amit.khanna@antuit.com,
,Barry,Panayi,Amlin,"Work: bpanayi@gmail.com
Work: barry.p@amlinc.com
Work: barry.panayi@amlin.com","bpanayi@gmail.com, barry.p@amlinc.com, barry.panayi@amlin.com",
,Philipp,Raether,Allianz,Work: philipp.raether@allianz.com,philipp.raether@allianz.com,
,Alexandra,Korda,Affinion International,Work: alexandra.korda@affinioninternational.com,alexandra.korda@affinioninternational.com,
,Graeme,Mcdermott,Addison Lee,Work: graeme.mcdermott@addisonlee.com,graeme.mcdermott@addisonlee.com,
,Nick,Maynard,10x,"Work: nickmaynard40@yahoo.co.uk
Work: gordon.griffin@voyanta.com","nickmaynard40@yahoo.co.uk, gordon.griffin@voyanta.com",
,Alice,Marini,,Work: alice.marini@johnlewis.co.uk,alice.marini@johnlewis.co.uk,
