PHOTO URL,FIRST NAME,LAST NAME,ORGANIZATION,EMAIL,EMAIL (PLAIN),PHONE
,Abdulla,Nur,Kingston University,Work: abdullanur94@gmail.com,abdullanur94@gmail.com,
,Abhimanyu,Dayal,CASS Business School,Work: adayal326@gmail.com,adayal326@gmail.com,
,Abitamim,Shaikhali,London Metal Exchange,Work: abitamim.shaikhali@lme.com,abitamim.shaikhali@lme.com,
,Alixe,Bhagooa,Web Gear,Work: alixe@webgear.pro,alixe@webgear.pro,
,Andres,Arevalo-Maklouf,Novetech,Work: andres.arevalomaklouf@gmail.com,andres.arevalomaklouf@gmail.com,
,Andrew,Campbell,Massive Small Collective,Work: andrew@massivesmall.org,andrew@massivesmall.org,
,Anush,Ravi,Entrepreneur First,Work: orangeanush@hotmail.co.uk,orangeanush@hotmail.co.uk,
,Baljeet,Dogra,KSL,Work: baljeet_dogra@yahoo.com,baljeet_dogra@yahoo.com,
,Cedric,Marie,Barclays Bank PLC,cedricmarie@me.com: cedricmarie@me.com,cedricmarie@me.com,
,Claire,Trachet,wOndary,Work: claire.trachet@gmail.com,claire.trachet@gmail.com,
,Clare,Markham,Coinsilium,Work: cmm323@gmail.com,cmm323@gmail.com,
,Damien,Ducourty,Blockchain Lab,"damiend@orouge.com: damiend@orouge.com
Work: damien@b9lab.com","damiend@orouge.com, damien@b9lab.com",
,Flora,Paterson,Monetas,Work: flora.paterson@monetas.net,flora.paterson@monetas.net,
,Gary,Hurlstone,Atkins Global,Work: gary.hurlstone@atkinsglobal.com,gary.hurlstone@atkinsglobal.com,
https://pbs.twimg.com/profile_images/2678084991/5d9c3e12ae68a34229e0e18c07ef5fa2_normal.jpeg,Gary,Nuttall,Lloyds Banking Group,"nuttall_gary@hotmail.com: nuttall_gary@hotmail.com
Work: gary.nuttall@lloyds.com
Work: nuttall_gary@hotmail.com
Work: gnuttall@distlytics.com","nuttall_gary@hotmail.com, gary.nuttall@lloyds.com, nuttall_gary@hotmail.com, gnuttall@distlytics.com",
,Giordano,Sassaroli,cefriel,Work: giordano.sassaroli@cefriel.com,giordano.sassaroli@cefriel.com,
,Havell,Rodrigues,Adjoint,Work: havell.rodrigues@gmail.com,havell.rodrigues@gmail.com,
,John,Farrell,GroFX Ltd,Work: jfarrell89@yahoo.com,jfarrell89@yahoo.com,
,John,Moss,IceBlog,Work: john@icebloq.com,john@icebloq.com,
,Kana,Butkovic,First Data,Work: kanabutkovic@me.com,kanabutkovic@me.com,
,Koim,Tschoe,Credit Suisse Group,Work: koim.tschoe@gmail.com,koim.tschoe@gmail.com,
,Leon,Kronqvist,PA Consulting Group,Work: leon.kronqvist@gmail.com,leon.kronqvist@gmail.com,
,Michael,Tymofijiw,La Fosse Associates,Work: michael.tymofijiw@lafosse.com,michael.tymofijiw@lafosse.com,
,Niketa,Patel,Columba Edu,Work: np2419@columbia.edu,np2419@columbia.edu,
,Panagiotis,Ntafopoulos,Capco,Work: p.ntafopoulos@gmail.com,p.ntafopoulos@gmail.com,
,Patricia,webber,QAL,Work: patricia@patriciawebber.com,patricia@patriciawebber.com,
,Paul,Mellen,PVM Tech,Work: paul.mellen@gmail.com,paul.mellen@gmail.com,
,Riaz,Kanani,BlooIgloo,Work: riaz@connectedpaths.co.uk,riaz@connectedpaths.co.uk,
,Samson,Wong,Deloitte,Work: samson9993@gmail.com,samson9993@gmail.com,
,Steven,Berryman,Mosaic,Work: berrymas@yahoo.co.uk,berrymas@yahoo.co.uk,
,Thomas,Plaks,ERSA-ADN Publishing,Work: org@ersaconf.org,org@ersaconf.org,
,Trevor,Oakley,zillerium,Work: trevor@merrows.co.uk,trevor@merrows.co.uk,
,Tristan,Pelloux,Clydesdale Bank plc (CYBG),Work: tristan.pelloux@gmail.com,tristan.pelloux@gmail.com,
,Val,Sedounik,Kairos,Work: val@sedounik.com,val@sedounik.com,
,Victor,Arriola,GSI,Work: arriola.victor@gmail.com,arriola.victor@gmail.com,
,Will,Squires,Gunnerbloom Limited,Work: will.squires@gunnerbloom.com,will.squires@gunnerbloom.com,
,Yacine,Terai,Coinsilium,Work: yacineterai@coinsilium.com,yacineterai@coinsilium.com,
