PHOTO URL,FIRST NAME,LAST NAME,ORGANIZATION,EMAIL,EMAIL (PLAIN),PHONE
,Abraham,Cambridge,The Sun Exchange,,,
,Afonso,Caluege,Banco BAI,,,
,Alan,Cameron,BNP Paribas,,,
,Al,Carpetto,Intellect,,,
,Amber,Case,Harvard Berkman Klein Center,,,
,Andre,Casterman,Intix,,,
,Anne-Lise,Cavalier,SWIFT,,,
,Baihas,Baghdadi,Barclays Bank PLC,,,
,Bernard,Carless,FIRSTRAND BANK LIMITED,,,
,Brian,Caplen,The Banker,,,
,Bruno,Cambounet,Axway,,,
,Carla,Cacciamano,Enterprise S.p.A.,,,
,Caroline,Cain,"Midas, Inc",,,
,Christa,Cammaert,The Meyer Partnership,,,
,Claes,Calemark,Nordea Limited,,,
,Claudia,Cassinari,SWIFT,,,
,Claudio,Anfossi,Be Consulting,,,
,Claudio,Caiata,Bank J. Safra Sarasin Ltd,,,
,Clementine,Baig,Kickstart Accelerator,,,
,Colin,Adams,Lipis Advisors,,,
,Corey,Cardine,HSBC Bank PLC,,,
,Dan,Adamson,"Outside Intelligence, Inc",,,
,Daniel,Bardini,Bottomline Technologies,,,
,Danilo,Callegher,SAP,,,
,David,Cameron,CGI,,,
,David,Cavanagh,National Australia Bank,,,
,Elsa,Acierno,Be Consulting,,,
,Emanuele,Cecala,Associazione Bancaria Italiana,,,
,Enrico,Camerinelli,Aite Group,None: ecamerinelli@aitegroup.com,ecamerinelli@aitegroup.com,
,Fernando,Campos,Microsoft,,,
,Filip,Caron,BANQUE NATIONALE DE BELGIQUE,,,
,Flavio,Caricasole,MirWare srl,,,
,Florent,Canizares,SWIFT,,,
,Frank,Carr-Allinson,Commerzbank AG,,,
,Frédéric,Becker,Luxembourg House of FinTech,,,
,Frederic,Cabay,Bank of Tokyo-Mitsubishi UFJ,,,
,Frederick,Bar,Payments Advisory Group,,,
,Gunnar,Camner,GSMA,,,
,Hrant,Balozian,MEAB SAL,,,
,Isabelle,Carbon,SWIFT,,,
,Jacques,Caers,GuardSquare,,,
,Jean-François,Cardella,The Futures Agency,,,
,Jin,Cao,Intel Corporation,,,
,Jochen,Cerny,Commerzbank AG,,,
,John,Campbell,ANZ Banking Group Ltd,,,
,Jorge,Catalão,Microsoft,,,
,Jose Luis,Igareda,Santander,,,
,Jose Pablo,Castello,NTT Data,,,
,Kittredge,Carswell,CGI,,,
,Laura,Cerroni,Credito Emiliano S.p.A.,,,
,Laurence,Caron-Habib,BNP Paribas Securities Services,,,
,Laurent,Caraffa,Barclays Bank PLC,,,
,Louis,Carbonnier,Euler Hermes Credit France,,,
,Marcel,Bronmans,SWIFT,,,
,Marcello,Calabrò,UniCredit,,,
,Maria,Cabral,"BANCO DE VENEZUELA, S.A. BANCO UNIVERSAL",,,
,Marisa,Casale,Enterprise S.p.A.,,,
,Mary,Callahan,"ITBIT TRUST COMPANY, LLC",,,
,Maryline,Ceciliot,SWIFT,,,
,Mathieu,Cattafesta,SWIFT,,,
,Matteo,Cassina,Saxo Bank,,,
,Mauro,Cappiello,RISE Technologies,,,
,Michael,Bührer,UBS Limited,,,
,Michelle,Cassidy,High Commission of Canada,,,
,Musaifer,Alosaimi,HSBC Bank PLC,,,
,Nick,Caplan,FASTER PAYMENTS SCHEME LIMITED,,,
,Ornella,Cedro,Banca Popolare di Milano,,,
,Patrik,Centellini,Tieto,,,
,Paul,Campbell,BANGKOK BANK PUBLIC COMPANY LIMITED,,,
,Paul,Caveller,Pitney Bowes,,,
,Pedro,Batista,Currencycloud,,,
,Peter,Camenzind,BANK VONTOBEL AG,,,
,Philippe,Barbe,HSBC Bank PLC,,,
,Philippe,Calvet,CGI,,,
,Philippe,Castelanelli,HSBC Bank PLC,,,
,Pierre,Calvet,Diamis,,,
,Rahul,Banerji,Oracle,,,
,Ralf,Böpple,Landesbank Baden-Württemberg (LBBW),,,
,Raoul,Casellini,Credit Suisse Group,,,
,Ray,Caradine,IBM,,,
,Rebecca,Carvatt,EY,,,
,Ricardo,Carvalho,"NOVO BANCO, SA (FORMERLY BANCO ESPIRITO SANTO SA)",,,
,Richard,Cadapeaud,IBM,,,
,Robert,Cavers,Thomson Reuters,,,
,Ron,Caton,Wells Fargo,,,
,Russell,Callaway,Clearstream Banking,,,
,Sabin,Carantina,Transfond S.A.,,,
,Sebastian,Bürgel,Validity Labs AG,,,
,Seiko,Callender,U.S. BANK,,,
,Sema,Canpolat,TURKIYE VAKIFLAR BANKASI T.A.O SANAYI MAH ESKI BUYUKDERE CAD,,,
,Silvio,Carvalho,Banco Safra SA,,,
,Stefano,Achermann,Be Consulting,,,
,Stephen,Bayly,HSBC Bank PLC,,,
,Steve,Allen,Barclays Bank PLC,Work: steve.allen@barclays.com,steve.allen@barclays.com,
,Tom,Callaert,SOCIETY FOR WORLDWIDE INTERBANK FINANCIAL TELECOMMUNICATION SCRL,,,
,Tom,Carey,Broadridge Financial Solutions,,,
,Vicente,Calderón,"BANKINTER, S.A",,,
