PHOTO URL,FIRST NAME,LAST NAME,JOB ROLE,ORGANIZATION,EMAIL,EMAIL (PLAIN),PHONE
,Adrian,Boyd,,UBS Limited,adrian.boyd@ubs.com: adrian.boyd@ubs.com,adrian.boyd@ubs.com,
,Bertrand,Malefant,,Societe Generale,bertrand.malefant@sgss.socgen.com: bertrand.malefant@sgss.socgen.com,bertrand.malefant@sgss.socgen.com,
,Colin,Hall,,Credit Suisse Group,colin.hall@credit-suisse.com: colin.hall@credit-suisse.com,colin.hall@credit-suisse.com,
,Diarmuid,O'Donovan,,LGIM,Diarmuid.O'Donovan@lgim.com: Diarmuid.O'Donovan@lgim.com,Diarmuid.O'Donovan@lgim.com,
,Elena,Alfaro,Chief Data Officer,BBVA Data & Analytics,"elena.alfaro@bbva.com: elena.alfaro@bbva.com
Work: elena.alfaro@bbvadata.com","elena.alfaro@bbva.com, elena.alfaro@bbvadata.com",
,Gary,Goldberg,Chief Data Officer,Mizuho International,Work: gary.goldberg@uk.mizuho-sc.com,gary.goldberg@uk.mizuho-sc.com,"Work: +442070906686
Work: +447901751580"
,Gillian,Tomlinson,,Royal Sun Alliance,gillian.tomlinson@rsagroup.com: gillian.tomlinson@rsagroup.com,gillian.tomlinson@rsagroup.com,
,Graham,Smith,,RBS,graham.smith@rbs.co.uk: graham.smith@rbs.co.uk,graham.smith@rbs.co.uk,
,Katia,Walsh,,Vodafone Group Public Limited Company,katia.walsh@vodafone.com: katia.walsh@vodafone.com,katia.walsh@vodafone.com,
,Natalie,Jakomis,Chief Statistician,Dwr Cymru Welsh Water,natalie.jakomis@yahoo.co.uk: natalie.jakomis@yahoo.co.uk,natalie.jakomis@yahoo.co.uk,
,Peter,Serenita,,HSBC Bank PLC,peter.x.serenita@us.hsbc.com: peter.x.serenita@us.hsbc.com,peter.x.serenita@us.hsbc.com,
,Shameek,Kundu,,Societe Generale,Shameek.Kundu@sc.com: Shameek.Kundu@sc.com,Shameek.Kundu@sc.com,
,Tarill,Baker,,HSBC Bank PLC,tarrill.baker@hsbcib.com: tarrill.baker@hsbcib.com,tarrill.baker@hsbcib.com,
,Vjiay,Rajandram,,JLL,vijay.Rajandram@eu.jll.com: vijay.Rajandram@eu.jll.com,vijay.Rajandram@eu.jll.com,
