PHOTO URL,FIRST NAME,LAST NAME,ORGANIZATION,EMAIL,EMAIL (PLAIN),PHONE
,Adrian,Daniel,,"None: aj.daniel@btinternet.com
None: adrian.daniel@dunnhumby.com","aj.daniel@btinternet.com, adrian.daniel@dunnhumby.com",
,Andreas,Braun,Allianz Group,"ANDREAS.BRAUN1@ALLIANZ.COM: ANDREAS.BRAUN1@ALLIANZ.COM
ANDREAS.BRAUN1@allianz.com: ANDREAS.BRAUN1@allianz.com","ANDREAS.BRAUN1@ALLIANZ.COM, ANDREAS.BRAUN1@allianz.com",+49 172 6562298: +49 172 6562298
,Andrew,McMurtrie,Direct Line Group,Work: andrew.mcmurtrie@directlinegroup.co.uk,andrew.mcmurtrie@directlinegroup.co.uk,
,Andrew,Trigg,Land Registry,andrew.trigg@landregistry.gsi.gov.uk: andrew.trigg@landregistry.gsi.gov.uk,andrew.trigg@landregistry.gsi.gov.uk,+44 (0) 776 802 2041: +44 (0) 776 802 2041
,Anil,Kumar,AIG Europe Limited,anilshere@gmail.com: anilshere@gmail.com,anilshere@gmail.com,
,Asif,Nadeem,Provident Financial Group UK & ROI,asif.nadeem@provident.co.uk: asif.nadeem@provident.co.uk,asif.nadeem@provident.co.uk,
,Daniel,Nelson,Ocado Technology,daniel.nelson@ocado.com: daniel.nelson@ocado.com,daniel.nelson@ocado.com,
,Daniel,Ryan,Swiss Re,daniel_ryan@swissre.com: daniel_ryan@swissre.com,daniel_ryan@swissre.com,+44 20 7933 3408: +44 20 7933 3408
,Darren,Siddle,HSBC Bank PLC,darrensiddle@hotmail.com: darrensiddle@hotmail.com,darrensiddle@hotmail.com,
,David,Hayes,,None: david.hayes@santander.co.uk,david.hayes@santander.co.uk,
,David,Watkins,RSA,davidjwatkins@gmail.com: davidjwatkins@gmail.com,davidjwatkins@gmail.com,
,Dries,de Dauw,,None: driesdedauw@hotmail.com,driesdedauw@hotmail.com,
,Erkin,Oksel,Citi,erkin.oksel@citi.com: erkin.oksel@citi.com,erkin.oksel@citi.com,
,Gareth,Martin,Hewlett-Packard,"garethmartini@gmail.com: garethmartini@gmail.com
gareth.martin@atos.net: gareth.martin@atos.net
gareth.martin@atosorigin.com: gareth.martin@atosorigin.com","garethmartini@gmail.com, gareth.martin@atos.net, gareth.martin@atosorigin.com","07733 311462: 07733 311462
+44 7805 649790: +44 7805 649790"
,Giles,Pavey,dunnhumby,giles.pavey@dunnhumby.com: giles.pavey@dunnhumby.com,giles.pavey@dunnhumby.com,2088329442: 2088329442
,Gunnar,Peters,,None: gopeters@web.de,gopeters@web.de,
,Helen,Crooks,Lloyd's of London,Work: helen.crooks@lloyds.com,helen.crooks@lloyds.com,
,Hugues,Le Bars,Neopost,h.lebars@neopost.com: h.lebars@neopost.com,h.lebars@neopost.com,
,Jimmy,Hosang,Direct Line Group,jimmyhosang@gmail.com: jimmyhosang@gmail.com,jimmyhosang@gmail.com,
,Johan,Vallin,TeliaSonera,vallin@kth.se: vallin@kth.se,vallin@kth.se,
,John,Telford,Channel 4,JTelford@Channel4.co.uk: JTelford@Channel4.co.uk,JTelford@Channel4.co.uk,
,Jonathan,Mansley,Aviva plc,manslej@NORWICH-UNION.CO.UK: manslej@NORWICH-UNION.CO.UK,manslej@NORWICH-UNION.CO.UK,
,Josef,Habdank,Adform Aps,jahabdank@gmail.com: jahabdank@gmail.com,jahabdank@gmail.com,
,JP,Rangaswami,,None: jp.rangaswami@db.com,jp.rangaswami@db.com,
,Julia,Sutton,HSBC Bank PLC,julia.x.sutton@hsbc.com: julia.x.sutton@hsbc.com,julia.x.sutton@hsbc.com,+44 7796 700739: +44 7796 700739
,Keith,Holmes,RSA,keithdh80@hotmail.com: keithdh80@hotmail.com,keithdh80@hotmail.com,
,Kevin,Sulley,Thomson Reuters,kevsulley@googlemail.com: kevsulley@googlemail.com,kevsulley@googlemail.com,
,Kirill,Pankratov,Zurich Insurance Company Ltd.,"kirill.pankratov@rogers.com: kirill.pankratov@rogers.com
kirill.pankratov@zurich.com: kirill.pankratov@zurich.com","kirill.pankratov@rogers.com, kirill.pankratov@zurich.com",41446288275: 41446288275
,Kjersten Margaret,Moody,Unilever,kjersten_moody@yahoo.com: kjersten_moody@yahoo.com,kjersten_moody@yahoo.com,
,Kostas,Perifanos,Mail Online at Daily Mail,kostas.perifanos@gmail.com: kostas.perifanos@gmail.com,kostas.perifanos@gmail.com,
,Lara,Korz,,None: Lara.Korz@AIG.com,Lara.Korz@AIG.com,
,Lara,Korz,Azur Underwriting Limited,None: lara.korz@azurpcg.com,lara.korz@azurpcg.com,
,Lauren,Sager Weinstein,Transport for London,laurensagerweinstein01@tfl.gov.uk: laurensagerweinstein01@tfl.gov.uk,laurensagerweinstein01@tfl.gov.uk,
,Lisa,Jebodhsingh,InterContinental Hotels Group (IHG),lisa.jebodhsingh@gmail.com: lisa.jebodhsingh@gmail.com,lisa.jebodhsingh@gmail.com,
,Lorraine,Waters,HSBC Bank PLC,lorraine.waters@hsbcib.com: lorraine.waters@hsbcib.com,lorraine.waters@hsbcib.com,
,Luke,Anamourlis,,None: luke.anamourlis@metlife-marketing.com,luke.anamourlis@metlife-marketing.com,
,Manu,Kumar,,None: Manu.Kumar02@vodafone.com,Manu.Kumar02@vodafone.com,
,Marc-Olivier,Pittner,local.ch,tvpittner@gmail.com: tvpittner@gmail.com,tvpittner@gmail.com,
,Natalino,Busa,,None: natalino.busa@gmail.com,natalino.busa@gmail.com,
,Nigel,Davis,Willis,nwalderdavis@yahoo.co.uk: nwalderdavis@yahoo.co.uk,nwalderdavis@yahoo.co.uk,
,Nigel,Matthews,,None: nigel.matthews@hsbc.com,nigel.matthews@hsbc.com,
,Oleksandr,Pryymak,Facebook,235@inmind.org: 235@inmind.org,235@inmind.org,
,Paul,Linnane,Utiligroup,paul.liannane@utiligroup.com: paul.liannane@utiligroup.com,paul.liannane@utiligroup.com,1772770280: 1772770280
,Philip,Gunn,AIB Merchant Services,"gunnp@eircom.net: gunnp@eircom.net
phil.gillieg@yahoo.com: phil.gillieg@yahoo.com","gunnp@eircom.net, phil.gillieg@yahoo.com",
,Richard,Benjamins,Telefonica,vrbenjamins@gmail.com: vrbenjamins@gmail.com,vrbenjamins@gmail.com,
,Richard,Hart,Tyco Fire & Security,RHart100@gmail.com: RHart100@gmail.com,RHart100@gmail.com,
,Richard,Shelton,,None: richshelton01@yahoo.co.uk,richshelton01@yahoo.co.uk,
,Rod,Moyse,,None: rod.moyse@aviva.com,rod.moyse@aviva.com,
,Seamus,Murphy,,None: seamus.b.murphy@gmail.com,seamus.b.murphy@gmail.com,
,Sharon,Keogh,AIB Plc,sharon.e.keogh@aib.ie: sharon.e.keogh@aib.ie,sharon.e.keogh@aib.ie,
,Steven,Collings,Zoopla Property Group,steven.collings@zpg.co.uk: steven.collings@zpg.co.uk,steven.collings@zpg.co.uk,
,Steven,Pimblett,wejo ltd,"steve.pimblett@yahoo.co.uk: steve.pimblett@yahoo.co.uk
None: steve.pimblett@wejo.com","steve.pimblett@yahoo.co.uk, steve.pimblett@wejo.com",
,Steve,Vanourny,State Street Global Advisors Limited,svanourny@gmail.com: svanourny@gmail.com,svanourny@gmail.com,
,Stuart,Pearson,,None: stuart.pearson@aimia.com,stuart.pearson@aimia.com,
