PHOTO URL,FIRST NAME,LAST NAME,ORGANIZATION,EMAIL,EMAIL (PLAIN),PHONE
,Baljit,Sarpal,Sarpal Consultancy,"Work: baljitsarpal@sarpalconsult.com
Work: baljit.sarpal@outlook.com","baljitsarpal@sarpalconsult.com, baljit.sarpal@outlook.com","Mobile: +44 (0) 774 0098784
Work: +44 (0)203 931 6596"
,Christophe,le Lannou,Data Learning,cll@datalearning.eu: cll@datalearning.eu,cll@datalearning.eu,
,Ed,Blake,Starcount,Work: ed.blake@starcount.com,ed.blake@starcount.com,
,Gareth,Johns,Starcount,Work: gareth.johns@starcount.com,gareth.johns@starcount.com,
,Graeme,Mcdermott,Addison Lee,Work: graeme.mcdermott@addisonlee.com,graeme.mcdermott@addisonlee.com,
https://abs.twimg.com/sticky/default_profile_images/default_profile_0_normal.png,Michael,Servaes,Army,Work: michaelservaes@aol.com,michaelservaes@aol.com,
,Rajan,Pandhare,Irene Healthcare,None: rajanp@verpool.net,rajanp@verpool.net,
,Rob,Anderson,Privitar,Work: rob.anderson@privitar.com,rob.anderson@privitar.com,
