FIRST NAME,LAST NAME,JOB ROLE,ORGANIZATION,EMAIL,EMAIL (PLAIN),PHONE
Adrian,Daniel,Head of Data Architecture,NewDay,adrian.daniel@dunnhumby.com: adrian.daniel@newday.co.uk,adrian.daniel@newday.co.uk,
Agnieszka,Michalik,Senior Data Architect,Nokia,inesami@gmail.com: inesami@gmail.com,inesami@gmail.com,
Ahmet,Temizsoy,Director - Data Strategy & Operations,Standard & Poor's,temizsoyahmet@gmail.com: temizsoyahmet@gmail.com,temizsoyahmet@gmail.com,
Aki,Matsushima,Data Scientist (Senior Manager),Royal Mail,akimatsushima@gmail.com: akimatsushima@gmail.com,akimatsushima@gmail.com,
Alain,Ouk Glickman,VP Analytics,Orange Group,Work: alain.glickman@orange-ftgroup.com,alain.glickman@orange-ftgroup.com,
Alan,Covall,Head of Market Data,Lloyds Banking Group,alancovall@aol.com: alancovall@aol.com,alancovall@aol.com,
Alan,Priestley,Cloud & Big Data Analytics Solutions Marketing Director,Intel Corporation,alan.priestley@t-online.de: alan.priestley@t-online.de,alan.priestley@t-online.de,
Alasdair,Anderson,Head of Group Big Data Services,HSBC Bank PLC,alasdair.anderson@gmail.com: alasdair.anderson@gmail.com,alasdair.anderson@gmail.com,
Alberto,Villari,Data Governance Manager,Ricoh Europe,Personal: alberto.villari@ricoh-europe.com,alberto.villari@ricoh-europe.com,
Alex,Glaser,Data Scientist,PIERCE PROTOCOLS LIMITED,alexglaser1973@gmail.com: alexglaser1973@gmail.com,alexglaser1973@gmail.com,
Alpesh,Desai,Director/Enterprise Architect - Data Services,IHG - InterContinental Hotels Group,desaiak@gmail.com: desaiak@gmail.com,desaiak@gmail.com,
Alun,Jones,Data Scientist,Kone Cranes,Alun Jones <alun.jones@konecranes.com>: Alun Jones <alun.jones@konecranes.com>,Alun Jones <alun.jones@konecranes.com>,
Anantha,Prasad,"Global Head, Data Governance and Head, Data & Information Management EMEA",HSBC Bank PLC,Work: anantha.prasad@hsbc.com,anantha.prasad@hsbc.com,
Andreas,Braun,"Head, Global Data & Analytics",Allianz Group,"ANDREAS.BRAUN1@ALLIANZ.COM: ANDREAS.BRAUN1@ALLIANZ.COM
ANDREAS.BRAUN1@allianz.com: ANDREAS.BRAUN1@allianz.com","ANDREAS.BRAUN1@ALLIANZ.COM, ANDREAS.BRAUN1@allianz.com",+49 172 6562298: +49 172 6562298
Andrew,Deykin,Head of Data,Havas Media,andrew.deykin@gmail.com: andrew.deykin@gmail.com,andrew.deykin@gmail.com,
Andrew,Hall,Head of Data Fabric,BNP Paribas,Andrew.J.HALL@uk.bnpparibas.com: Andrew.J.HALL@uk.bnpparibas.com,Andrew.J.HALL@uk.bnpparibas.com,
Andrew,Maclaren,Executive Director - Information & Analytics,NATIONAL HEALTH SERVICES (NHS),acmaclaren@gmail.com: acmaclaren@gmail.com,acmaclaren@gmail.com,
Andrew,Mann,Customer Director- Food / Customer Data Director - Group,The Co-operative Group,,,-205335: -205335
Andrew,McMurtrie,Head of Data Science,Direct Line Group,Work: andrew.mcmurtrie@directlinegroup.co.uk,andrew.mcmurtrie@directlinegroup.co.uk,
Andrew,Trigg,Head of Data,Land Registry,andrew.trigg@landregistry.gsi.gov.uk: andrew.trigg@landregistry.gsi.gov.uk,andrew.trigg@landregistry.gsi.gov.uk,+44 (0) 776 802 2041: +44 (0) 776 802 2041
Anil,Kumar,Insurance Risk/Data Analyst,AIG Europe Limited,anilshere@gmail.com: anilshere@gmail.com,anilshere@gmail.com,
Ankur,Gupta,Solutions Engineer - Big Data,Hortonworks,ankur.dba@gmail.com: ankur.dba@gmail.com,ankur.dba@gmail.com,
Anna,Desiatnik,Data Analyst,Rothschild Bank,"ashatskikh@mail.usf.edu: ashatskikh@mail.usf.edu
Work: Anna.Desiatnik@rothschild.com","ashatskikh@mail.usf.edu, Anna.Desiatnik@rothschild.com",
Annie,Baldwin,"Senior Data Intelligence Architect, UK Representative",PALAMIR,anniebaldwin@hotmail.com: anniebaldwin@hotmail.com,anniebaldwin@hotmail.com,
Antonio,Alvarez,"Head of Data innovation at Isban UK, Santander group",ISBAN,aalvarez.internet@gmail.com: aalvarez.internet@gmail.com,aalvarez.internet@gmail.com,
Anya,Ziskina,"Head of Data Strategy and Analytics, Digital L'Oreal UKI",L'Oreal,anna.ziskina@gmail.com: anna.ziskina@gmail.com,anna.ziskina@gmail.com,
Arnaud,Zeitoun,"Global Head, Transformation",BNP Paribas,Work: arnaud.zeitoun@uk.bnpparibas.com,arnaud.zeitoun@uk.bnpparibas.com,
Asif,Nadeem,Head of Data Strategy and Delivery,Provident Financial Group UK & ROI,asif.nadeem@provident.co.uk: asif.nadeem@provident.co.uk,asif.nadeem@provident.co.uk,
Aswyn,Saktoe-Veenenbos,Manager Marketing Database Intelligence,T-Mobile Netherlands,Work: aswyn.saktoe-veenenbos@t-mobile.nl,aswyn.saktoe-veenenbos@t-mobile.nl,
Ben,Dudley,Head of Data Modelling,Havas Media,ben_r_dudley@hotmail.com: ben_r_dudley@hotmail.com,ben_r_dudley@hotmail.com,
Bo,Boisen,Program Director - Regulatory and Risk Analytics,HSBC Bank PLC,bboisen@gmail.com: bboisen@gmail.com,bboisen@gmail.com,
Boris,Huard,"UK&I Managing Director, Experian Data Quality",Experian,borishuard@hotmail.com: borishuard@hotmail.com,borishuard@hotmail.com,
Brennan,Carley,Global Head of Enterprise Platform and Enterprise Analytics Business,Thomson Reuters,brennan.carley@protonadvisors.com: brennan.carley@protonadvisors.com,brennan.carley@protonadvisors.com,
Brian,Bissett,Chief Data Officer,XL Catlin,None: Brian.Bissett@catlin.com,Brian.Bissett@catlin.com,
Bruno,Bonacci,BigData Architect in R&D,Channel 4,bonacci.bruno@gmail.com: bonacci.bruno@gmail.com,bonacci.bruno@gmail.com,
Carole,McCourt,Data Quality Manager,Sage,carolemccourtdqm@outlook.com: carolemccourtdqm@outlook.com,carolemccourtdqm@outlook.com,
Caroline,Carruthers,Chief Data Officer,,,,None: +447720512051
Charles,Cai,Head of Data Science Technology,BP p.l.c. (Trading Division),,,
Charles,Gadalla,"Director, Advanced Analytics (Predictive Analysis)",SAP,charles.gadalla@gmail.com: charles.gadalla@gmail.com,charles.gadalla@gmail.com,
Chris,Johnson,"Senior Product Manager, Market Data Services",HSBC Bank PLC,chris.johnson@hsbc.com: chris.johnson@hsbc.com,chris.johnson@hsbc.com,
Christine,De Tourniel,Chief Data Officer - CIB ITO,BNP Paribas,christinedetourniel@me.com: christinedetourniel@me.com,christinedetourniel@me.com,
Christophe,le Lannou,Smart Analytics - Data Science,Data Learning,cll@datalearning.eu: cll@datalearning.eu,cll@datalearning.eu,
Claire,Jessop,Head of Data Governance,Leeds Building Society,c.l.jessop@btopenworld.com: c.l.jessop@btopenworld.com,c.l.jessop@btopenworld.com,
Daniel,Dinnyes,Scala / Big Data Specialist (Contract),Barclays Bank PLC,dinnyesd@gmail.com: dinnyesd@gmail.com,dinnyesd@gmail.com,
Daniel,Nelson,Head of Data,Ocado Technology,daniel.nelson@ocado.com: daniel.nelson@ocado.com,daniel.nelson@ocado.com,
Daniel,Ryan,Head of R&D - Life&Health & Big Data,Swiss Re,daniel_ryan@swissre.com: daniel_ryan@swissre.com,daniel_ryan@swissre.com,+44 20 7933 3408: +44 20 7933 3408
Dan,Johnson,Chief Data Officer,HSBC,"Personal: dan.johnson@handfulofpebbles.com
Work: dan.johnson@hsbc.com","dan.johnson@handfulofpebbles.com, dan.johnson@hsbc.com","Mobile: 07986 533 668
Work:  +44 20 7992 0498        "
Dan,Kellett,Director of Data Science,Capital One,Dan.Kellett@capitalone.com: Dan.Kellett@capitalone.com,Dan.Kellett@capitalone.com,
Darren,Siddle,Data Lead - AMG - Big Data and Group Data Management Programme,HSBC Bank PLC,darrensiddle@hotmail.com: darrensiddle@hotmail.com,darrensiddle@hotmail.com,
David,Asfaha,Data Scientist,Addison Lee,davidasfaha@gmail.com: davidasfaha@gmail.com,davidasfaha@gmail.com,
David,Coughlin,"HPC, Open Source Cloud and Big Data Sales",Dell EMC,davec@f2s.com: davec@f2s.com,davec@f2s.com,
David,Fletcher,Chief Data Officer,MEC,Work: David.Fletcher@mecglobal.com,David.Fletcher@mecglobal.com,
David,Hayes,Chief Data Officer,Santander,david.hayes@santander.com: david.hayes@santander.com,david.hayes@santander.com,
David,Joyce,Data and Analytics Manager,Sage,david.joyce@sage.com: david.joyce@sage.com,david.joyce@sage.com,
David,Lang,Chief Data Officer,Lloyd's of London,davidmlang@btinternet.com: davidmlang@btinternet.com,davidmlang@btinternet.com,
David,May,Global Customer Analytics Capabilities - Senior Manager,Vodafone Group Public Limited Company,d_j_may@hotmail.com: d_j_may@hotmail.com,d_j_may@hotmail.com,
David,Pardoe,Group Head of Data Science,Hays,david.pardoe@aig.com: david.pardoe@aig.com,david.pardoe@aig.com,"2076516475: 2076516475
7990800534: 7990800534"
David,Pears,Head of Data & Integration,M&G,,,
David,Rhee,Global Marketing Analytics,adidas group,"wdaveonline@gmail.com: wdaveonline@gmail.com
None: david.rhee@adidas.com","wdaveonline@gmail.com, david.rhee@adidas.com",
David,Watkins,Chief Data Officer,RSA,davidjwatkins@gmail.com: davidjwatkins@gmail.com,davidjwatkins@gmail.com,
David,Wilton,Data Scientist,Admiral Group Plc,dave_wilton@hotmail.com: dave_wilton@hotmail.com,dave_wilton@hotmail.com,
Derek,Dempsey,"Director, Data Science Centre of Excellence",FICO,derek.dempsey@fico.com: derek.dempsey@fico.com,derek.dempsey@fico.com,2079408727: 2079408727
Dimitrios,Velmachos,"Group Chief Actuary, Head of Big Data & Analytics",Bupa,"Personal: dvelmachos@gmail.com
Work: dimitrios.velmachos@bupa.com","dvelmachos@gmail.com, dimitrios.velmachos@bupa.com","Work: +44 20 7656 2623
Mobile: +44 773 627 9631"
Domenico,Picone,"Head of Mortgage Analytics, European Mortgage Strategies",BlackRock,domenicopicone@hotmail.com: domenicopicone@hotmail.com,domenicopicone@hotmail.com,
Dorian,McCree,Data Analytics,Vodafone Group Public Limited Company,Work: dorian.mccree@vodafone.com,dorian.mccree@vodafone.com,
Dr Andrew,"Maynard BA, MA (Cantab) PhD",Big data analyst,Trakm8,,,
Dries,de Dauw,Head of Customer and Data Analytics,AG Insurance,,,
Dr. Przemyslaw,Rymaszewski,Predictive Analytics Program Manger,Zurich Insurance Company Ltd.,przemyslaw.rymaszewski@zurich.com: przemyslaw.rymaszewski@zurich.com,przemyslaw.rymaszewski@zurich.com,41786172465: 41786172465
Ed,Wiley,Chief Data Scientist; DVP Pricing,Sears Holdings Corporation,Ed.Wiley@BoulderStrategicAnalytics.com: Ed.Wiley@BoulderStrategicAnalytics.com,Ed.Wiley@BoulderStrategicAnalytics.com,
Ed,Wrazen,VP Product Management: Big Data,Trillium Software,ed.wrazen@trilliumsoftware.com: ed.wrazen@trilliumsoftware.com,ed.wrazen@trilliumsoftware.com,
Eleanor,Brown,"Senior Analytics Manager, Group Finance",Prudential Plc,Work: eleanor.brown@prudential.co.uk,eleanor.brown@prudential.co.uk,"Mobile: +44 7500 857388
Work: +44 207 004 4791"
Elisabeth,Ling,SVP Analytics,Elsevier,,,
Eloy,Sasot,Chief Data Officer,Sodexo,"None: esasot@newscorp.com
Work: esasot@yahoo.com","esasot@newscorp.com, esasot@yahoo.com",
Emanuele,Quintarelli,"Social Enterprise and Social Analytics, EMEIA Enterprise Intelligence Center of Excellence",EY,emanuele.quintarelli@gmail.com: emanuele.quintarelli@gmail.com,emanuele.quintarelli@gmail.com,
Emma,Ede,Head of Data Governance,M&G,,,
Enzo,Martoglio,NoSQL Analytics & Advanced Visualisation lead at SopraSteria,SopraSteria,emartoglio@yahoo.com: emartoglio@yahoo.com,emartoglio@yahoo.com,
Eran,Cypris,Data Warehouse Architect,Kohl's Department Stores,eran@myidea.com: eran@myidea.com,eran@myidea.com,
Erkin,Oksel,Big Data - Digital Controls Manager,Citi,erkin.oksel@citi.com: erkin.oksel@citi.com,erkin.oksel@citi.com,
Eulogio,Barragan,Enterprise Data Leader,GE Capital,None: eulogio.barragan@ge.com,eulogio.barragan@ge.com,
Evgeny,Vinogradov,Head of Data Warehouse and Analytical Services Development Department,Yandex.Money,dm_jonny@mail.ru: dm_jonny@mail.ru,dm_jonny@mail.ru,
Fabio Alexander,Corzo,Head Group Business Data Architecture,HSBC Bank PLC,fabio.corzo@hsbc.com: fabio.corzo@hsbc.com,fabio.corzo@hsbc.com,
Ferdinand,De Grijs,Head of Application and Data Architecture,ABN Amro Group,,,
Francesca,De Finis,Marketing Director EEMEA - The McDonald's Division at The Coca-Cola Company,The Coca-Cola Company,Work: https://it.linkedin.com/in/francesca-de-finis-a742031,https://it.linkedin.com/in/francesca-de-finis-a742031,
Fredi,Lienhardt,"VP, Big Data & Smart Analytics Centre Mgr",Swiss Re,fredi@lienhardt.es: fredi@lienhardt.es,fredi@lienhardt.es,
Gareth,Martin,Big Data Analytics Lead EMEA,Hewlett-Packard,"garethmartini@gmail.com: garethmartini@gmail.com
gareth.martin@atos.net: gareth.martin@atos.net
gareth.martin@atosorigin.com: gareth.martin@atosorigin.com","garethmartini@gmail.com, gareth.martin@atos.net, gareth.martin@atosorigin.com","07733 311462: 07733 311462
+44 7805 649790: +44 7805 649790"
Garry,Manser,Head of Data Governance,Visa Europe,,,
Garry,Williams,Deputy Global Head of Performance & Data Services,Aberdeen Asset Management,Garry.Williams@aberdeen-asset.com: Garry.Williams@aberdeen-asset.com,Garry.Williams@aberdeen-asset.com,
Gauthier,Labalette,"Director, EMEA Marketing Analytics",PayPal,labalette@gmail.com: labalette@gmail.com,labalette@gmail.com,
Gavin,Kaimowitz,"Director, Data Management Practice",Sapient,kaimowitz@gmail.com: kaimowitz@gmail.com,kaimowitz@gmail.com,
Gerhard,Mueller,"Principal, Analytics & Consulting, CESE",QuintilesIMS,Work: gmueller@de.imshealth.com,gmueller@de.imshealth.com,
Gert,Harren,Head of Data Management,HolidayCheck AG,mail@gertharren.de: mail@gertharren.de,mail@gertharren.de,
Giles,Pavey,Chief Data Scientist,dunnhumby,giles.pavey@dunnhumby.com: giles.pavey@dunnhumby.com,giles.pavey@dunnhumby.com,2088329442: 2088329442
Giuseppe,Gaviani,"Account Manager, Market Databases Group",CACI Ltd,ggaviani@gmail.com: ggaviani@gmail.com,ggaviani@gmail.com,
Giuseppe,Vettigli,Data Scientist,Cambridge Energy Data Lab,giuseppe.vettigli@camenergydatalab.com: giuseppe.vettigli@camenergydatalab.com,giuseppe.vettigli@camenergydatalab.com,
Graeme,Sherrington,Enterprise Data Architect (Interim),Amlin,graeme.sherrington@allianzgi.com: graeme.sherrington@allianzgi.com,graeme.sherrington@allianzgi.com,2070651441: 2070651441
Guillaume,"Gardey, Ph.D.",Big Data Consultant,HSBC Bank PLC,guillaume.gardey@gmail.com: guillaume.gardey@gmail.com,guillaume.gardey@gmail.com,
Gunnar,Peters,Head of Data and MI,Admiral Group Plc,,,
Guoxian,Yang,Chief Data Scientist,CapSo Inc.,gyang@tcd.ie: gyang@tcd.ie,gyang@tcd.ie,
Hany,Choueiri,Chief Data Officer,State Street Global Advisors Limited,"h_choueiri@hotmail.com: h_choueiri@hotmail.com
None: HChoueiri@StateStreet.com","h_choueiri@hotmail.com, HChoueiri@StateStreet.com",
Hariprasad,Akkineni,VP - Risk Reporting and Analytics Architect/Lead,Barclays Bank PLC,,,
Hari,Sekhon,Hadoop / Big Data Architect (Contract),Investment Bank,"hari.sekhon@uk.bnpparibas.com: hari.sekhon@uk.bnpparibas.com
harisekhon@gmail.com: harisekhon@gmail.com","hari.sekhon@uk.bnpparibas.com, harisekhon@gmail.com",
Harry,Radcliffe,"Head, Data & Analytics",Stott and May,Work: harry.radcliffe@stottandmay.com,harry.radcliffe@stottandmay.com,
Helen,Crooks,Chief Data Officer,Lloyd's of London,Work: helen.crooks@lloyds.com,helen.crooks@lloyds.com,
Henrik,Atteryd,,,,,
Howard,Barber,Head of CRM and Analytics,Standard Life,,,Work: 07711357826
Hugues,Le Bars,Chief Data Officer (CDO),Neopost,h.lebars@neopost.com: h.lebars@neopost.com,h.lebars@neopost.com,
Ian,Gibbs,Head of Commercial Insight at Guardian News and Media,The Guardian,Work: ian.gibbs@theguardian.com,ian.gibbs@theguardian.com,
Ignacio,Elola Villar,Data Scientist,Import.io,ignacioelolavillar@gmail.com: ignacioelolavillar@gmail.com,ignacioelolavillar@gmail.com,
Iqbal,Adjali,Head of Analytics,LV=,iqbal.adjali@btinternet.com: iqbal.adjali@btinternet.com,iqbal.adjali@btinternet.com,
James,Hanscomb,Chief Data Officer,tenthavenue,jameshanscomb@hotmail.com: jameshanscomb@hotmail.com,jameshanscomb@hotmail.com,
James,McAlister,Director of Analytics,Winterbourne Healthcare,jamesaccounting@gmail.com: jamesaccounting@gmail.com,jamesaccounting@gmail.com,
James,Ollunga,Associate Director of Analytics,MediaVest,ollunga@gmail.com: ollunga@gmail.com,ollunga@gmail.com,
Jason,Levin,"VP, Director of Data Analytics",Carat,jasonalevin@yahoo.com: jasonalevin@yahoo.com,jasonalevin@yahoo.com,
jedidiah,francis,Lead Data Scientist,CSC - Computer Sciences Corporation,jedidiah.francis@gmail.com: jedidiah.francis@gmail.com,jedidiah.francis@gmail.com,
Jeremy,Posner,Senior Director - Data Management and Strategy,Synechron,,,
Jimmy,Hosang,Insight and Analytics Manager,Direct Line Group,jimmyhosang@gmail.com: jimmyhosang@gmail.com,jimmyhosang@gmail.com,
John,Allen,"Chief Architect, Data Analytics and Big Data",Deutsche Bank AG,john.howard.allen@gmail.com: john.howard.allen@gmail.com,john.howard.allen@gmail.com,
John,Bowman,,,None: jmbowman@promontory.com,jmbowman@promontory.com,
John,Telford,Enterprise Data Architect,Channel 4,JTelford@Channel4.co.uk: JTelford@Channel4.co.uk,JTelford@Channel4.co.uk,
Jonathan,Hodges,"Chief Architect, Adaptive Learning and Analytics",Pearson North America,hodgesz@gmail.com: hodgesz@gmail.com,hodgesz@gmail.com,
Jonathan,Mansley,"Head of Data, Analytics and Insight",Aviva plc,manslej@NORWICH-UNION.CO.UK: manslej@NORWICH-UNION.CO.UK,manslej@NORWICH-UNION.CO.UK,
Jon,Catling,Director Global Data Architecture,Las Vegas Sands Corp.,,,
Joseph,Rice,Head of data sales,Twitter,jrice@twitter.com: jrice@twitter.com,jrice@twitter.com,
Joshua,Aburrow-Newman,Junior Data Scientist.,Markerstudy Insurance,JAburrow-Newman@markerstudy.com: JAburrow-Newman@markerstudy.com,JAburrow-Newman@markerstudy.com,
JP,Rangaswami,Chief Data Officer,Deutsche Bank AG,jobsworth@me.com: jobsworth@me.com,jobsworth@me.com,
Juha,Ylikoski,Head of Analytics Consumer Business,TeliaSonera Finland,Work: juha.ylikoski@teliasonera.com,juha.ylikoski@teliasonera.com,
Julian,Dorado,Director of Data Management,M&G,,,
Julian,Elliott,Chief Data Officer,DENTSU AEGIS NETWORK LTD.,"julian.elliott@dentsuaegis.com: julian.elliott@dentsuaegis.com
julian.elliott@dentsuaegis.com: julian.elliott@dentsuaegis.com","julian.elliott@dentsuaegis.com, julian.elliott@dentsuaegis.com",+44 7770 733310: +44 7770 733310
Julia,Sutton,Group Customer Data Strategy,HSBC Bank PLC,julia.x.sutton@hsbc.com: julia.x.sutton@hsbc.com,julia.x.sutton@hsbc.com,+44 7796 700739: +44 7796 700739
Justin,Couzens,Data Centre Lead,Cisco,jcouzens@live.co.uk: jcouzens@live.co.uk,jcouzens@live.co.uk,
Karim,Walji,Data Modeller,DST International,karimwalji@hotmail.com: karimwalji@hotmail.com,karimwalji@hotmail.com,
Karl,Hoffmann,"VP, Head of Database GTM",SAP,khoffman@thehoffers.net: khoffman@thehoffers.net,khoffman@thehoffers.net,
Kate,Davidson,Business Change Manager,AXA Group,Work: kate.davidson@axa.co.uk,kate.davidson@axa.co.uk,
Kathryn,Norris,Big Data Solutions Director EMEA,HCL AXON,norris_kathryn@hotmail.com: norris_kathryn@hotmail.com,norris_kathryn@hotmail.com,
Keith,Holmes,Head of Digital Analytics and Data,RSA,keithdh80@hotmail.com: keithdh80@hotmail.com,keithdh80@hotmail.com,
Kemal,Cetin,"Vice President GDBS - Commercial, Marketing, Analytics",Diageo,kemalcetin77@gmail.com: kemalcetin77@gmail.com,kemalcetin77@gmail.com,
Kevin,Smith,Head of Data Architecture,Willis,,,
Kevin,Sulley,Head of Data Architecture,Thomson Reuters,kevsulley@googlemail.com: kevsulley@googlemail.com,kevsulley@googlemail.com,
Keyur,Mehta,Data Warehouse Specialist,Betfair,keyur_mehta@yahoo.com: keyur_mehta@yahoo.com,keyur_mehta@yahoo.com,
Kirill,Pankratov,Global Head of Business Analytics & Market Research,Zurich Insurance Company Ltd.,"kirill.pankratov@rogers.com: kirill.pankratov@rogers.com
kirill.pankratov@zurich.com: kirill.pankratov@zurich.com","kirill.pankratov@rogers.com, kirill.pankratov@zurich.com",41446288275: 41446288275
Kjersten Margaret,Moody,"Vice President, Information and Analytics",Unilever,kjersten_moody@yahoo.com: kjersten_moody@yahoo.com,kjersten_moody@yahoo.com,
Kostas,Perifanos,Data Scientist,Mail Online at Daily Mail,kostas.perifanos@gmail.com: kostas.perifanos@gmail.com,kostas.perifanos@gmail.com,
Kris,Jack,Head of Data Science,RELX Group,mrkrisjack@gmail.com: mrkrisjack@gmail.com,mrkrisjack@gmail.com,
Kristina,Collins,MI Data Analyst,Lloyds Banking Group,kriscollins1@hotmail.co.uk: kriscollins1@hotmail.co.uk,kriscollins1@hotmail.co.uk,
Lara,Korz,Director Corporate Strategy,Azur Underwriting Limited,None: lara.korz@azurpcg.com,lara.korz@azurpcg.com,
Lars,Slagboom,Head of Data Management,ABN Amro Group,,,
Lauren,Sager Weinstein,Head of Analytics,Transport for London,laurensagerweinstein01@tfl.gov.uk: laurensagerweinstein01@tfl.gov.uk,laurensagerweinstein01@tfl.gov.uk,
Lisa,Jebodhsingh,"Director Performance Analytics, Global Sales & Marketing",InterContinental Hotels Group (IHG),lisa.jebodhsingh@gmail.com: lisa.jebodhsingh@gmail.com,lisa.jebodhsingh@gmail.com,
Lorraine,Waters,HSBC Deputy Chief Data Officer and Global Head of Data Governance,HSBC Bank PLC,lorraine.waters@hsbcib.com: lorraine.waters@hsbcib.com,lorraine.waters@hsbcib.com,
Louise,Gibson-Bolton,Big Data & Analytics Portfolio Director,IQPC,lulugbolton@googlemail.com: lulugbolton@googlemail.com,lulugbolton@googlemail.com,
Luke,Anamourlis,VP - Global CRM & Analytics Director,MetLife Alico,luke@anamourlis.co.uk: luke@anamourlis.co.uk,luke@anamourlis.co.uk,
Maciej,Piwoni,Global Analytics Manager,Sage,Work: maciej.piwoni@sage.com,maciej.piwoni@sage.com,
Manu,Kumar,"Head, Targeting, Optimization and Data Science",Vodafone Group Public Limited Company,manu.a.kumar@gmail.com: manu.a.kumar@gmail.com,manu.a.kumar@gmail.com,
Marc,Andrews,"Vice President, Industry Analytics Solutions",IBM,Work: marc.andrews@us.ibm.com,marc.andrews@us.ibm.com,
Marc-Olivier,Pittner,CDO,local.ch,tvpittner@gmail.com: tvpittner@gmail.com,tvpittner@gmail.com,
Mark,Howden,Client Data,ICBC Standard Bank,mark.howden@icbcstandard.com: mark.howden@icbcstandard.com,mark.howden@icbcstandard.com,
Mark,Musson,Big Data Architect,HSBC Bank PLC,mark@musson.co.za: mark@musson.co.za,mark@musson.co.za,
Mark,Ramsey,Chief Data Officer (CDO),GlaxoSmithKline,,,+1 817 304 9562: +1 817 304 9562
Mark,Say,Group Head of CRM & Customer Data,Volkswagen Group,mark.say@volkswagen.co.uk: mark.say@volkswagen.co.uk,mark.say@volkswagen.co.uk,
Mark,Thurstain-Goodwin,,Which?,Work: mtg@geofutures.com,mtg@geofutures.com,
Mark,Whitehorn,Professor of Analytics,the University of Dundee,,,
Martin,Glassborow,Infrastructure Delivery Manager - Storage and Data,Sky,marting@spellen.org: marting@spellen.org,marting@spellen.org,
Martin,Mitchell,Chief Data Architect,M&G,martinmitch@gmail.com: martinmitch@gmail.com,martinmitch@gmail.com,
Matt,Hobby,Senior Algorithm Developer/Data Scientist,Elsevier,mhobby1979@googlemail.com: mhobby1979@googlemail.com,mhobby1979@googlemail.com,
Max,Jolly,Head of Analytics,Vodafone Group Public Limited Company,,,
Meredith,Ross,Vice President - Reference Data,Credit Suisse Group,rossmeredith@gmail.com: rossmeredith@gmail.com,rossmeredith@gmail.com,
Michael,Foley,"Director, Data Science",EMC,mifoley@me.com: mifoley@me.com,mifoley@me.com,
Michael,O'Donohue,Director of Insight and Data,British Gas,,,
Michael,Reay,Data Warehouse Consultant,HSBC Bank PLC,mikereay@gmail.com: mikereay@gmail.com,mikereay@gmail.com,
Michael,Ridley,Chief Data Officer,Exterion Media,Work: Michael.Ridley@exterionmedia.co.uk,Michael.Ridley@exterionmedia.co.uk,
Michelle,Teufel,Head of Digital Strategy,Arrow Electronics,Personal: teufelm@gmail.com,teufelm@gmail.com,
Mike,Keig,Data & Analysis Controller,West Bromwich Building Society,,,
Mike,O'Donohue,Chief Data Officer,Camelot,None: Michaelodonohue@hotmail.com,Michaelodonohue@hotmail.com,
Milind,Kamkolkar,Global Head Next-Gen Analytics,Novartis,milind.kam@gmail.com: milind.kam@gmail.com,milind.kam@gmail.com,
Monica,Gargantini,Data Driven Business Innovation Lead,Pirelli,"Personal: moni10e@yahoo.it
Work: Monica.gargantini@pirelli.com","moni10e@yahoo.it, Monica.gargantini@pirelli.com",
Naga,moparthy,Big Data Developer,London,nagabrahmammoparthy@gmail.com: nagabrahmammoparthy@gmail.com,nagabrahmammoparthy@gmail.com,
Natalino,Busa,Enterprise Data Architect,ING,,,31629447008: 31629447008
Nathan,Barling,Global Chief Data & Technology Officer,iProspect (Dentsu Aegis Network),nathan.barling@iprospect.com: nathan.barling@iprospect.com,nathan.barling@iprospect.com,
Neale,Swinnerton,Data Scientist & Lead Data Engineer,Mastodon C,neale@isismanor.com: neale@isismanor.com,neale@isismanor.com,
Nigel,Davis,Analytics IT Director,Willis,nwalderdavis@yahoo.co.uk: nwalderdavis@yahoo.co.uk,nwalderdavis@yahoo.co.uk,
Nigel,Matthews,Group Data Management Programme Director,HSBC Bank PLC,nimatthe@me.com: nimatthe@me.com,nimatthe@me.com,
Norma,Dove-Edwin,Head of Global Data Services,British American Tobacco,"norma_Dove-Edwin@bat.com: norma_Dove-Edwin@bat.com
Work: norma.dove.edwin@googlemail.com
None: norma.dove.edwin@gmail.com","norma_Dove-Edwin@bat.com, norma.dove.edwin@googlemail.com, norma.dove.edwin@gmail.com",
Oleksandr,Pryymak,Data Scientist,Facebook,235@inmind.org: 235@inmind.org,235@inmind.org,
Paul,Brook,EMEA Data Analytics Director,Dell EMC,"Paul_brook@dell.com: Paul_brook@dell.com
None: paul.brook@dell.com","Paul_brook@dell.com, paul.brook@dell.com",
Paul,Cullender,Chief Data Officer,HSBC,Work: paul.cullender@hsbc.com,paul.cullender@hsbc.com,
Paul,Jones,"Chief of Staff, Data Systems & Insights",Barclays Bank PLC,pauldanieljones@gmail.com: pauldanieljones@gmail.com,pauldanieljones@gmail.com,
Paul,Linnane,Head of Data Analytics,Utiligroup,paul.liannane@utiligroup.com: paul.liannane@utiligroup.com,paul.liannane@utiligroup.com,1772770280: 1772770280
Paul,White,Head of Data & Information Architecture,Royal Mail,johnny.uk@icloud.com: johnny.uk@icloud.com,johnny.uk@icloud.com,
Penny,Maystone,"Director of Tracing, Data and Software Services",Capita Employee Benefits,penny.maystone@capita.co.uk: penny.maystone@capita.co.uk,penny.maystone@capita.co.uk,
Peter,Enright,Senior Data and Marketing Services Manager,Cambridge University Press,peter.enright@rocketmail.com: peter.enright@rocketmail.com,peter.enright@rocketmail.com,
Peter,Jackson,Head of Data,The Pensions Regulator,,,
Phil,Archer,Data Activity Lead,W3C,phil@philarcher.org: phil@philarcher.org,phil@philarcher.org,
Philip,Gunn,Director Strategic Revenue and Data,AIB Merchant Services,"gunnp@eircom.net: gunnp@eircom.net
phil.gillieg@yahoo.com: phil.gillieg@yahoo.com","gunnp@eircom.net, phil.gillieg@yahoo.com",
Phillip,Radley,Chief Data Architect,BT,Work: phillip.radley@bt.com,phillip.radley@bt.com,
Phil,Zamani,BigData & IoT Entrepreneur and Investor | Board Adviser,Stealth Mode Mobile Startup,zamaniphil@yahoo.co.uk: zamaniphil@yahoo.co.uk,zamaniphil@yahoo.co.uk,
Pierre,du Toit,Head of Big Data Analytics,Vitality (UK),,,
Piethein,Strengholt,Chief Architect & Data Management (CADM) | Data Management,ABN Amro Group,Work: piethein.strengholt@nl.abnamro.com,piethein.strengholt@nl.abnamro.com,Mobile: +31 6 12 01 17 30 
Pritesh,Chauhan,Senior Marketing Manager - Personal Data,GSMA,,,
Rajdeep,Mukherjee,Head of Big Data,Zurich Insurance Company Ltd.,,,+44 7912220545: +44 7912220545
Rajiv,Tiwari,Big Data Consultant,Barclays Bank PLC,rajivt_ece@yahoo.com: rajivt_ece@yahoo.com,rajivt_ece@yahoo.com,
Ramesh,Bhandari,Product Management & Marketing Manager - Datacenter & Cloud Services,Etisalat,rameshbhandari@gmail.com: rameshbhandari@gmail.com,rameshbhandari@gmail.com,
Raveendra,Bharadwaj,Director | Head of Data Architecture | Global Transaction Banking,Deutsche Bank AG,Work: raveendra.bharadwaj@db.com,raveendra.bharadwaj@db.com,"Mobile: +44 7769 886999
Work: +44 20 7547 2637"
Ravi,Bhatt,Big Data Architect,Santander,ravimbhatt@gmail.com: ravimbhatt@gmail.com,ravimbhatt@gmail.com,
Ravinder,Bhadhal,Global Head of Commercial Management and Market Data,Man,ravinder.bhadhal@gmail.com: ravinder.bhadhal@gmail.com,ravinder.bhadhal@gmail.com,
Reza,Khorshidi,"Head of Quantitative Analytics, EMEA",AIG Europe Limited,reza.khorshidi@aig.com: reza.khorshidi@aig.com,reza.khorshidi@aig.com,
Richard,Benjamins,Group Director BI & Big Data for Internal Exploitation,Telefonica,vrbenjamins@gmail.com: vrbenjamins@gmail.com,vrbenjamins@gmail.com,
Richard,Hart,European Data Centre Technical Architect,Tyco Fire & Security,RHart100@gmail.com: RHart100@gmail.com,RHart100@gmail.com,
Richard,Pilling,"Director, Big Data & Analytics",Intel Corporation,rich@thepillings.net: rich@thepillings.net,rich@thepillings.net,
Richard,Porter,Principal Enterprise Architect (Information & Data),AstraZeneca UK Limited,RichSelina@gmail.com: RichSelina@gmail.com,RichSelina@gmail.com,
Richard,Shelton,Data & Insight Programme Manager,Auto Trader,,,
Rick,Robinson,"IT Director, Smart Data and Technology",Amey,dr.rick.robinson@gmail.com: dr.rick.robinson@gmail.com,dr.rick.robinson@gmail.com,
Riikka,Turunen,"Director, Data Protection and Privacy",Sanoma,riikkaeturunen@hotmail.com: riikkaeturunen@hotmail.com,riikkaeturunen@hotmail.com,
Robert,Ghanea-Hercock,,BT,Work: robert.Ghanea-Hercock@bt.com,robert.Ghanea-Hercock@bt.com,
Robert,Michael,"Head of Demand, Performance & Analytics",Carillion,Robert.Michael@btopenworld.com: Robert.Michael@btopenworld.com,Robert.Michael@btopenworld.com,
Rob,Wijhenke,Head of Data Innovation and Analytics,ABN Amro Group,,,
Rod,Moyse,Head Of Analytics,Aviva plc,moyser2001@yahoo.co.uk: moyser2001@yahoo.co.uk,moyser2001@yahoo.co.uk,
Rolf,Schudde,Strategy Consultant Datawarehousing and Business Intelligence,ABN Amro Group,,,
Rowena,Parsons,Data Architect/Data Modeller,Sony Computer Entertainment Europe,rowena@rparsons.co.uk: rowena@rparsons.co.uk,rowena@rparsons.co.uk,
Russell,Marsh,Advisory Board Member - Big Data& Analytics,Process Excellence Network (PEX Network - a division of IQPC),russell.marsh@gmail.com: russell.marsh@gmail.com,russell.marsh@gmail.com,
Rutang,Thanawalla,Risk Manager / Head of Portfolio Analytics,HSBC Bank PLC,,,
Santhosh,Pillai,Chief Architect & Data Management,ABN Amro Group,,,
Scott,Clendaniel,Director of Marketing Sciences/ Lead Data Scientist,MarketOne International,SClendaniel@MarketOne.com: SClendaniel@MarketOne.com,SClendaniel@MarketOne.com,
Scott,Krueger,Data Architect,Skyscanner,Work: scottk@skyscanner.net,scottk@skyscanner.net,
Seamus,Murphy,Chief Data Officer,AIB Plc,,,
Sean,Cornwell,Chief Data Officer,Travelex,,,
Sean,Hayes,Group Head of Data,Incisive Media,sean.hayes@incisivemedia.com: sean.hayes@incisivemedia.com,sean.hayes@incisivemedia.com,
Shahin,Nassiri,"Director, CTO F.O. Risk and Analytics Architect",Barclays Bank PLC,Shahin.Nassiri@gmail.com: Shahin.Nassiri@gmail.com,Shahin.Nassiri@gmail.com,
Shannon,Walker,Enterprise Data Architect,Deutsche Bank AG,"Personal: shannonswalker@yahoo.com
Work: shannon.walker@db.com","shannonswalker@yahoo.com, shannon.walker@db.com",
Sharon,Keogh,"Head of Data Strategy & Control, Chief Data Office",AIB Plc,sharon.e.keogh@aib.ie: sharon.e.keogh@aib.ie,sharon.e.keogh@aib.ie,
Sharon,Palmer,"Divisional Director, Head of Spatial Analytics",Willis,slpalmer75@yahoo.co.uk: slpalmer75@yahoo.co.uk,slpalmer75@yahoo.co.uk,
Shaun,Waterman,Data Infrastructure Lead,Royal Bank of Scotland,shaun.waterman@new-criteria.com: shaun.waterman@new-criteria.com,shaun.waterman@new-criteria.com,
Sjaun,Wong,Head of Digital Analytics and Insights,Comic Relief,,,
Skander,Ben Mansour,Head of Data Science,Mindshare,skander@benmansour.net: skander@benmansour.net,skander@benmansour.net,
Somita,Yogi,Chief Data Officer,Royal Mail,Personal: somita123@yahoo.co.in,somita123@yahoo.co.in,Mobile: +44 7833 469686
Stephane,Auger,Data Management Team Leader,Danone Research,"work: Stephane.AUGER@danone.com
personal: s.r.auger@gmail.com","Stephane.AUGER@danone.com, s.r.auger@gmail.com",
Steve,Boland,"Head of AR, Data & Information",INTERSERVEfm LTD,steve.boland@interserve.com: steve.boland@interserve.com,steve.boland@interserve.com,+44 7779603551: +44 7779603551
Steven,Bennett,Information Technology Business Partner,Lloyds Banking Group,,,
Steven,Collings,Head of Data & Analytics,Zoopla Property Group,steven.collings@zpg.co.uk: steven.collings@zpg.co.uk,steven.collings@zpg.co.uk,
Steven,Hutt,VP Data Analytics,Maxeler Technologies,steven.hutt@yahoo.com: steven.hutt@yahoo.com,steven.hutt@yahoo.com,
Steven,Pimblett,COO & CDO,wejo ltd,"steve.pimblett@yahoo.co.uk: steve.pimblett@yahoo.co.uk
None: steve.pimblett@wejo.com","steve.pimblett@yahoo.co.uk, steve.pimblett@wejo.com",
Steven,Quinby,Head of Data Collection Services,Network Rail,steven.quinby@networkrail.co.uk: steven.quinby@networkrail.co.uk,steven.quinby@networkrail.co.uk,
Steven,Simon,Senior Database and Technology Sales for Key Accounts in Gulf Region,SAP,,,
Steve,Vanourny,Senior Vice President - Head of Investment Analytics,State Street Global Advisors Limited,svanourny@gmail.com: svanourny@gmail.com,svanourny@gmail.com,
Stuart,Chalmers,Director of Digital,BRE (Building Research Establishment),None: stuart.chalmers@gmail.com,stuart.chalmers@gmail.com,
Stuart,Gillies,Reference Data Workstream Manager,Credit Suisse Group,sgillies01@yahoo.co.uk: sgillies01@yahoo.co.uk,sgillies01@yahoo.co.uk,
Stuart,Pearson,VP Product Management - Global Analytics Products,Aimia Inc,stuart.j.pearson@talk21.com: stuart.j.pearson@talk21.com,stuart.j.pearson@talk21.com,
Susan,Wegner,"Vice President Smart Data Analytics&Communication, Big Data, Telekom Innovation Laboratories",Deutsche Telekom AG,wegners@telekom.de: wegners@telekom.de,wegners@telekom.de,
Syed,Moonis,"Director, Group Analytics",EnterCard,moonis62@gmail.com: moonis62@gmail.com,moonis62@gmail.com,
Tharinda,Premasiri,General Manager - Customer Analytics & Profiling,Robi Axiata Limited,tharinda.premasiri@gmail.com: tharinda.premasiri@gmail.com,tharinda.premasiri@gmail.com,
Thomas,Lee-Warren,"Director, Technology Data Group (BI, Commercial Insight, & Analytics)",Royal Mail,tlw@oculustech.com: tlw@oculustech.com,tlw@oculustech.com,
Toby,Woolfe,"Information Agenda - Big Data Automotive and Industrial Sector Sales Leader, Europe",International Business Machines,toby_woolfe@hotmail.com: toby_woolfe@hotmail.com,toby_woolfe@hotmail.com,
Tom,Beattie,Head of Enterprise Data Operations,British Gas,beattie.tom@googlemail.com: beattie.tom@googlemail.com,beattie.tom@googlemail.com,
Tom,Betts,Chief Data Officer,Financial Times,,,
Tom,Channing,"Head, Strategic Analytics",Sony Mobile Communications,Work: tom.channing@eu.sony.com,tom.channing@eu.sony.com,
Tom,Penney,Strategy & Analytics Adult Social Care,London Borough of Merton,tom@socialkemistri.com: tom@socialkemistri.com,tom@socialkemistri.com,
Tony,Jaskeran,Director- Data and Analytics Services,GroupM,tonyjaskeran@hotmail.com: tonyjaskeran@hotmail.com,tonyjaskeran@hotmail.com,
Ulla,Kruhse-Lehtonen,"VP, Customer Insight and Analytics",Sanoma,ullakl@yahoo.com: ullakl@yahoo.com,ullakl@yahoo.com,
Umran,Rafi,Head of Data,St Andrew's Healthcare,Work: URafi@standrew.co.uk,URafi@standrew.co.uk,"Switchboard: +44  1604 616000 
mobile: +44 7500 300 400 "
Veena,Dhillon,Head of Marketing Analytics UK,PayPal,veena_dhillon@yahoo.com: veena_dhillon@yahoo.com,veena_dhillon@yahoo.com,
Victor,Hu,"Head, Data Science",QBE Insurance,Work: victor.hu@qbe.com,victor.hu@qbe.com,
Vittorio,Guerci,Head of Marketing Systems and Data,RS Components,,,
Volker,Bott,"Senior Product Manager Internal Reporting, Business Intelligence and Big Data",Deutsche Bank AG,volker.bott@gmx.de: volker.bott@gmx.de,volker.bott@gmx.de,
Wilmer,Peres,IS Director - Big Data & Analytics,RB,,,4.47557E+11: 4.47557E+11
Yuanyuan,Liu,"Manager, Quantitative Analytics",AIG Europe Limited,personal: lyy_bit934@msn.com,lyy_bit934@msn.com,
Zog,Gibbens,Enterprise Architect (Analytics & Data),Alliance Boots GmbH,zog.gibbens@boots.co.uk: zog.gibbens@boots.co.uk,zog.gibbens@boots.co.uk,7557319948: 00447557319948
