FIRST NAME,LAST NAME,JOB ROLE,ORGANIZATION,EMAIL,EMAIL (PLAIN)
Alessandro,Allodi,Chief Data Officer,Shell,Work: a.allodi@shell.com,a.allodi@shell.com
Alex,Timbs,"Head of Data & Attribution, International at AOL",AOL International,"Work: alex.timbs@teamaol.com
Work: alex.timbs@oath.com","alex.timbs@teamaol.com, alex.timbs@oath.com"
Anantha,Prasad,"Global Head, Data Governance and Head, Data & Information Management EMEA",HSBC Bank PLC,Work: anantha.prasad@hsbc.com,anantha.prasad@hsbc.com
Christine,De Tourniel,Chief Data Officer - CIB ITO,BNP Paribas,christinedetourniel@me.com: christinedetourniel@me.com,christinedetourniel@me.com
Claire,Jessop,Head of Data Governance,Leeds Building Society,c.l.jessop@btopenworld.com: c.l.jessop@btopenworld.com,c.l.jessop@btopenworld.com
David,Rhee,Global Marketing Analytics,adidas group,"wdaveonline@gmail.com: wdaveonline@gmail.com
None: david.rhee@adidas.com","wdaveonline@gmail.com, david.rhee@adidas.com"
Denys,Medin,Head of Data / CDO,RELX Group,denys.medin@icis.com: denys.medin@icis.com,denys.medin@icis.com
Eloy,Sasot,Chief Data Officer,Sodexo,"None: esasot@newscorp.com
Work: esasot@yahoo.com","esasot@newscorp.com, esasot@yahoo.com"
Giancarlo,Pellizzari,Head of Division,ECB (European Central Bank),Work: giancarlo.pellizzari@ecb.europa.eu,giancarlo.pellizzari@ecb.europa.eu
Hany,Choueiri,Chief Data Officer,State Street Global Advisors Limited,"h_choueiri@hotmail.com: h_choueiri@hotmail.com
None: HChoueiri@StateStreet.com","h_choueiri@hotmail.com, HChoueiri@StateStreet.com"
Mahendra,Jape,Director and Data Governance Leader,GE Capital,work: mahendra.jape@ge.com,mahendra.jape@ge.com
Matthew,Keylock,Head of Data & Analytics,"Mars, Incorporated.",mdkeylock@gmail.com: mdkeylock@gmail.com,mdkeylock@gmail.com
Michael,O'Donohue,Director of Insight and Data,British Gas,,
Michael,Servaes,Chief Data Officer,Army,Work: michaelservaes@aol.com,michaelservaes@aol.com
Mike,Hyde,Head of Data Science (for the Workplace Enterprise),Facebook,"personal: mike.hyde@gmail.com
Work: mph@fb.com","mike.hyde@gmail.com, mph@fb.com"
Norma,Dove-Edwin,Head of Global Data Services,British American Tobacco,"norma_Dove-Edwin@bat.com: norma_Dove-Edwin@bat.com
Work: norma.dove.edwin@googlemail.com
None: norma.dove.edwin@gmail.com","norma_Dove-Edwin@bat.com, norma.dove.edwin@googlemail.com, norma.dove.edwin@gmail.com"
Parveen,Downer,Head of Programmes and Data,Harley Academey,Work: parveen@harleyacademy.com,parveen@harleyacademy.com
Roberto,Maranca,Chief Data Officer,GE Capital,"personal: ocapitan@hotmail.com
lloyds: roberto.maranca@lloydsbanking.com
Work: R.maranca@outlook.com","ocapitan@hotmail.com, roberto.maranca@lloydsbanking.com, R.maranca@outlook.com"
Umran,Rafi,Head of Data,St Andrew's Healthcare,Work: URafi@standrew.co.uk,URafi@standrew.co.uk
