PHOTO URL,FIRST NAME,LAST NAME,ORGANIZATION,EMAIL,EMAIL (PLAIN),PHONE
,Christine,de Tourniel,BNP Paribas,None: christine.detourniel@uk.bnpparibas.com,christine.detourniel@uk.bnpparibas.com,
,Christophe,le Lannou,Data Learning,cll@datalearning.eu: cll@datalearning.eu,cll@datalearning.eu,
,Claire,Jessop,Leeds Building Society,c.l.jessop@btopenworld.com: c.l.jessop@btopenworld.com,c.l.jessop@btopenworld.com,
,Eloy,Sasot,Sodexo,"None: esasot@newscorp.com
Work: esasot@yahoo.com","esasot@newscorp.com, esasot@yahoo.com",
,Hany,Choueiri,State Street Global Advisors Limited,"h_choueiri@hotmail.com: h_choueiri@hotmail.com
None: HChoueiri@StateStreet.com","h_choueiri@hotmail.com, HChoueiri@StateStreet.com",
,John,Bowman,,None: jmbowman@promontory.com,jmbowman@promontory.com,
,Mark,Howden,ICBC Standard Bank,mark.howden@icbcstandard.com: mark.howden@icbcstandard.com,mark.howden@icbcstandard.com,
,Matthew,Keylock,"Mars, Incorporated.",mdkeylock@gmail.com: mdkeylock@gmail.com,mdkeylock@gmail.com,
,Michelle,Teufel,Arrow Electronics,Personal: teufelm@gmail.com,teufelm@gmail.com,
,Mike,O'Donohue,Camelot,None: Michaelodonohue@hotmail.com,Michaelodonohue@hotmail.com,
,Norma,Dove-Edwin,British American Tobacco,"norma_Dove-Edwin@bat.com: norma_Dove-Edwin@bat.com
Work: norma.dove.edwin@googlemail.com
None: norma.dove.edwin@gmail.com","norma_Dove-Edwin@bat.com, norma.dove.edwin@googlemail.com, norma.dove.edwin@gmail.com",
,Paul,Van Haver,TechSoup Global,None: pvh@techsoup.org,pvh@techsoup.org,
,Rajan,Pandhare,Irene Healthcare,None: rajanp@verpool.net,rajanp@verpool.net,
,Stephane,Auger,Danone Research,"work: Stephane.AUGER@danone.com
personal: s.r.auger@gmail.com","Stephane.AUGER@danone.com, s.r.auger@gmail.com",
