PHOTO URL,FIRST NAME,LAST NAME,ORGANIZATION,EMAIL,EMAIL (PLAIN),PHONE
,Abhishek,Pandey,Lloyds Banking Group,Work: abhishekpandey2@outlook.com,abhishekpandey2@outlook.com,
,Adam,Burgess,Winkworths,,,
,Ali,Azam,KCL,Work: Ali_1632@hotmail.co.uk,Ali_1632@hotmail.co.uk,
,Amirah,Sumarto,London School of Economics and Political Science,Work: a.k.sumarto@lse.ac.uk,a.k.sumarto@lse.ac.uk,
,Amit,Patel,Onelife,Work: gami_amit@hotmail.co.uk,gami_amit@hotmail.co.uk,
,Amol,Masurkar,Infosys,Work: amasurkar5@gmail.com,amasurkar5@gmail.com,
,Ana,Heredia,Management Solutions,Work: ana.belen.heredia@msunitedkingdom.com,ana.belen.heredia@msunitedkingdom.com,
,Andrada,Ciorici,UCL,Work: bruno.moniz@yahoo.com,bruno.moniz@yahoo.com,
,Andres,Arevalo-Maklouf,Novetech,Work: andres.arevalomaklouf@gmail.com,andres.arevalomaklouf@gmail.com,
,Andrew,John,Hewlett-Packard,Work: macca_john@hotmail.com,macca_john@hotmail.com,
,Andrew,Kinsella,Ask The Markets,Work: andrewkinsella888@gmail.com,andrewkinsella888@gmail.com,
,Ashley,Kemball-Cook,Zerado,Work: ashley@zerado.com,ashley@zerado.com,
,Babatune,Khalidson,Truedash,,,
,Benjamin,Halfacre,Asterism Ventures,Work: benjamin.halfacre@asterismventures.com,benjamin.halfacre@asterismventures.com,
,Cedric,Marie,Barclays Bank PLC,cedricmarie@me.com: cedricmarie@me.com,cedricmarie@me.com,
,Charlie,Humberstone,University of Nicosia,Work: humberstone.charlie@gmail.com,humberstone.charlie@gmail.com,
,Charlotte,Dunne,Decoded,Work: charlotte@decoded.com,charlotte@decoded.com,
,Christina,Frankopan,Protozoa,Work: nichnachnoch@gmail.com,nichnachnoch@gmail.com,
,Christophe,Campagne,,Work: chris98campagne@me.com,chris98campagne@me.com,
,Daniel,O'Hanlon,Sanlam UK,Work: daniel.ohanlon@sanlam.co.uk,daniel.ohanlon@sanlam.co.uk,
,Darnell,Conteh,UCL,Work: darnellconteh@hotmail.co.uk,darnellconteh@hotmail.co.uk,
,Diego,Zambelli Sessona,Self Employed,Work: diego.sessona@gmail.com,diego.sessona@gmail.com,
,Edouared,Abdelhak,Hult International business school,Work: eddieabdelhak@hotmail.com,eddieabdelhak@hotmail.com,
,Eric,Edward,UCL,Work: ucqheed@ucl.ac.uk,ucqheed@ucl.ac.uk,
,Evangelos,Barakos,Evangelos Barakos,Work: e.mparakos@gmail.com,e.mparakos@gmail.com,
,Finn,Hill,The Great Rok,Work: finn@greatrok.com,finn@greatrok.com,
,Folashade,Oyewole,Imperial College London,Work: folashade.oyewole11@imperial.ac.uk,folashade.oyewole11@imperial.ac.uk,
https://pbs.twimg.com/profile_images/2678084991/5d9c3e12ae68a34229e0e18c07ef5fa2_normal.jpeg,Gary,Nuttall,Lloyds Banking Group,"nuttall_gary@hotmail.com: nuttall_gary@hotmail.com
Work: gary.nuttall@lloyds.com
Work: nuttall_gary@hotmail.com
Work: gnuttall@distlytics.com","nuttall_gary@hotmail.com, gary.nuttall@lloyds.com, nuttall_gary@hotmail.com, gnuttall@distlytics.com",
,George,Nwaorgu,Procorre,Work: nwaorgu2012@gmail.com,nwaorgu2012@gmail.com,
,Guillermo,Torres,Grant Thornton UK LLP,Work: guillermo.torres@uk.gt.com,guillermo.torres@uk.gt.com,
,Hercules,Fisherman,TagSmart,Work: info@herx.org,info@herx.org,
,Ian,Findlay,Alitha Ltd,ifindlay1@gmail.com: ifindlay1@gmail.com,ifindlay1@gmail.com,
,Ian,Southward,LSDN,Work: isouthward@yahoo.com,isouthward@yahoo.com,
,Ignacio,Reinoso,Management Solutions,Work: ignacio.reinoso@msunitedkingdom.com,ignacio.reinoso@msunitedkingdom.com,
,Imogen,Bunyard,Zerado,Work: imogen@zerado.com,imogen@zerado.com,
,Ish,Goel,Somish Solutions Limited,Work: ish.goel@somish.com,ish.goel@somish.com,
,Ismail,Malik,Blockchain Lab,Work: ismail.Malik@gmail.com,ismail.Malik@gmail.com,
,Jennifer,Foster,,Work: j.foster2910@googlemail.com,j.foster2910@googlemail.com,
,Jessica,Chabu,Societe Generale,Work: jessicachabu@hotmail.com,jessicachabu@hotmail.com,
,John,Farrell,GroFX Ltd,Work: jfarrell89@yahoo.com,jfarrell89@yahoo.com,
,JOSE A.,SOMALO,Join Universe Group,Work: josesomalo@outlook.com,josesomalo@outlook.com,
,J,S,,Work: jaimesim@gmail.com,jaimesim@gmail.com,
,Louisa,MURRAY,Opus One Associates,Work: louisa@opusoneassociates.co.uk,louisa@opusoneassociates.co.uk,
,Madhav,Narahari,Capgemini,Work: madhavrn@gmail.com,madhavrn@gmail.com,
,Marc,Salter,Calibrate Consulting,Work: mdsalter@gmail.com,mdsalter@gmail.com,
,Marek,Baldy,TIW Group,Work: marek.baldy@tiwgroup.com,marek.baldy@tiwgroup.com,
,Marina,Titova,Argon Group,Work: marina.titova@argongroup.com,marina.titova@argongroup.com,
,Maz,Hayes,"Cognifide, a WPP company",maz.hayes@googlemail.com: maz.hayes@googlemail.com,maz.hayes@googlemail.com,
,Miguel,Jacinto,I'M,Work: miguel.jacinto.mouska@gmail.com,miguel.jacinto.mouska@gmail.com,
,Mub,Barak,BS,Work: mubz25@hotmail.com,mubz25@hotmail.com,
,Muhammad,Salman,Tesco Plc,Work: salman046@yahoo.com,salman046@yahoo.com,
,Natalie,Kovaleff,Hult International business school,Work: login.support@hult.edu,login.support@hult.edu,
,Nicole,Sandler,Barclays Bank PLC,Work: nicole.sandler@barclays.com,nicole.sandler@barclays.com,
,Nitin,Tiwari,TalkTalk,Work: nitin-tiwari@outlook.com,nitin-tiwari@outlook.com,
,Peter,Edwards,Domestic & General,Work: peedwards@gmail.com,peedwards@gmail.com,
,Peter,Jones,na,Work: peterbjones@yahoo.com,peterbjones@yahoo.com,
,Peter,McBurney,King's College London,Work: peter.mcburney@kcl.ac.uk,peter.mcburney@kcl.ac.uk,
,Petre,Cchetiani,Congnizant,Work: petreguram@gmail.com,petreguram@gmail.com,
,Pita Dwarikanath,Patro,Imperial College Business School,Work: pdp16@ic.ac.uk,pdp16@ic.ac.uk,
,Rajnish,Gupta,BNP Paribas,Work: rajnishgupta11@gmail.com,rajnishgupta11@gmail.com,
,Raj,Vaithamanithi,Srinithy,Work: vpvraj@yahoo.com,vpvraj@yahoo.com,
,Raphaela,Wagner,GyroGear,Work: raphaela7@hispeed.ch,raphaela7@hispeed.ch,
,Riaz,Kanani,BlooIgloo,Work: riaz@connectedpaths.co.uk,riaz@connectedpaths.co.uk,
,Rick,Purvis,FinTech,Work: rick.w.purvis@gmail.com,rick.w.purvis@gmail.com,
,Rupa,Parmar,RSVP inspired,Work: info@rsvp-inspired.com,info@rsvp-inspired.com,
,Sam,Welton,Spencer Rose,Work: sam.welton@spencer-rose.com,sam.welton@spencer-rose.com,
,Sandeep,Joshi,Excel Consultancy,Work: sandeep.2.joshi@gmail.com,sandeep.2.joshi@gmail.com,
,Shakil,Khan,Costco,Work: mr.shakil11@gmail.com,mr.shakil11@gmail.com,
,Shivani,Patel,Onelife,Work: shivani29@hotmail.co.uk,shivani29@hotmail.co.uk,
,Swaroop,Shah,Warwick Business Consultants Ltd,Work: swaroop.shah@yahoo.co.uk,swaroop.shah@yahoo.co.uk,
,Thomas,Parker,Dimension Data,Work: thomasparker126@hotmail.co.uk,thomasparker126@hotmail.co.uk,
,Tiago,Vilhena,TIW Group,Work: tvilhena@gmail.com,tvilhena@gmail.com,
,Uygar,Kilic,Cronus Business Consultancy,Work: uygar@cronuscn.com,uygar@cronuscn.com,
,Venkateswaralu,Cherukur,Syntel,Work: legendlu@yahoo.com,legendlu@yahoo.com,
,Waman,Kulkarni,Liberty Commodities,Personal: wamanskulkarni@yahoo.com,wamanskulkarni@yahoo.com,
,William,Nash,Kwori,Work: william@kwori.co.uk,william@kwori.co.uk,
