PHOTO URL,FIRST NAME,LAST NAME,JOB ROLE,ORGANIZATION,EMAIL,EMAIL (PLAIN),PHONE
,Abid,Musharaf,Assistant VP; Channel Manager,Mashreq,email: abidmus@mashreq.com,abidmus@mashreq.com,"mobile: +971-50-346 0965
Work: +971 4608 3601"
,Abigail,Brierley,CIO / IT Director,Bidvest 3663,brierleyabigail@yahoo.co.uk: brierleyabigail@yahoo.co.uk,brierleyabigail@yahoo.co.uk,
,Abitamim,Shaikhali,,London Metal Exchange,Work: abitamim.shaikhali@lme.com,abitamim.shaikhali@lme.com,
,Adam,Knade,Digital Marketing Strategist,Rockit Ranch Productions,Work: ad@mkna.de,ad@mkna.de,
,Aden,Davies,Social Technologies Specialist,HSBC Bank PLC,aden_76@hotmail.com: aden_76@hotmail.com,aden_76@hotmail.com,
,Adrian,Boyd,,UBS Limited,adrian.boyd@ubs.com: adrian.boyd@ubs.com,adrian.boyd@ubs.com,
https://media.licdn.com/media/AAEAAQAAAAAAAAfqAAAAJDEyZDAwYjdhLTJlYmItNDE2Zi04OTA4LWE0NGEyZmQwNzM0NA.jpg,Adrian,Sheppard,Executive Consultant,Lateral 22,Work: adrian@lateral22.com,adrian@lateral22.com,Mobile: +44 7733112706
,Ahmad,Abdallah,SWIFT Global Coordination,BNP Paribas,,,
,Ajit,Jaokar,Co-author - Digital world in 2030 community/report,European Internet Foundation - EIF,ajit.jaokar@futuretext.com: ajit.jaokar@futuretext.com,ajit.jaokar@futuretext.com,
,Akbal,Bajaj,IT Consultant,Nomura International plc,: akbal.bajaj@nomura.com,akbal.bajaj@nomura.com,
,Alan,Francis,"VP, Channel Manager; ATM and CCDM",Mashreq,alanf@mashreq.com: alanf@mashreq.com,alanf@mashreq.com,"Mobile: +971-50-232 8617
Work: +971 4608 3663"
,Alan,Raw,Global Digital Business,Universal Music,alan.raw@umusic.com: alan.raw@umusic.com,alan.raw@umusic.com,
https://media.licdn.com/mpr/mpr/shrinknp_400_400/p/4/000/16a/34c/0f95a66.jpg,Alan,Walsh,"Finance Manager, IT Business Transformation Programme",Shell,,,
,Alasdair,Anderson,Head of Group Big Data Services,HSBC Bank PLC,alasdair.anderson@gmail.com: alasdair.anderson@gmail.com,alasdair.anderson@gmail.com,
,Alberto,Souviron,Digital Media Specialist,Lloyds Register,asouviron@gmail.com: asouviron@gmail.com,asouviron@gmail.com,
,Alessandro,Baroni,CIO,Equens,,,
,Alexander,Ernst,Head of Architecture Measurement - Director,UBS Limited,Work: mail@alex-ernst.de,mail@alex-ernst.de,
,Alexandra,Foster,Global Head of Strategy,BT,,,
,Alexandre,Adamus,Senior Sales Manager,BNP Paribas,,,
,Alex,Batlin,Senior Innovation Manager at UBS's FinTech Innovation Lab,UBS Limited,Work: alex.batlin@ubs.com,alex.batlin@ubs.com,
,Alex,Butler,"Chair, Digital Transformation Strategy Group",RIBA,,,
,Alex,Houseman,Head of Business Solutions,M&G,"alex.houseman@gmail.com: alex.houseman@gmail.com
Work: Alex.houseman@mandg.co.uk","alex.houseman@gmail.com, Alex.houseman@mandg.co.uk",
,Alex,Matei,Digital mHealth Manager,Bupa,,,
,Alixe,Bhagooa,Director,Web Gear,Work: alixe@webgear.pro,alixe@webgear.pro,
,Allan,Schoenberg,"Head of Communications, Bloomberg Professional Service",Bloomberg LP,allan.schoenberg@gmail.com: allan.schoenberg@gmail.com,allan.schoenberg@gmail.com,
https://media.licdn.com/media/p/7/005/01c/2fa/1431192.jpg,Al-Noor,Ramji,Chief Digital Officer,Prudential Plc,Work: alnoorramji@me.com,alnoorramji@me.com,
,Amirah,Sumarto,MPA Candidate,London School of Economics and Political Science,Work: a.k.sumarto@lse.ac.uk,a.k.sumarto@lse.ac.uk,
,Amol,Natu,Director Digital Commerce,Etisalat,amolnatu@yahoo.com: amolnatu@yahoo.com,amolnatu@yahoo.com,
,Anantha,Prasad,"Global Head, Data Governance and Head, Data & Information Management EMEA",HSBC Bank PLC,Work: anantha.prasad@hsbc.com,anantha.prasad@hsbc.com,
,Andreas,Braun,"Head, Global Data & Analytics",Allianz Group,"ANDREAS.BRAUN1@ALLIANZ.COM: ANDREAS.BRAUN1@ALLIANZ.COM
ANDREAS.BRAUN1@allianz.com: ANDREAS.BRAUN1@allianz.com","ANDREAS.BRAUN1@ALLIANZ.COM, ANDREAS.BRAUN1@allianz.com",+49 172 6562298: +49 172 6562298
,Andre,Le Roux,General Manager in CDT (Connected Digital Technologies),Shell,andre.leroux@shell.com: andre.leroux@shell.com,andre.leroux@shell.com,
,Andres,Arevalo-Maklouf,Senior Consultant,Novetech,Work: andres.arevalomaklouf@gmail.com,andres.arevalomaklouf@gmail.com,
,Andres,Martin Diana,Partnership Lead for WHO/ITU global mHealth,Bupa,amdiana@gmail.com: amdiana@gmail.com,amdiana@gmail.com,
,Andrew,Durrant,FX Trading Behaviour Proposition Manager,Thomson Reuters,andrew.durrant@ubs.com: andrew.durrant@thomsonreuters.com,andrew.durrant@thomsonreuters.com,
,Andrew,Hall,Head of Data Fabric,BNP Paribas,Andrew.J.HALL@uk.bnpparibas.com: Andrew.J.HALL@uk.bnpparibas.com,Andrew.J.HALL@uk.bnpparibas.com,
,Andrew,Hilton,Economist & Director,Centre for the Study of Financial Innovation (CSFI),Work: ahilton@cfsi.org,ahilton@cfsi.org,
,Andrew,Jacobs,FpML Lead Architect,HSBC Bank PLC,andrew.jacobs@btinternet.com: andrew.jacobs@btinternet.com,andrew.jacobs@btinternet.com,
,Andrew,Mumford,Architect.NET / Chef de Projet,AXA Group,asmumford@gmail.com: asmumford@gmail.com,asmumford@gmail.com,
,Andrew,Pattinson,Head of Digital Development,Tesco Bank,apattinson@mac.com: apattinson@mac.com,apattinson@mac.com,
,Andrew,Sanders,Digital Business Director,IPC Media,andrew.sanders@timeinc.com: andrew.sanders@timeinc.com,andrew.sanders@timeinc.com,
,Andrew,Sloper,Head of Digital Authentication,JP Morgan Chase,andrew@sloper.me: andrew@sloper.me,andrew@sloper.me,
,Andy,Gardner,CEO,R3Guard.com,andy.gardner@mail.com: andy.gardner@mail.com,andy.gardner@mail.com,
,Andy,Tennant,Executive Director (EMEA Business Relationship Management and Regional IT Director),CBRE,Andy.tennant@cbre.com: Andy.tennant@cbre.com,Andy.tennant@cbre.com,+44  20 7182 2000: +44  20 7182 2000
,Angelena,Lee,"Senior Manager, Channel Marketing EMEA",Thomson Reuters,Work: angelenalee@gmail.com,angelenalee@gmail.com,
,Annette,Moody,Group IT Governance & Innovation Director,Serco,annettemoody@hotmail.com: annettemoody@hotmail.com,annettemoody@hotmail.com,
,Anthony,Green,"CIO, Russia and CIS",KPMG,anthgreen@gmail.com: anthgreen@gmail.com,anthgreen@gmail.com,
,Anthony (Tony),Vaden,VP and Chief Information Officer (CIO),ABC Supply,vadenal@gmail.com: vadenal@gmail.com,vadenal@gmail.com,
,Antonio,Alvarez,"Head of Data innovation at Isban UK, Santander group",ISBAN,aalvarez.internet@gmail.com: aalvarez.internet@gmail.com,aalvarez.internet@gmail.com,
,Anush,Ravi,Entrepreneur,Entrepreneur First,Work: orangeanush@hotmail.co.uk,orangeanush@hotmail.co.uk,
,Anya,Ziskina,"Head of Data Strategy and Analytics, Digital L'Oreal UKI",L'Oreal,anna.ziskina@gmail.com: anna.ziskina@gmail.com,anna.ziskina@gmail.com,
,Aref,Al-Ramli,"VP, Head Of Electronic Banking & Innovation",Mashreq,arefr@mashreq.com: arefr@mashreq.com,arefr@mashreq.com,"Mobile: +971-50-107 0011
Work: +971 4608 3708"
,Arnaud  Le,Hors,Senior Representative,The Hyperledger Project,Work: lehors@sophia.inria.fr,lehors@sophia.inria.fr,
,Arnaud,Zeitoun,"Global Head, Transformation",BNP Paribas,Work: arnaud.zeitoun@uk.bnpparibas.com,arnaud.zeitoun@uk.bnpparibas.com,
,Ash,Roots,Director of Digital,Direct Line Group,ashjtroots@gmail.com: ashjtroots@gmail.com,ashjtroots@gmail.com,
,ash,sethi,Senior Digital Account Manager in Residence @ E.ON,Charterhouse (Bringing ideas to life),ashveen@yahoo.com: ashveen@yahoo.com,ashveen@yahoo.com,
,Ashwini,Lad,Head of eCommerce Product Delivery,HSBC Bank PLC,"ashwini.lad@hsbc.com: ashwini.lad@hsbc.com
ashwini.lad@hsbcib.com: ashwini.lad@hsbcib.com","ashwini.lad@hsbc.com, ashwini.lad@hsbcib.com",
,Aurélien,Menant,Founder and CEO,Gatecoin Limited,Work: a@gatecoin.com,a@gatecoin.com,
,Avi,Mitra,Group CIO,Kenya Commercial Bank,amitra@kcb.co.ke: amitra@kcb.co.ke,amitra@kcb.co.ke,+254(20)3270533: +254(20)3270533
,Avtar Matharu,Avtar Matharu,Global Expansion Lead,HSBC Bank PLC,Work: avtar.matharu@hsbc.com,avtar.matharu@hsbc.com,"Work: +44 20 7991 3850
mobile: +447584400199"
,Baki,Irmak,Head of Digital Business,,Work: bakiirmak@me.com,bakiirmak@me.com,
,Baljeet,Dogra,Director,KSL,Work: baljeet_dogra@yahoo.com,baljeet_dogra@yahoo.com,
,Barry,Maybank,Head of Digital Experience,Hewlett-Packard,,,
,Ben,Grinell,Managing Director and Global Lead of the Technology and Digital Service Line at North Highland,North Highland,Work: ben.grinnell@northhighland.com,ben.grinnell@northhighland.com,
,Benjamin,Bettenbender,"Director, Internal Digital Communication",Prudential Plc,bbettenbender@gmail.com: bbettenbender@gmail.com,bbettenbender@gmail.com,
,Benjamin,Whitby,Regulatory Conduct and Financial Crime Specialist,HSBC Bank PLC,Work: ben.whitby@gmail.com,ben.whitby@gmail.com,
,Ben,Kelly,Professional Head of Digital Health,Nuffield Health,ben.m.kelly1@gmail.com: ben.m.kelly1@gmail.com,ben.m.kelly1@gmail.com,
,Ben,Read,Senior Business Analyst,HSBC Bank PLC,benread222@gmail.com: benread222@gmail.com,benread222@gmail.com,
,Bhaskar,Dasgupta,"Global Head of Transaction Management Unit (COO), Global Forfaiting and Risk Distribution",HSBC Bank PLC,bhaskar@dasguptaonline.com: bhaskar@dasguptaonline.com,bhaskar@dasguptaonline.com,
,Bianca,Koenig,Senior Manager Innovation Marketing,Deutsche Telekom AG,Work: bianca.koenig@telekom.de,bianca.koenig@telekom.de,
,Bill,Clarke,Senior consultant,The Technology Roadmap Group,Work: BClarke0828@gmail.com,BClarke0828@gmail.com,
,Bipin,Sahni,WSG - Head of Innovation and R&D,Wells Fargo,"bipins@wellsfargo.com: bipins@wellsfargo.com
Work: bipins@wellsfargo.com","bipins@wellsfargo.com, bipins@wellsfargo.com","4153714100: 4153714100
0119330: 4088887500"
,Birendra,Agarwal,CIO Commercial Banking (Markets and Transaction Banking),Lloyds Banking Group,birendra.agarwal@envision.net: birendra.agarwal@envision.net,birendra.agarwal@envision.net,
,Bo,Boisen,Program Director - Regulatory and Risk Analytics,HSBC Bank PLC,bboisen@gmail.com: bboisen@gmail.com,bboisen@gmail.com,
,Brad,Fitchew,Business Development & Digital Manager,Sustainable Restaurant Association,brad@fitchew.co.uk: brad@fitchew.co.uk,brad@fitchew.co.uk,
,Brian,Jensen,"Managing Partner, Innovation | Co-director of the Customer Lab","OgilvyOne Worldwide, Ltd",brian.jensen@gmail.com: brian.jensen@gmail.com,brian.jensen@gmail.com,
https://media.licdn.com/media/AAEAAQAAAAAAAAWyAAAAJDJkYzg2NTU2LTQzNTYtNDQ4OC05ZjZiLTc1ZDc3YzlhNGMyNg.jpg,Cait,O'Riordan,CIO and Chief Products Officer,Financial Times,,,
,Cara,Delaney,"Head of Financial Products Marketing, EMEA at Bloomberg L.P.",Bloomberg LP,Work: c.delaney@bloomberg.com,c.delaney@bloomberg.com,
,Carlos M.,Mendez,"Social Media, Content & Conversation - BBVA Innovation Center",BBVA,carlos.mendez.perez@gmail.com: carlos.mendez.perez@gmail.com,carlos.mendez.perez@gmail.com,
,Carlos Moreno,Fuentes,"VP, Digital Brand Protection",WISekey SA,cmoreno@wiskey.com: cmoreno@wiskey.com,cmoreno@wiskey.com,+41 79 200 7959: +41 79 200 7959
,Caroline,Berdeaux,Head of internal comms,AXA Group,cberdeaux@yahoo.fr: cberdeaux@yahoo.fr,cberdeaux@yahoo.fr,
,Caroline,Cater,Global Digital Marketing Director,The Coca-Cola Company,,,
,Carolyn,Brown,CIO,Durham University,CarolynTBrown@gmail.com: CarolynTBrown@gmail.com,CarolynTBrown@gmail.com,
,Carsten,Stoecker,Innovation Programme Management - Innovation@RWE,"RWE AG, RWE Consulting, RWE IT GmbH",Work: carsten.stoecker@cstoecker.com,carsten.stoecker@cstoecker.com,
,Cedric,Marie,Market Risk Projects,Barclays Bank PLC,cedricmarie@me.com: cedricmarie@me.com,cedricmarie@me.com,
,Chad E.,Iverson,"Director, Digital Platform Architecture",Fidelity International,civerson916@gmail.com: civerson916@gmail.com,civerson916@gmail.com,
,Charles,Ewen,Director of Information Technology and CIO,Met Office,dartmoor@gmail.com: dartmoor@gmail.com,dartmoor@gmail.com,
,Charlie,Vaughan,Digital Marketing Executive,Fudge Animation,Work: charlie@fudgeanimation.com,charlie@fudgeanimation.com,
,Charlotte,Dunne,Client Executive,Decoded,Work: charlotte@decoded.com,charlotte@decoded.com,
https://media.licdn.com/mpr/mpr/shrinknp_400_400/AAEAAQAAAAAAAAUDAAAAJDU4YjM4OGNiLWE3MjUtNGVjMi05YzdlLTk1NGUwYTM4NTJhYg.jpg,Chris,Ballinger,CFO and Head of Innovation,Toyota Financial Services,Work: chris.ballinger@tri.global,chris.ballinger@tri.global,Mobile: +1 (310) 291 7171
,Chris,Bramwell,CIO Consumer Service Improvement,BT,christopher_bramwell@hotmail.com: christopher_bramwell@hotmail.com,christopher_bramwell@hotmail.com,
,Chris,Gullick,Director,KPMG,chris.gullick@kpmg.co.uk: chris.gullick@kpmg.co.uk,chris.gullick@kpmg.co.uk,2076941902: 2076941902
,Chris,Hill,Head of Content - Global Corporate Communications,Unilever,"personal: cjhconsultancy@gmail.com
Work: chris.hill@unilever.com","cjhconsultancy@gmail.com, chris.hill@unilever.com",Work: 07775 737469
,Chris,Jones,Global Head of Shared Services/eComm/Architecture & Quality IT - Securities Services at HSBC,HSBC Bank PLC,chris@tourmaletconsulting.com: chris@tourmaletconsulting.com,chris@tourmaletconsulting.com,"01943 609117: 01943 609117
+44 758 4401889: +44 758 4401889"
,Chris,Mills,Business Development Director - Investment Management,KPMG,Work: chris.mills@kpmg.co.uk,chris.mills@kpmg.co.uk,
,Christine,De Tourniel,Chief Data Officer - CIB ITO,BNP Paribas,christinedetourniel@me.com: christinedetourniel@me.com,christinedetourniel@me.com,
,Clare,Clark,Internal Digital Communications Manager,Rolls-Royce,,,
,Clare,Markham,Executive,Coinsilium,Work: cmm323@gmail.com,cmm323@gmail.com,
,Cliff (CJ),Baitsholts,Account Executive: IBM Collaboration Solutions & Digital Experience,IBM,cbaitsh@us.ibm.com: cbaitsh@us.ibm.com,cbaitsh@us.ibm.com,
,Clive,White,Transformation Director,RSA,clivewhite@mac.com: clivewhite@mac.com,clivewhite@mac.com,
,Colin,Cesvette,Marketing Digital Project Manager (Contract),KPMG,colin.cesvette@jamaica-breeze.com: colin.cesvette@jamaica-breeze.com,colin.cesvette@jamaica-breeze.com,
,Colin,Hayhurst,Innovations Partnership Fellow,University of Sussex,colinhayhurst@gmail.com: colinhayhurst@gmail.com,colinhayhurst@gmail.com,
,Colin,Platt,Global Markets Innovation - Blockchain Lead,BNP Paribas,work: colin.platt@uk.bnpparibas.com,colin.platt@uk.bnpparibas.com,
,Colin,Shenoy,CIO Bupa Global Market Unit,Bupa,colin@shenoy.org.uk: colin@shenoy.org.uk,colin@shenoy.org.uk,
,Colin,Towers,Co-Founder and CIO,TowersHolt,colin.towers@towersholt.com: colin.towers@towersholt.com,colin.towers@towersholt.com,
,Colin,Windsor,CIO/COO,Truphone,,,
,Craig,Hepburn,"Global Director, Digital & Social Media Microsoft Mobile",Microsoft,,,
,Damian,Gibbs,Digital Marketing Manager,Maven Cast Ltd,damian.gibbs@maven-cast.com: damian.gibbs@maven-cast.com,damian.gibbs@maven-cast.com,
,Damien,Ducourty,Founder,Blockchain Lab,"damiend@orouge.com: damiend@orouge.com
Work: damien@b9lab.com","damiend@orouge.com, damien@b9lab.com",
,Dan,Bowyer,Co-Founder,Rise To,me@danbowyer.me: me@danbowyer.me,me@danbowyer.me,
https://media.licdn.com/mpr/mpr/shrinknp_400_400/AAEAAQAAAAAAAAl5AAAAJDg0NmZkZDhkLThjYmEtNGM0Ni1iMWI4LTQ1ZTNkNDNjODU5OQ.jpg,Daniel,Arrowsmith,Head of Digital Development,LexisNexis,Work: daniel.arrowsmith@lexisnexis.co.uk,daniel.arrowsmith@lexisnexis.co.uk,Mobile: +44 7876 858 043
https://media.licdn.com/mpr/mpr/shrinknp_400_400/p/3/000/046/18b/2bb8f31.jpg,Dan,Johnson,Chief Data Officer,HSBC,"Personal: dan.johnson@handfulofpebbles.com
Work: dan.johnson@hsbc.com","dan.johnson@handfulofpebbles.com, dan.johnson@hsbc.com","Mobile: 07986 533 668
Work:  +44 20 7992 0498        "
,Danny,Wootton,Innovation and IP Director,CGI,danny.wootton@cgi.com: danny.wootton@cgi.com,danny.wootton@cgi.com,
https://media.licdn.com/mpr/mpr/shrinknp_400_400/p/4/005/07d/05c/2e7a6cf.jpg,Dan,Phipps,"Head of Digital Platform Operations, Release Management and Digital Centres of Excellence",HSBC Bank PLC,,,
,Dante,Arcamone,Senior Manager,BNP Paribas,Work: dante.arcamone@bnpparibas.com,dante.arcamone@bnpparibas.com,330155778430: 33662541936
,Dan,West,Senior Digital Strategist & Innovations Manager,FCB Inferno,dandelwest1@aol.com: dandelwest1@aol.com,dandelwest1@aol.com,
,Darren,Armitage,Head of Technology Innovation EMEA,SABMiller plc,"darrenarmitage@me.com: darrenarmitage@me.com
Work: Darren.armitage@ab-INBEV.com","darrenarmitage@me.com, Darren.armitage@ab-INBEV.com",
,Darren,Goucher,Innovation Analyst,HSBC Bank PLC,darrengoucher@gmail.com: darrengoucher@gmail.com,darrengoucher@gmail.com,
,Darren,Price,Group CIO & Group Exec Member,RSA Group,darren.price@gcc.rsagroup.com: darren.price@gcc.rsagroup.com,darren.price@gcc.rsagroup.com,
,Darren,Scott,Senior Lead Development Specialist,HSBC Bank PLC,,,
,Darren,Siddle,Data Lead - AMG - Big Data and Group Data Management Programme,HSBC Bank PLC,darrensiddle@hotmail.com: darrensiddle@hotmail.com,darrensiddle@hotmail.com,
,Darryl,Isip,"Director, Digital Private Banking",Credit Suisse Group,darrylisip@gmail.com: darrylisip@gmail.com,darrylisip@gmail.com,
,Dave,Fleming,"Director, Head of Technology & Design, Citi Innovation Lab",Citi,dave.j.fleming@gmail.com: dave.j.fleming@gmail.com,dave.j.fleming@gmail.com,
,David,Bartholomew,BI Strategy & Architecture Manager,AXA Group,david.bartholomew@axa-insurance.co.uk: david.bartholomew@axa-insurance.co.uk,david.bartholomew@axa-insurance.co.uk,
,David,Dunbar,Head of Digital Workplace,Nationwide Building Society,Work: david.dunbar@nationwide.co.uk,david.dunbar@nationwide.co.uk,Work: +447469378949
,David,Harris,Head of Commercial Innovative Technology,London Stock Exchange Group,Work: dharris@lseg.com,dharris@lseg.com,
,David,Le,Head of Innovation - LBG Innovation Labs,Lloyds Banking Group,"David.Le@lloydsbanking.com: David.Le@lloydsbanking.com
david-le@mail.com: david-le@mail.com
David.Le@lloydsbanking.com: David.Le@lloydsbanking.com","David.Le@lloydsbanking.com, david-le@mail.com, David.Le@lloydsbanking.com",
,David,Page,"Executive Director, Digital Transition",Visa Europe,davidpage27@yahoo.co.uk: davidpage27@yahoo.co.uk,davidpage27@yahoo.co.uk,
https://media.licdn.com/mpr/mpr/shrinknp_400_400/AAEAAQAAAAAAAAezAAAAJGM3Y2I2YjI1LWM4NTAtNGU3Yi1hZmE1LTRiMjUwMmI5NzI4ZA.jpg,David,Pears,Head of Data & Integration,M&G,,,
,David,Strachan,"Product Manager, IBM Digital Experience on Cloud",IBM,david.strachan@mac.com: david.strachan@mac.com,david.strachan@mac.com,
,David,Wilton,Data Scientist,Admiral Group Plc,dave_wilton@hotmail.com: dave_wilton@hotmail.com,dave_wilton@hotmail.com,
,Davina,Quarterman,Senior Manager - Innovation & Tools,John Wiley and Sons,dquarterman@wiley.com: dquarterman@wiley.com,dquarterman@wiley.com,
,Diana,Parker,Global Business Director,Microsoft,diparker@microsoft.com: diparker@microsoft.com,diparker@microsoft.com,
,Dimitri,Koutsos,IT Consultant,Nephel Ltd,Personal: Dimitri.koutsos@gmail.com,Dimitri.koutsos@gmail.com,
,Dinesh,Dhamija,Founder and Chairman,Copper Beech,dinesh@dhamija.org: dinesh@dhamija.org,dinesh@dhamija.org,
,Dominique,Ansiaux,Global Head of Network Management,BNP Paribas,Work: dominique.ansiaux@bnpparibas.com,dominique.ansiaux@bnpparibas.com,
,Dougie,Henderson,Head Emerging Products & Innovation - Africa,Visa,,,
,Doug,MacKay,"Director, Business Innovation",JFive,doug_mackay@me.com: doug_mackay@me.com,doug_mackay@me.com,
,Edward,Budd,Chief Digital Officer,Deutsche Bank AG,Work: edward.budd@db.com,edward.budd@db.com,+442075451442: +447793308713
https://media.licdn.com/mpr/mpr/shrinknp_400_400/p/4/000/154/100/06fc1d2.jpg,Eleanor,Brown,"Senior Analytics Manager, Group Finance",Prudential Plc,Work: eleanor.brown@prudential.co.uk,eleanor.brown@prudential.co.uk,"Work: +44 207 004 4791
Mobile: +44 7500 857388"
https://media.licdn.com/mpr/mpr/shrinknp_400_400/AAEAAQAAAAAAAAlQAAAAJDIwZTk1MDg2LWUzZGEtNDAxZS1iMjViLTdlZjg5YjdiNGNlOQ.jpg,Elliot,Antrobus-Holder,Group Head of Digital Product,TUI Group,Work: elliot.antrobusholder@specialistholidays.com,elliot.antrobusholder@specialistholidays.com,
,Elliott,Young,"Director of Transformation Consulting, Europe Middle East & Africa at EMC",EMC,elliott.young@emc.com: elliott.young@emc.com,elliott.young@emc.com,
https://media.licdn.com/mpr/mpr/shrinknp_400_400/p/5/005/084/089/330ade1.jpg,Emma,Ede,Head of Data Governance,M&G,,,
,Emma,Goddard,Group Digital Product Manager,Metal Bulletin,emmadevine@gmail.com: emmadevine@gmail.com,emmadevine@gmail.com,
,Erkin,Oksel,Big Data - Digital Controls Manager,Citi,erkin.oksel@citi.com: erkin.oksel@citi.com,erkin.oksel@citi.com,
,Eszter,Badics,Head of Rep Office,Central Bank of Hungary,Work: eszter.badics@mnb.org.hu,eszter.badics@mnb.org.hu,
,Fabio Alexander,Corzo,Head Group Business Data Architecture,HSBC Bank PLC,fabio.corzo@hsbc.com: fabio.corzo@hsbc.com,fabio.corzo@hsbc.com,
,Fanny,Wolf,Head of Marketing - Admiral UK,Admiral Group Plc,Work: fanny.wolf@admiral-group.com,fanny.wolf@admiral-group.com,"Work: +44 333 2202062
Work: +448718828282"
,Faraz Ali,Fookeer,"Senior Business Analyst - Credit Risk Process & Monitoring Solutions, Global Risk Management",BNP Paribas,faraz.fookeer@gmail.com: faraz.fookeer@gmail.com,faraz.fookeer@gmail.com,
,Fergus,Boyd,Group Director of Digital & IT,Yotel,,,
,Filippo,Catalano,Chief Digital Operations Officer,Nestle S.A.,plippo@hotmail.com: plippo@hotmail.com,plippo@hotmail.com,
,Fiona,Martin,"Director, Strategic Alliances (Oracle)",KPMG,fionaemartin@hotmail.com: fionaemartin@hotmail.com,fionaemartin@hotmail.com,
,Flora,Paterson,Comms and marketing manager,Monetas,Work: flora.paterson@monetas.net,flora.paterson@monetas.net,
,Frank,Trefzer,Partner to support You to solve Your digital Data Challenges,Tealium,Work: tf020277@gmx.de,tf020277@gmx.de,
,Freddie,McMahon,Director of Strategy and Innovation,Anomaly42 Limited,work: fmcmahon8@gmail.com,fmcmahon8@gmail.com,
,Gabriel,Ossi,Open Innovation,UniCredit,gabriel.ossi@unicredit.eu: gabriel.ossi@unicredit.eu,gabriel.ossi@unicredit.eu,
,Gaetan,Egloff,"Chief Digital Officer, MD Vietnam Development Lab",WISekey SA,GEGLOFF@WISEKEY.COM: GEGLOFF@WISEKEY.COM,GEGLOFF@WISEKEY.COM,
,Gary,Hurlstone,Senior Consultant - Operations and Transformation,Atkins Global,Work: gary.hurlstone@atkinsglobal.com,gary.hurlstone@atkinsglobal.com,
https://pbs.twimg.com/profile_images/2678084991/5d9c3e12ae68a34229e0e18c07ef5fa2_normal.jpeg,Gary,Nuttall,Consultant,Lloyds Banking Group,"nuttall_gary@hotmail.com: nuttall_gary@hotmail.com
Work: gary.nuttall@lloyds.com
Work: nuttall_gary@hotmail.com
Work: gnuttall@distlytics.com","nuttall_gary@hotmail.com, gary.nuttall@lloyds.com, nuttall_gary@hotmail.com, gnuttall@distlytics.com",
,Gene,Vayngrib,CEO,Traddle,Work: gene_vayngrib@hudsonfog.com,gene_vayngrib@hudsonfog.com,
,George,Theocharides,Associate Professor of Finance,CIIM,Work: georget@ciim.ac.cy,georget@ciim.ac.cy,
,Gerard,Richardson,Digital Collaboration Lead,SABMiller,gedrichardson@hotmail.com: gedrichardson@hotmail.com,gedrichardson@hotmail.com,
,Gerry,Brown,Senior Analyst - Customer Engagement & Digital Technology,Ovum,gerry_brown@btinternet.com: gerry_brown@btinternet.com,gerry_brown@btinternet.com,
,Giordano,Sassaroli,Director of UK branch,cefriel,Work: giordano.sassaroli@cefriel.com,giordano.sassaroli@cefriel.com,
,Graham,Benson,CIO,rentalcars.com,,,
,Graham,Kellen,"Head of Digital, Corporate & Distribution IT",Schroders,,,
,Greg,Jenkins,Digital Business Partner,Three,greg.jenkins@three.co.uk: greg.jenkins@three.co.uk,greg.jenkins@three.co.uk,
,Guido,Branca,Chief Executive Officer,Branca Organisation,,,
,Guillaume,Cauvin,IS Architect,AXA Group,,,
,Guillaume,"Gardey, Ph.D.",Big Data Consultant,HSBC Bank PLC,guillaume.gardey@gmail.com: guillaume.gardey@gmail.com,guillaume.gardey@gmail.com,
,Gunnar,Peters,Head of Data and MI,Admiral Group Plc,,,
,Guru,Rao,Senior Principal and Head of Technology Consulting - Digital Transformation Practice,Infosys,lrgprasad@yahoo.com: lrgprasad@yahoo.com,lrgprasad@yahoo.com,
,Guy,Hallam,Senior Business Programme Manager / COO Team Global Regulatory Change Lead,HSBC Bank PLC,e2@cityconsultancy.co.uk: e2@cityconsultancy.co.uk,e2@cityconsultancy.co.uk,
,Hans,Fugers,Manager CIO-Office,Alliander,Work: hans.fugers@gmail.com,hans.fugers@gmail.com,
,Hazel,Pitchers,Global Head of Marketing,AXA Group,Work: hazel.pitchers@axa-insurance.co.uk,hazel.pitchers@axa-insurance.co.uk,Work: +44 207003 1000
,Helmut,Sussbauer,Head of Innovation Management,Deutsche Telekom AG,h.sussbauer@telekom.de: h.sussbauer@telekom.de,h.sussbauer@telekom.de,
,Henry,Obatomi,Senior Developer,Flw,Work: obatome@gmail.com,obatome@gmail.com,
https://media.licdn.com/mpr/mpr/shrinknp_400_400/p/5/000/1c5/00e/1158693.jpg,Hicham,Allouani,,Pioneer Investments,"Personal: hallouani.mim2013@london.edu
Work: hicham.allouani@pioneerinvestments.com","hallouani.mim2013@london.edu, hicham.allouani@pioneerinvestments.com",
,Howard,Barber,Head of CRM and Analytics,Standard Life,,,Work: 07711357826
,Howell,Wong,Head of Digital,JWT,howell.wong@gmail.com: howell.wong@gmail.com,howell.wong@gmail.com,
,Hugo,Pinto,Innovation Officer | IBM Interactive Experience CoC,IBM,hugo@hugomcpinto.com: hugo@hugomcpinto.com,hugo@hugomcpinto.com,
,Ian,Davis,"Account Director - Banking, Payment & Digital",GfK NOP,,,
,Ian,Gibbs,Head of Commercial Insight at Guardian News and Media,The Guardian,Work: ian.gibbs@theguardian.com,ian.gibbs@theguardian.com,
,Ian,Shields,"CIO UK, Ireland & South Africa",PepsiCo,"icshields@yahoo.co.uk: icshields@yahoo.co.uk
Work: ian.shields@pepsico.com","icshields@yahoo.co.uk, ian.shields@pepsico.com",
,Ilona,Simpson,"CIO in Residence, Senior Advisor and Venture Partner",ARIADNE CAPITAL,Work: ilona.simpson@me.com,ilona.simpson@me.com,
,Inessa,Collier,Client Relationship Manager - Open Symbology,Bloomberg LP,icollier1@bloombert.net: icollier1@bloombert.net,icollier1@bloombert.net,2035259880: 2035259880
,Ingeborg,Luyt,Product Manager,Zwitserleven,Work: Ingeborgluyt@hotmail.com,Ingeborgluyt@hotmail.com,
,Irene C L,Ng,"Director, International Institute of Product & Service Innovation (IIPSI)","WMG, University of Warwick",irene.cl.ng@gmail.com: irene.cl.ng@gmail.com,irene.cl.ng@gmail.com,
,Jack,Gavigan,Chief Operating Officer,Zcash,Work: jackgavigan@z.cash,jackgavigan@z.cash,
https://media.licdn.com/mpr/mpr/shrinknp_400_400/AAEAAQAAAAAAAAkgAAAAJGI5NTUxYzJjLWIzNGMtNGVlMC1hMGM2LWM1NTY2ZTQ1MzlmNg.jpg,Jaco,Fok,Manager Technology & Innovation Excellence,Shell,,,
,Jags,Rao,Blockchain Workstream Lead,Swiss Reinsurance Company Ltd.,"Work: jagadeesha.rao@gmail.com
None: jags@europe.com","jagadeesha.rao@gmail.com, jags@europe.com",
,James,Hurst,Digital Creative Director,DesignStudio London,james@curestudio.com: james@curestudio.com,james@curestudio.com,
,James M A,Williams,"Director of Experience Engineering, North America, UX, Mobility, Innovation",Ness SES,james@imano.com: james@imano.com,james@imano.com,
,James,Robbins,Chief Information Office (CIO),Drax Group plc,,,
,James,Whitehurst,Assistant Relationship Manager,Natwest,Work: james.whitehurst@natwest.com,james.whitehurst@natwest.com,
,Jane,Wharton,"Function Manager CIO, Defence Equipment",UK Ministry of Defence,None: jjanewharton@aol.com,jjanewharton@aol.com,
,Jason,Swift,Head R&D Information UK,AstraZeneca UK Limited,Work: jason.swift@astrazeneca.com,jason.swift@astrazeneca.com,Global HQ: +44 20 7604 8000
,Javier Domingo,Folgado,Founder,RELIANZE Capital,Work: jdomingo@relianze.com,jdomingo@relianze.com,
https://media.licdn.com/mpr/mpr/shrinknp_400_400/p/4/005/086/159/395b6d9.jpg,Jay,Aubby,,CBRE,Work: jayaubby@yahoo.co.uk,jayaubby@yahoo.co.uk,
,Jem,Lloyd-Williams,Executive Director of Product and Innovation,Vizeum UK,jem.lloyd-williams@vizeum.com: jem.lloyd-williams@vizeum.com,jem.lloyd-williams@vizeum.com,
,Jennifer,Hiley,Principal - Digital Transformation,Infosys,jenniferhiley@hotmail.com: jenniferhiley@hotmail.com,jenniferhiley@hotmail.com,
,Jennifer,Wachtel,"Executive Director, Digital Marketing & Strategy",CME Group,jenwachtel@gmail.com: jenwachtel@gmail.com,jenwachtel@gmail.com,
,Jeordan,Legon,Global Head of Digital and Social Media for Pharma,Novartis,jeordan@jlegon.com: jeordan@jlegon.com,jeordan@jlegon.com,
,Jeremy,Muras,Digital Director,Lion Capital,jeremymuras@hotmail.com: jeremymuras@hotmail.com,jeremymuras@hotmail.com,
,Jeremy,Worrell,"CIO Advisor, Public Sector",IBM,jeremy.worrell@outlook.com: jeremy.worrell@outlook.com,jeremy.worrell@outlook.com,
,Jevan,Nagarajah,Business Development & Sales,payleven,jevan.nagarajah@gmail.com: jevan.nagarajah@gmail.com,jevan.nagarajah@gmail.com,
,Johan,Greeff,"Head of Marketing, Distribution and eCommerce",Investic,,,
,Johann,Palychata,Product Manager,BNP Paribas,johann.palychata@bnpparibas.com: johann.palychata@bnpparibas.com,johann.palychata@bnpparibas.com,
,John,Clarke,"Partner - RCP, TMT & Digital & TBM/ITFM",EY,john.clarke157@btopenworld.com: john.clarke157@btopenworld.com,john.clarke157@btopenworld.com,
,John,Hanna,Head of Digital Innovation,Majid Al Futtaim,john.hanna@maf.ae: john.hanna@maf.ae,john.hanna@maf.ae,"Mobile: +971-50-106 8847
Work: +971 4209 3253"
https://media.licdn.com/mpr/mpr/shrinknp_400_400/p/2/000/014/22e/3d6e34d.jpg,John,Hatwell,"Head of Digital Engagement, Global Retail Banking and Wealth Management at HSBC",HSBC Bank PLC,Work: john.hatwell@hsbc.com,john.hatwell@hsbc.com,
,John,Hereward Shaw,Head of R&D and Innovation,Direct Line Group,,,
,John,Macpherson,"Portfolio Director, Insurance, Asia-Pacific, Global Change Delivery",HSBC Bank PLC,linkedin@catchwater.com: linkedin@catchwater.com,linkedin@catchwater.com,
,John,Mason,"Global Head of Regulatory Reporting, Enterprise Solutions",Bloomberg LP,john.mason@mail2web.com: john.mason@mail2web.com,john.mason@mail2web.com,
https://media.licdn.com/mpr/mpr/shrinknp_400_400/AAEAAQAAAAAAAAWNAAAAJDM4MzA5ZWYyLWE2ZTgtNDJhMy1iMTc3LTMzZDg4ODg2OTJkOQ.jpg,Jonathan,Webster,Chief Digital Officer,Lloyds Banking Group,,,
,Jon,Block,Controller of Commercial Digital Products,ITV,jonblock1@gmail.com: jonblock1@gmail.com,jonblock1@gmail.com,
,Josep,Amoros,Head of Innovation and Monetization,Banco Sabadell,josep.amoros@gmail.com: josep.amoros@gmail.com,josep.amoros@gmail.com,
https://media.licdn.com/mpr/mpr/shrinknp_400_400/p/3/000/1f2/339/1cd4dd8.jpg,Josh,Bottomley,Global Head of Digital at HSBC,HSBC Bank PLC,Work: josh.bottomley@hsbc.com,josh.bottomley@hsbc.com,
,Julian,March,"SVP, Editorial & Innovation",NBC News,julian.march@gmail.com: julian.march@gmail.com,julian.march@gmail.com,
,Julian,Wilson,Head of Mobile Innovation,Barclays Bank PLC,julian.wilson@barclays.com: julian.wilson@barclays.com,julian.wilson@barclays.com,
,Julia,Sutton,Group Customer Data Strategy,HSBC Bank PLC,julia.x.sutton@hsbc.com: julia.x.sutton@hsbc.com,julia.x.sutton@hsbc.com,+44 7796 700739: +44 7796 700739
,Julien,Poulat,Middle-Office Assistant,Natixis Global Asset Management,Work: julienp38@gmail.com,julienp38@gmail.com,Work: 0622729318
,Justin,Conry,"Head of Transformation,Board Member",Three,Work: justin.conry@three.ie,justin.conry@three.ie,Work: +353833033000
,Kana,Butkovic,Product Director,First Data,Work: kanabutkovic@me.com,kanabutkovic@me.com,
,Kari,Jordan,"Head of Innovation, Downstream",Shell,Work: kari.jordan@shell.com,kari.jordan@shell.com,
,Karl,Happe,CIO Insurance Related Strategies,Allianz Group,Work: karl.happe@allianzgi.com,karl.happe@allianzgi.com,
,Kash,Jani,Business Analyst - Financial Crime & Regulatory Compliance,HSBC Bank PLC,Kash.Jani@hotmail.co.uk: Kash.Jani@hotmail.co.uk,Kash.Jani@hotmail.co.uk,
,Kate,Arkless Gray,Digital Communities Editor,Wellcome Trust,radiokate+in@gmail.com: radiokate+in@gmail.com,radiokate+in@gmail.com,
,Kaushalya,Somasundaram,"Director, Innovation and Investments",HSBC Bank PLC,kaushalya.somasundaram@hsbc.com: kaushalya.somasundaram@hsbc.com,kaushalya.somasundaram@hsbc.com,
,Kavita,Haldia,Technical Account Manager,Bloomberg LP,kavita_haldia2001@yahoo.com: kavita_haldia2001@yahoo.com,kavita_haldia2001@yahoo.com,
,Keith,Holmes,Head of Digital Analytics and Data,RSA,keithdh80@hotmail.com: keithdh80@hotmail.com,keithdh80@hotmail.com,
,Kevin,Hinde,"Director of Digital Systems, Science & Scholarly",Macmillan Science and Education,kevin.hinde@gmail.com: kevin.hinde@gmail.com,kevin.hinde@gmail.com,
,Kiran,Ganesh,Executive Director - CIO Head of Investment Advice Solutions,UBS Limited,kiran.ganesh@ubs.com: kiran.ganesh@ubs.com,kiran.ganesh@ubs.com,+44 785 167 1865: +44 785 167 1865
,Koim,Tschoe,AVP,Credit Suisse Group,Work: koim.tschoe@gmail.com,koim.tschoe@gmail.com,
,Lara,Korz,Director Corporate Strategy,Azur Underwriting Limited,None: lara.korz@azurpcg.com,lara.korz@azurpcg.com,
,Lars,Maehlmann,Sr. Technology Consulting  (Digital Collaboration/DevOps),Silpion IT-Solutions GmbH,lmaehlmann@sunshine-company.de: lmaehlmann@sunshine-company.de,lmaehlmann@sunshine-company.de,
,Laura,Bond,Senior Innovation Partnerships Manager,Alliance Boots GmbH,Laura.Bond@boots.co.uk: Laura.Bond@boots.co.uk,Laura.Bond@boots.co.uk,
,Laura,Merling,VP Digital Experience,AT&T,laura.merling@gmail.com: laura.merling@gmail.com,laura.merling@gmail.com,
,Leda,Glyptis,"Director, EMEA Innovation",BNY Mellon,,,
,Lee,Weldon,"Research Director, Office of the CIO",Gartner,lee@wlweldon.com: lee@wlweldon.com,lee@wlweldon.com,
,Leo,Craig,Developer,BNP Paribas,leo.craig@gmail.com: leo.craig@gmail.com,leo.craig@gmail.com,
,Leon,Kronqvist,Managment Consultant,PA Consulting Group,Work: leon.kronqvist@gmail.com,leon.kronqvist@gmail.com,
,Leo,Ryan,Global Head of Innovation and Partnerships; Social@Ogilvy,Ogilvy & Mather Advertising,None: leo.ryan@ogilvy.com,leo.ryan@ogilvy.com,
,Lisa,Wood,Chief Marketing Officer at Atom Bank,Atom Bank,Work: lisa.wood@atombank.co.uk,lisa.wood@atombank.co.uk,Work: +44 333 399 0050
,Lorraine,Waters,HSBC Deputy Chief Data Officer and Global Head of Data Governance,HSBC Bank PLC,lorraine.waters@hsbcib.com: lorraine.waters@hsbcib.com,lorraine.waters@hsbcib.com,
,Lucy,Barbor,Group Digital Director,DENTSU AEGIS NETWORK LTD.,grandfather22@hotmail.com: grandfather22@hotmail.com,grandfather22@hotmail.com,
,Luke,Antoniou,Digital Content Producer,FX-MM,Work: lantoniou@russelpublishing.com,lantoniou@russelpublishing.com,
,Madhavan,Krishnan,Senior Director Cloud Practice & Digital Solutions Group,Virtusa,madhav_k@yahoo.com: madhav_k@yahoo.com,madhav_k@yahoo.com,
,Mahesh,Chikodi,Managing Director UK,Robert Bosch GmbH,"mahesh.chikodi2@uk.bosch.com: mahesh.chikodi2@uk.bosch.com
email: mahesh.chikodi2@uk.bosch.com","mahesh.chikodi2@uk.bosch.com, mahesh.chikodi2@uk.bosch.com","+44 779 296 4789: +44 779 296 4789
mobile: +44 779 296 4789
Work: +44 189 583 4466"
,Maja,Maj,,,Work: maj1@nym.hush.com,maj1@nym.hush.com,
https://media.licdn.com/mpr/mpr/shrinknp_400_400/p/1/005/06e/39a/0842429.jpg,Malcolm,Salisbury,Manager External Research & Innovation,Shell,,,
,Manish,Awasthi,Head of Strategic Arch and Innovation,SWIFT,Work: Manish.AWASTHI@swift.com,Manish.AWASTHI@swift.com,
,Manoj,Mamachan,Business Innovation Manager,Robert Bosch GmbH,Work: Manoj.Mamachan@in.bosch.com,Manoj.Mamachan@in.bosch.com,Work:  +44 7918488052
,Manuel,Roller,Head Management Office to the President Asset Management and President EMEA,UBS Limited,Work: manuel.roller@gmx.de,manuel.roller@gmx.de,
,Marcell,Orosz,Senior Global Business Consultant,HSBC Bank PLC,marcell.orosz@oxfordbusinessalumni.org: marcell.orosz@oxfordbusinessalumni.org,marcell.orosz@oxfordbusinessalumni.org,
,Marco,Ottolini,Head of Fashion & Retail Innovation,DS Group,marco@ottolini.com: marco@ottolini.com,marco@ottolini.com,
,Marc,Peelman,Corporate BI director,AXA Group,marc.peelman@axa.be: marc.peelman@axa.be,marc.peelman@axa.be,
,Marcus,Swanepoel,Co-Founder and CEO,Bitx,Work: marcus@mybitx.com,marcus@mybitx.com,
https://media.licdn.com/mpr/mpr/shrinknp_400_400/AAEAAQAAAAAAAAdZAAAAJGFiZmEwNTg1LTRiYWItNGZhZi04NTI2LTVmMTcyMTUwYjA4Zg.jpg,Maria,Lopez Diaz de Revelli,"Marketing Director, Corporate Cards",American Express,"Work: maria.g.lopezdiaz@aexp.com
Personal: marilurevelli@gmail.com","maria.g.lopezdiaz@aexp.com, marilurevelli@gmail.com",
,Marinella,Georghiadou,Officer,Cyprus Securities and Exchange Commission,Work: mgeorghiadou@cysec.gov.cy,mgeorghiadou@cysec.gov.cy,
,Mark,Evans,Marketing Director,Direct Line,None: mark.evans@directline.com,mark.evans@directline.com,
,Mark,Gibbons,EMEA Chief Information Officer (CIO),BNY Mellon,,,
,Mark,Lewis,Product Manager,Bloomberg LP,"markrmlewis@gmail.com: markrmlewis@gmail.com
mdl100468@gmail.com: mdl100468@gmail.com","markrmlewis@gmail.com, mdl100468@gmail.com",
,Mark,Musson,Big Data Architect,HSBC Bank PLC,mark@musson.co.za: mark@musson.co.za,mark@musson.co.za,
,Mark,O'Neill,Head of Innovation and Delivery,Government Digital Service,fallingbadgers@gmail.com: fallingbadgers@gmail.com,fallingbadgers@gmail.com,
,Martin,Beake,Senior Digital Project Manager,Barclays Bank PLC,martin.beake@moongazy.com: martin.beake@moongazy.com,martin.beake@moongazy.com,
,Martin,Mitchell,Chief Data Architect,M&G,martinmitch@gmail.com: martinmitch@gmail.com,martinmitch@gmail.com,
,Matt,Gierhart,Innovation Officer,IBM,mattgierhart@gmail.com: mattgierhart@gmail.com,mattgierhart@gmail.com,
,Matthias,Wißotzki,Research Associate,University Rostock,Work: matthias.wissotzki@uni-rostock.de,matthias.wissotzki@uni-rostock.de,
,Matt,Peers,CIO,Linklaters,"matt.peers100@gmail.com: matt.peers100@gmail.com
matt.peers100@gmail.com: matt.peers100@gmail.com","matt.peers100@gmail.com, matt.peers100@gmail.com",
,Matt,Spence,Senior Account Director - Digital Marketing,Adobe,mattyspence@yahoo.com: mattyspence@yahoo.com,mattyspence@yahoo.com,
,Max,Kalis,Innovation Culture & Events Manager,Lloyds Banking Group,maxwhkalis@gmail.com: maxwhkalis@gmail.com,maxwhkalis@gmail.com,
,Maxson,Tee,Founding Team,AgriLedger,Work: maxson@agriledger.com,maxson@agriledger.com,
,Meera,Mistry,"Associate, Wealth Transformation Programme",HSBC Bank PLC,Work: meera.mistry@hsbc.com,meera.mistry@hsbc.com,Work: +447920419260
,Mehmet Ali,Savas,UX,BNP Paribas,Work: mehmetalisavas@gmail.com,mehmetalisavas@gmail.com,
,Mehmet,Cemal,Global Head of Infrastructure Service Management,UBS Limited,mehmet.cemal@ubs.com: mehmet.cemal@ubs.com,mehmet.cemal@ubs.com,2079015305: 2079015305
https://media.licdn.com/mpr/mpr/shrinknp_400_400/AAEAAQAAAAAAAAR0AAAAJDYwNDhjYWE2LTc0ZGUtNDEyMi05NzEyLTRmZjI1MGExM2JjMw.jpg,Melissa,Grant,Client Services Director,Prudential Plc,Work: melissa.grant@uk.pgds.com,melissa.grant@uk.pgds.com,"Mobile: +447880171908
Work: +44 20 3480 6138"
,Michael,Ibbitson,CIO,Gatwick Airport,m.ibbitson@gmail.com: m.ibbitson@gmail.com,m.ibbitson@gmail.com,
,Michael,Lau,"EMEA Regional Head of Technology Sales, Bloomberg Enterprise Content and Distribution",Bloomberg LP,,,
,Michael,Mainelli,Executive Director,Z/Yen,Work: michael_mainelli@zyen.com,michael_mainelli@zyen.com,
,Michael,Tymofijiw,Associate Consultant,La Fosse Associates,Work: michael.tymofijiw@lafosse.com,michael.tymofijiw@lafosse.com,
,Michelle,Teufel,Head of Digital Strategy,Arrow Electronics,Personal: teufelm@gmail.com,teufelm@gmail.com,
,Mike,Altendorf,Digital Consultant,Financial Times,mike@thedorfs.co.uk: mike@thedorfs.co.uk,mike@thedorfs.co.uk,
,Mike,Hearn,Senior Project Manager,HSBC Bank PLC,mr_mrhearn@hotmail.com: mr_mrhearn@hotmail.com,mr_mrhearn@hotmail.com,
,Miki,Vidackovic,Expert Legal Associate,Government of Republic of Serbia,Work: mikividackovic@gmail.com,mikividackovic@gmail.com,
,Miles,Hillier,"Sales Fulfilment Lead, Digital Sales",Royal Bank of Scotland,miles.hillier@rbs.co.uk: miles.hillier@rbs.co.uk,miles.hillier@rbs.co.uk,
,Mirjana,Zuro,R&D,Bloomberg LP,angela_zg@hotmail.com: angela_zg@hotmail.com,angela_zg@hotmail.com,
,Mithi,Thaya,Head of Incubator,ZEAL,None: thaya.mithi@gmail.com,thaya.mithi@gmail.com,
https://media.licdn.com/mpr/mpr/shrinknp_400_400/AAEAAQAAAAAAAAQAAAAAJDQwMDJiMTdiLTUzYzMtNDU3MS1hZGQ0LWRiNGU1MGM4M2JhZQ.jpg,Monica,Gargantini,Data Driven Business Innovation Lead,Pirelli,"Personal: moni10e@yahoo.it
Work: Monica.gargantini@pirelli.com","moni10e@yahoo.it, Monica.gargantini@pirelli.com",
,Monica,McGurk,SVP Strategy & New Ventures,,,,
https://media.licdn.com/mpr/mpr/shrinknp_400_400/p/7/005/01e/158/213c722.jpg,Morteza,Mahjour,CIO,Lloyds Banking Group,,,
,Mukrram,Ali,Senior FX Sales,MahiFX,Work: mukkaramali@gmail.com,mukkaramali@gmail.com,
,Musaifer,Alosaimi,Chief Information Officer,HSBC Bank PLC,,,
https://media.licdn.com/media/p/2/005/080/298/19324ae.jpg,Naim,Kazmi,"Head of Architecture, Methodology and Innovation",Lloyds Banking Group,,,
,Naomi,Bowman,Head of Governance & Operations - Group Monitor Liaison Office (Financial Crime Compliance),HSBC Bank PLC,bowman.naomi@gmail.com: bowman.naomi@gmail.com,bowman.naomi@gmail.com,
,Neha,Kaushik,"Vice President & Head, Digital Acquisitions COE, EMEA",Citi,nehakaushik@gmail.com: nehakaushik@gmail.com,nehakaushik@gmail.com,
,Neil,Bowden,Sales Engineer,Dell EMC,Work: neil.bowden@dell.com,neil.bowden@dell.com,
,Neil,Howard,Digital Design Manager,Sensata Technologies,njhoward@theiet.org: njhoward@theiet.org,njhoward@theiet.org,
,Niall,Cameron,Global Head Of Corporate and Institutional Digital,HSBC Bank PLC,Work: niall.cameron@hsbcib.com,niall.cameron@hsbcib.com,+442079915652: +447584400871
,Niall,O'Gorman,Interim - Global Digital Transformation Lead Coffee,Mondelez International,niall.ogorman@gmail.com: niall.ogorman@gmail.com,niall.ogorman@gmail.com,
,Nick,Doddy,Head of Strategy & Innovation,Deutsche Bank AG,nick.doddy@db.com: nick.doddy@db.com,nick.doddy@db.com,
,Nick,Grove,Founder / Innovation,NXT 2 PAY,ngrove@twincentric.com: ngrove@twincentric.com,ngrove@twincentric.com,
,Nick,Jones,Head of Digital & CSR,Visa Europe,nickmacjones@gmail.com: nickmacjones@gmail.com,nickmacjones@gmail.com,
,Nick,Sawyer,Bi Transformation Lead,Sainsbury's,'nick.sawyer@sainsburys.co.uk': 'nick.sawyer@sainsburys.co.uk','nick.sawyer@sainsburys.co.uk',
,Nick,Williamson,Founder,"Pythia, Limited",nwilli1@iit.edu: nwilli1@iit.edu,nwilli1@iit.edu,
,Nicolas,Arbogast,Head of Lending Digital Transformation,BANGKOK BANK PUBLIC COMPANY LIMITED,Work: nicolas.geo@bbl.co.th,nicolas.geo@bbl.co.th,
,Nigel,Matthews,Group Data Management Programme Director,HSBC Bank PLC,nimatthe@me.com: nimatthe@me.com,nimatthe@me.com,
,Nigel,Russell,Transformation Director,Yin Yang,,,
,Niketa,Patel,Operational Risk,Columba Edu,Work: np2419@columbia.edu,np2419@columbia.edu,
,Nikola,Tchouparov,Head of Blockchain Strategy,Tramonex,Work: nikola.tchouparov@tramonex.com,nikola.tchouparov@tramonex.com,
,Nilakshi,Soni,Digital Experience Consultant,Precedent,nilakshi0703@gmail.com: nilakshi0703@gmail.com,nilakshi0703@gmail.com,
,Noel,Ortiz,Global Digital Services Lead,Novartis,noelortiz@gmail.com: noelortiz@gmail.com,noelortiz@gmail.com,
,Norbert,Herman,Industry Innovation Leader - Retail & Distribution Sector,IBM,nherman@us.ibm.com: nherman@us.ibm.com,nherman@us.ibm.com,
,Oliver,Marks,Digital Enterprise & Collaboration blogger,ZDNet,om@olivermarks.com: om@olivermarks.com,om@olivermarks.com,
,Panagiotis,Ntafopoulos,Associate Consultant,Capco,Work: p.ntafopoulos@gmail.com,p.ntafopoulos@gmail.com,
,Pascal,Aerens,Head of Innovation,FircoSoft,Work: pascal.aerens@fircosoft.com,pascal.aerens@fircosoft.com,
,Pascal,Bouvier,"Venture Partner at Santander Innoventures, Santander Group's Global Fintech VC fund",Santander,Work: pgb2008@gmail.com,pgb2008@gmail.com,
,Patricia,webber,Director,QAL,Work: patricia@patriciawebber.com,patricia@patriciawebber.com,
,Patricio,Colombo,Head of IT & Systems (CIO),The Jamie Oliver Group,patricio@colombo.me.uk: patricio@colombo.me.uk,patricio@colombo.me.uk,
,Patrick,Quinn,CIO - Global F&A,arvato Bertelsmann,patrickpquinn@gmail.com: patrickpquinn@gmail.com,patrickpquinn@gmail.com,
,Paul,Cooper,CIO,Burton biscuits,,,
https://media.licdn.com/mpr/mpr/shrinknp_400_400/AAEAAQAAAAAAAAWXAAAAJDM2OTIyNDBlLWZkN2ItNGE3Ny04YmNkLTA3NTc3MjAzYWViYw.jpg,Paul,Cullender,Chief Data Officer,HSBC,Work: paul.cullender@hsbc.com,paul.cullender@hsbc.com,
,Paul,Excell,CIO,Teamtomarket,,,7860615395: 7860615395
,Paul,Feltham,Digital Director,Innometrics,paulfelts@gmail.com: paulfelts@gmail.com,paulfelts@gmail.com,
,Paul,Heybourne,"Innovation, Research & Demonstration Lab Manager",Aviva plc,paul.heybourne@aviva.co.uk: paul.heybourne@aviva.co.uk,paul.heybourne@aviva.co.uk,
,Paul,Hood,"Digital Director, London",Archant,paul.hood@archant.co.uk: paul.hood@archant.co.uk,paul.hood@archant.co.uk,
,Paul,Mellen,CTO,PVM Tech,Work: paul.mellen@gmail.com,paul.mellen@gmail.com,
,Paul,Utting,Senior Java Developer,HSBC Bank PLC,paul.utting@gmail.com: paul.utting@gmail.com,paul.utting@gmail.com,
,Pepe,Moder,,,,,
,Peter,Atkinson,"Executive Director, FX Cash & Derivatives Delivery Manager",UBS Limited,,,
,Peter,Neufeld,"Executive Director, Digital Advisory, Europe, Middle East, India and Africa",EY,peter@marteauinc.com: peter@marteauinc.com,peter@marteauinc.com,
,Peter,Serenita,,HSBC Bank PLC,peter.x.serenita@us.hsbc.com: peter.x.serenita@us.hsbc.com,peter.x.serenita@us.hsbc.com,
,Philippe,Barbe,Global Head of Marketing GBM,HSBC Bank PLC,Work: philippe.j.barbe@hsbc.com,philippe.j.barbe@hsbc.com,
,Philippe,Ruault,Chief Innovation and Digital Officer (Head Of IDLab),BNP Paribas Securities Services,Work: philippe.ruault@bnpparibas.com,philippe.ruault@bnpparibas.com,+33158160446: +33670914815
,Philippo,Bano,Director,BNP Paribas,Work: Philippo.bano@us.bnpparibas.com,Philippo.bano@us.bnpparibas.com,12124717046: 6463343785
https://media.licdn.com/mpr/mpr/shrinknp_400_400/AAEAAQAAAAAAAAWxAAAAJDhmZTljYjI3LTI0NjItNDdiYi04MzcyLTZlNTNhYjVjMTNhMQ.jpg,Phil,Jones,CIO,Prudential Plc,,,
,Phil,Knight,Chief Architect - Digital,Lloyds Banking Group,peknight@hotmail.com: peknight@hotmail.com,peknight@hotmail.com,
,Piotr,Piskorski,Head of IT Strategy and Enterprise Architecture,Nordea Limited,"Work: Piotr.Piskorski@nordea.com
Personal: ppiskors@gmail.com","Piotr.Piskorski@nordea.com, ppiskors@gmail.com","Work: +48 58 667 17 58
Mobile: +48 733344434"
,Rajendra,Goswami,Senior General Manager,Robert Bosch GmbH,None: rajendranath.goswami@in.bosch.com,rajendranath.goswami@in.bosch.com,
https://media.licdn.com/mpr/mpr/shrinknp_400_400/p/3/000/280/069/2e42717.jpg,Raman,Bhatia,"Head of Digital, UK at HSBC Retail Banking and Wealth Management",HSBC Bank PLC,Work: raman.bhatia@hsbc.com,raman.bhatia@hsbc.com,
,Randy,Silver,Product Manager,HSBC Bank PLC,randy.silver@gmail.com: randy.silver@gmail.com,randy.silver@gmail.com,
,Remi,Bourrette,Head of Strategic Investments,HSBC Bank PLC,remi.bourrette@hsbc.com: remi.bourrette@hsbc.com,remi.bourrette@hsbc.com,
https://media.licdn.com/mpr/mpr/shrinknp_400_400/p/1/000/197/01e/03aea5f.jpg,Rene,Honig,"VP Strategy, Portfolio & Innovation",Shell,,,
,Rex,Issac,Director,UBS Limited,,,
,Richard,Crook,,The Royal Bank of Scotland plc,richard.crook@rbs.com: richard.crook@rbs.com,richard.crook@rbs.com,+44 7825 934307: +44 7825 934307
,Richard,Davidson-Houston,Head of All 4 and Digital Content,Channel 4,richard@davidson-houston.com: richard@davidson-houston.com,richard@davidson-houston.com,
https://media.licdn.com/media/AAEAAQAAAAAAAAkYAAAAJDdkZTg4MWYzLThhZjItNDc0Ni1iNzI5LTUzOTE1Mjk0YTA4NA.jpg,Richard,Morton,Head of Group Internal Communications and,UBS Limited,Work: richard.morton@ubs.com,richard.morton@ubs.com,
,Richard,Walsh,Either as transformational Head of IT or Programme Manager,Looking for my next opportunity,mr.rjwalsh@gmail.com: mr.rjwalsh@gmail.com,mr.rjwalsh@gmail.com,
,Rick,Avis,Head of Information and Integration Architecture,UBS Limited,rick.avis@ubs.com: rick.avis@ubs.com,rick.avis@ubs.com,
,Rob,Alport,Digital Marketing Manager,Level 3 Communications,robert.alport@hotmail.co.uk: robert.alport@hotmail.co.uk,robert.alport@hotmail.co.uk,
,Roberto,Hortal,Head of Digital,EDF Energy,rhortal@gmail.com: rhortal@gmail.com,rhortal@gmail.com,
,Robert,Voyce,"Global Head of Liaison, Financial Intelligence Unit",HSBC Bank PLC,"robertvoyce@yahoo.com: robertvoyce@yahoo.com
robertvoyce@yahoo.com: robertvoyce@yahoo.com","robertvoyce@yahoo.com, robertvoyce@yahoo.com",
,Rob,Harding,Chief Information Officer (CIO),Capital One,robert.harding@capitalone.com: robert.harding@capitalone.com,robert.harding@capitalone.com,
,Rob,Hussey,"CIO, Retirement",Mercer,rob.hussey@mercer.com: rob.hussey@mercer.com,rob.hussey@mercer.com,
,Robin,Hamman,Experienced Digital and Social Media Strategist (available for freelance assignments),Stradigal Ltd,robin@cybersoc.com: robin@cybersoc.com,robin@cybersoc.com,
,Robin,Stagg,Innovation Manager,Allianz Group,"robin.stagg@allianz.co.uk: robin.stagg@allianz.co.uk
robin.stagg@allianz.co.uk: robin.stagg@allianz.co.uk","robin.stagg@allianz.co.uk, robin.stagg@allianz.co.uk",
https://media.licdn.com/mpr/mpr/shrinknp_400_400/AAEAAQAAAAAAAAgCAAAAJDFmMmJmNjBmLTVjNGMtNDk1OC1iMTE1LTVkMWE2OGZlNjkwNA.jpg,Rob,Wijhenke,Head of Data Innovation and Analytics,ABN Amro Group,,,
,Roland,Klemann,"Senior Director, Service Provider Transformation Group",Cisco Systems,roland@null.net: roland@null.net,roland@null.net,
,Rosendo,Travieso,Head of Digital Product Management,Westfield,rosendo@travieso.org: rosendo@travieso.org,rosendo@travieso.org,
,R. Paul,Singh,CEO,"Espresso Logic, Inc.",rps@thesinghs.com: rps@thesinghs.com,rps@thesinghs.com,
,Ruediger,Schoenbohm,Vice President Project Enterprise 2.0 and Social Business,Robert Bosch GmbH,r.schoenbohm@online.de: r.schoenbohm@online.de,r.schoenbohm@online.de,
,Rutang,Thanawalla,Risk Manager / Head of Portfolio Analytics,HSBC Bank PLC,,,
,Ruth Foxe,Blader,"Fintech Investor, Allianz Digital Corporate Ventures",Allianz Group,,,
,Sacha,Law,Head of Digital Marketing,Network Rail,sacha_law@yahoo.com: sacha_law@yahoo.com,sacha_law@yahoo.com,
,Sahil,Verma,Business Transformation Director,Regus,sahil_verma@ymail.com: sahil_verma@ymail.com,sahil_verma@ymail.com,
,Sam,Forster,Head of Business/Technology Innovation - Global Consulting,Orange Business Services,samrforster@yahoo.co.uk: samrforster@yahoo.co.uk,samrforster@yahoo.co.uk,
,Sam,Keegan,"Senior Scientist, Open Innovation","Kraft Foods Global, Inc.",samuel.keegan@mdlz.com: samuel.keegan@mdlz.com,samuel.keegan@mdlz.com,
,Sam,Reid,,,Work: samalexanderreid@gmail.com,samalexanderreid@gmail.com,
,Samson,Wong,Technology Consulting Analyst,Deloitte,Work: samson9993@gmail.com,samson9993@gmail.com,
,Sarah Rachel,Jones,Senior Manager - Digital Content,American Express,,,
,Schalk,Viljoen,Digital Marketing Expert,SAP,Schalk.viljoen@sap.com: Schalk.viljoen@sap.com,Schalk.viljoen@sap.com,
,Scott,Riley,Director,Block Asset Technologies,Work: s.riley.mail@googlemail.com,s.riley.mail@googlemail.com,
https://media.licdn.com/mpr/mpr/shrinknp_400_400/p/2/000/048/1b7/23924b3.jpg,Sean,Gilchrist,Managing Director Commercial Digital,Lloyds Banking Group,,,
,Serge,Taborin,Global Digital Innovation Director,Aviva plc,"serge.taborin@aviva.com: serge.taborin@aviva.com
serge_taborin@hotmail.com: serge_taborin@hotmail.com","serge.taborin@aviva.com, serge_taborin@hotmail.com",Work: 00447951253183
,Shailen,Joshi,Head of Digital Communications,Lloyds Banking Group,shailen77@hotmail.co.uk: shailen77@hotmail.co.uk,shailen77@hotmail.co.uk,
,Shane,Lamont,Global Head of Anti Money Laundering IT,HSBC Bank PLC,shane.lamont@hsbcib.com: shane.lamont@hsbcib.com,shane.lamont@hsbcib.com,
,Shane,Williams,"WM Digital Transformation, Crypto 2.0",UBS Limited,"swilli40@hotmail.com: swilli40@hotmail.com
Work: shane.williams@ubs.com","swilli40@hotmail.com, shane.williams@ubs.com",
,Shrikesh,Pabari,Director - India SalesTrading,UBS Limited,,,
,Shuji,Abe,Head of Financial Institutions Coverage Japan,BNP Paribas,Work: shuji.abe@japan.bnpparibas.com,shuji.abe@japan.bnpparibas.com,
,Siddharth,Singh,Innovation Programme Architect,Pivotal,sid@pivotalinnovations.com: sid@pivotalinnovations.com,sid@pivotalinnovations.com,
,Sjaun,Wong,Head of Digital Analytics and Insights,Comic Relief,,,
,Sohini,Roy,"Co-Founder, Principal",Stoneford Consulting,sroyniles@aol.com: sroyniles@aol.com,sroyniles@aol.com,
,Sridhar,Sethuraman,Digital SME & HSBC Implementation Lead,eWise,sridhar@customerbright.com: sridhar@customerbright.com,sridhar@customerbright.com,
,Stathis,Souvaliotis,CIO for HR and IT Director,BP,stathis.souvaliotis@bp.com: stathis.souvaliotis@bp.com,stathis.souvaliotis@bp.com,
,Stefania,Vigna,Innovation Unit - Research & Methodology,Intesa Sanpaolo,stefania.vigna@intesasanpaolo.com: stefania.vigna@intesasanpaolo.com,stefania.vigna@intesasanpaolo.com,+39 (335) 699-8604: +39 (335) 699-8604
,Steve,Ford,Enterprise Architect,AXA Group,steve_j_ford@hotmail.com: steve_j_ford@hotmail.com,steve_j_ford@hotmail.com,
,Steven,Berryman,Developer,Mosaic,Work: berrymas@yahoo.co.uk,berrymas@yahoo.co.uk,
,Steven,O'Connor,Strategic Transformation Project Manager,"American International Group, Inc.",steven.o'connor@aig.com: steven.o'connor@aig.com,steven.o'connor@aig.com,+44 7800 650078: +44 7800 650078
,Steven,Simon,Senior Database and Technology Sales for Key Accounts in Gulf Region,SAP,,,
,Steve,Phillips - Social Media Consultant,"VP, Social Media - Design and Digital Office",Barclays Bank PLC,stevekphillips@gmail.com: stevekphillips@gmail.com,stevekphillips@gmail.com,
,Stryker,McGuire,"Senior Editor, London, Bloomberg Markets",Bloomberg LP,stryker.mcguire@gmail.com: stryker.mcguire@gmail.com,stryker.mcguire@gmail.com,
,Stuart,Chalmers,Director of Digital,BRE (Building Research Establishment),None: stuart.chalmers@gmail.com,stuart.chalmers@gmail.com,
,Stuart,Duncan,Director of Digital Content,Bauer Media,stuart2707@mac.com: stuart2707@mac.com,stuart2707@mac.com,
,Stuart,Lamb,Digital Marketing & Social Media Consultant,Tata Consultancy Services,stuart.lamb@tcs.com: stuart.lamb@tcs.com,stuart.lamb@tcs.com,
,Surinder,Kooner,Head of Innovation,Allianz Group,Work: surinder.kooner@allianz.co.uk,surinder.kooner@allianz.co.uk,
,Susan,Wegner,"Vice President Smart Data Analytics&Communication, Big Data, Telekom Innovation Laboratories",Deutsche Telekom AG,wegners@telekom.de: wegners@telekom.de,wegners@telekom.de,
,Sven,Denecken,SVP Product Management and Co-Innovation S/4HANA,SAP,sven.denecken@sap.com: sven.denecken@sap.com,sven.denecken@sap.com,+496227 7-6417: +496227 7-6417
,Tarill,Baker,,HSBC Bank PLC,tarrill.baker@hsbcib.com: tarrill.baker@hsbcib.com,tarrill.baker@hsbcib.com,
,Tariq,Rasul,Global Programme Manager - Digital Transformation,HSBC Bank PLC,tariq.rasul@touchpointsolutions.co.uk: tariq.rasul@touchpointsolutions.co.uk,tariq.rasul@touchpointsolutions.co.uk,
,Terry,Golding,Intranet Mgr.,AXA Group,terry.golding@axa-ppp.co.uk: terry.golding@axa-ppp.co.uk,terry.golding@axa-ppp.co.uk,Work: 	 0044 20 7920 5900
,Thomas H.-C.,Voigt,International Research Director Channels and Digital Media,Discovery Communications,,,
,Thomas,Plaks,"Editor in Chief, Owner",ERSA-ADN Publishing,Work: org@ersaconf.org,org@ersaconf.org,
,Tiffany,St James,Co Founder at Transmute - Embedding Digital Marketing and Social Media into Large Organisations,Transmute,tiffany@wetransmute.com: tiffany@wetransmute.com,tiffany@wetransmute.com,
,Tim,Bangemann,CIO Office,Deka Investment,Work: tim.bangemann@gmail.com,tim.bangemann@gmail.com,
,Tim,Beal,Independent Transformation Consultant,Syntera Ltd,tim.beal@syntera.co.uk: tim.beal@syntera.co.uk,tim.beal@syntera.co.uk,
,Tim,Collins,Head of Capacity Planning - Global IT Operations,HSBC Bank PLC,tim.collins999@sky.com: tim.collins999@sky.com,tim.collins999@sky.com,
,Tim,Decker,SWIFT Relationship Manager,HSBC Bank PLC,deckertim@yahoo.co.uk: deckertim@yahoo.co.uk,deckertim@yahoo.co.uk,
,Tim,Hart,"Executive Director, IT Infrastructure",UBS Limited,tim.hart@btinternet.com: tim.hart@btinternet.com,tim.hart@btinternet.com,
https://media.licdn.com/mpr/mpr/shrinknp_400_400/p/1/000/1d7/1f1/0366891.jpg,Tim,Miller,"Chief Operating Officer, HSBC Digital Solutions",HSBC Bank PLC,,,
,Timo,Itälä,PhD Candidate,Aalto University,Work: timo.itala@aalto.fi,timo.itala@aalto.fi,
,Timothy,Krysiek,"Head of Valuation, Business Development North America",Statoil ASA,timothy.krysiek@gmail.com: timothy.krysiek@gmail.com,timothy.krysiek@gmail.com,
,Tom,Ablewhite,Senior Business & Digital Strategist,Havas Work Club,tablewhite@hotmail.com: tablewhite@hotmail.com,tablewhite@hotmail.com,
,tom,aldridge,owner,own,None: thald@msn.com,thald@msn.com,
,Tomas,Gonsorcik,"Group Director, Strategy & Innovation",VML,tomasgonsorcik@me.com: tomasgonsorcik@me.com,tomasgonsorcik@me.com,
,Tom,Castle,"Programme Manager, KYC and Onboarding, Digital Technology and Engineering Services - Vice President",Royal Bank of Scotland,tom_greenwich@yahoo.co.uk: tom_greenwich@yahoo.co.uk,tom_greenwich@yahoo.co.uk,
,Tom,Dalglish,"SVP, Global Head of Transformation",SmartStream Technologies,tommy.dalglish@gmail.com: tommy.dalglish@gmail.com,tommy.dalglish@gmail.com,
,Tommy,Parker,Digital Innovation Lead,Ki Performance,twp15@hotmail.co.uk: twp15@hotmail.co.uk,twp15@hotmail.co.uk,
,Tony,Chau,Executive Director,UBS Limited,chau_tony@btinternet.com: chau_tony@btinternet.com,chau_tony@btinternet.com,
,Tony,Henderson,"Business Lead Europe for Content Protection, Microsoft PlayReady",Microsoft,tony.henderson@microsoft.com: tony.henderson@microsoft.com,tony.henderson@microsoft.com,
,Trevor,Oakley,CEO,zillerium,Work: trevor@merrows.co.uk,trevor@merrows.co.uk,
,Tristan,Pelloux,Corporate Development,Clydesdale Bank plc (CYBG),Work: tristan.pelloux@gmail.com,tristan.pelloux@gmail.com,
,Tushar,Patel,CIO and Managing Director,HFIM,tpatel@hfim.com: tpatel@hfim.com,tpatel@hfim.com,
,Uday,Odedra,Head of Group Technology (IT) India,UBS Limited,uday.odedra@ubs.com: uday.odedra@ubs.com,uday.odedra@ubs.com,
,Ulf,Svensson,Head of Partner Program / Enterprise Content and Distribution,Bloomberg LP,ulf@imperitus.com: ulf@imperitus.com,ulf@imperitus.com,
,Val,Sedounik,Director,Kairos,Work: val@sedounik.com,val@sedounik.com,
,Vassilis,Xanthopoulos,Global Markets Private Banking Sales Dealer,Eurobank,Work: vxanthopoulos@gmail.com,vxanthopoulos@gmail.com,
https://media.licdn.com/mpr/mpr/shrinknp_400_400/AAEAAQAAAAAAAAh9AAAAJDc4OTc5ODU4LTIxMmYtNDZhNy1hNmJhLTdjOWY4MWVhYzU1Yw.jpg,Vicente,Quesada,,Finance Business School,Work: vquesada@financebusinessschool.org,vquesada@financebusinessschool.org,
,Victor,Arriola,VP,GSI,Work: arriola.victor@gmail.com,arriola.victor@gmail.com,
,Victor,Hu,"Head, Data Science",QBE Insurance,Work: victor.hu@qbe.com,victor.hu@qbe.com,
,Vignesh,Raja,Innovation,Viktor Koenig,Work: vignesh@vk.ae,vignesh@vk.ae,
,Vinne,Schifferstein Vidal,Global Director Digital Marketing & Market Development,Pearson English,vinne.schifferstein@gmail.com: vinne.schifferstein@gmail.com,vinne.schifferstein@gmail.com,
,Vipul,Nagrath,CIO Enterprise Solutions,Bloomberg LP,vnagrath@gmail.com: vnagrath@gmail.com,vnagrath@gmail.com,
,Vishal,Mallick,CEO,Performance Buildings AG,"vishal.mallick@performancebuildings.ch: vishal.mallick@performancebuildings.ch
None: vishal.mallick@performancebuildings.ch","vishal.mallick@performancebuildings.ch, vishal.mallick@performancebuildings.ch",
,Vivek,Viswanathan,"Digital Manager, Loans",Lloyds Banking Group,vivek3005@gmail.com: vivek3005@gmail.com,vivek3005@gmail.com,
,Wessel,van Rensburg,Digital strategist & founder,RAAK,wildebees@gmail.com: wildebees@gmail.com,wildebees@gmail.com,
,Wil,Harris,Head of Digital,Condé Nast Publications,will.harris@condenast.co.uk: will.harris@condenast.co.uk,will.harris@condenast.co.uk,
,Will,Harvey,Innovation Lead,VCCP,william_harvey@me.com: william_harvey@me.com,william_harvey@me.com,
,Will,Squires,Solicitor,Gunnerbloom Limited,Work: will.squires@gunnerbloom.com,will.squires@gunnerbloom.com,
,Yacine,Terai,BLOCKCHAIN CORPORATE ADVISOR,Coinsilium,Work: yacineterai@coinsilium.com,yacineterai@coinsilium.com,
,Yann,Ruello,Head of TV & Entertainment Innovation,Orange,yann@ruello.fr: yann@ruello.fr,yann@ruello.fr,
,Yemi,Fagbenro,Digital Transformation Architect,Diageo,,,
,Yinka,Adeyemi,3rd Party Program - Business Management,Bloomberg LP,,,
,Yoann,Turpin,Co founder /CFO CIO,Innovify,YOANN.TURPIN@EDHEC.COM: YOANN.TURPIN@EDHEC.COM,YOANN.TURPIN@EDHEC.COM,
https://media.licdn.com/mpr/mpr/shrinknp_400_400/p/2/005/0af/0c6/33f767b.jpg,Yuri,Sebregts,EVP Innovation/R&D and CTO,Shell,Work: y.sebregts@shell.com,y.sebregts@shell.com,
,Zaka,Mian,Digital transformation director & Retail CIO,Lloyds Banking Group,Zaka.Mian@LloydsTSB.co.uk: Zaka.Mian@LloydsTSB.co.uk,Zaka.Mian@LloydsTSB.co.uk,
,Zoe,"Mandich, PhD, MBA",Global Marketing - Digital Distruption UC,Arkadin,Zoe@bahrami.co.uk: Zoe@bahrami.co.uk,Zoe@bahrami.co.uk,
