PHOTO URL,FIRST NAME,LAST NAME,JOB ROLE,ORGANIZATION,EMAIL,EMAIL (PLAIN)
,Amit,Patel,Independent Marketing Associate,Onelife,Work: gami_amit@hotmail.co.uk,gami_amit@hotmail.co.uk
,Ana,Heredia,Exp Senior,Management Solutions,Work: ana.belen.heredia@msunitedkingdom.com,ana.belen.heredia@msunitedkingdom.com
,Ashley,Kemball-Cook,Associate,Zerado,Work: ashley@zerado.com,ashley@zerado.com
,George,Nwaorgu,Data Scientist,Procorre,Work: nwaorgu2012@gmail.com,nwaorgu2012@gmail.com
,Ignacio,Reinoso,Exp Senior,Management Solutions,Work: ignacio.reinoso@msunitedkingdom.com,ignacio.reinoso@msunitedkingdom.com
,Jennifer,Foster,,,Work: j.foster2910@googlemail.com,j.foster2910@googlemail.com
,J,S,,,Work: jaimesim@gmail.com,jaimesim@gmail.com
,Louisa,MURRAY,Director,Opus One Associates,Work: louisa@opusoneassociates.co.uk,louisa@opusoneassociates.co.uk
,Madhav,Narahari,Associate Director,Capgemini,Work: madhavrn@gmail.com,madhavrn@gmail.com
,Marc,Salter,Head of Sales,Calibrate Consulting,Work: mdsalter@gmail.com,mdsalter@gmail.com
,Mub,Barak,Analyst,BS,Work: mubz25@hotmail.com,mubz25@hotmail.com
,Natalie,Kovaleff,MBA Student,Hult International business school,Work: login.support@hult.edu,login.support@hult.edu
,Petre,Cchetiani,Business Analyst,Congnizant,Work: petreguram@gmail.com,petreguram@gmail.com
,Raj,Vaithamanithi,Manager,Srinithy,Work: vpvraj@yahoo.com,vpvraj@yahoo.com
,Samantha,Baggott,Head of Operations,SwapX,Work: samanthabaggott@yahoo.com,samanthabaggott@yahoo.com
,Sam,Welton,Big Data & Data Analytics Consultant,Spencer Rose,Work: sam.welton@spencer-rose.com,sam.welton@spencer-rose.com
,Sandeep,Joshi,Director,Excel Consultancy,Work: sandeep.2.joshi@gmail.com,sandeep.2.joshi@gmail.com
,Shivani,Patel,Business Owner,Onelife,Work: shivani29@hotmail.co.uk,shivani29@hotmail.co.uk
,Swaroop,Shah,Director,Warwick Business Consultants Ltd,Work: swaroop.shah@yahoo.co.uk,swaroop.shah@yahoo.co.uk
,Thomas,Parker,IT consultant,Dimension Data,Work: thomasparker126@hotmail.co.uk,thomasparker126@hotmail.co.uk
,Uygar,Kilic,Founder,Cronus Business Consultancy,Work: uygar@cronuscn.com,uygar@cronuscn.com
,Venkateswaralu,Cherukur,Head of Banking & Regulation,Syntel,Work: legendlu@yahoo.com,legendlu@yahoo.com
,William,Nash,CEO,Kwori,Work: william@kwori.co.uk,william@kwori.co.uk
