PHOTO URL,FIRST NAME,LAST NAME,ORGANIZATION,EMAIL,EMAIL (PLAIN),PHONE
,Ali,Azam,KCL,Work: Ali_1632@hotmail.co.uk,Ali_1632@hotmail.co.uk,
,Amol,Masurkar,Infosys,Work: amasurkar5@gmail.com,amasurkar5@gmail.com,
,Benjamin,Halfacre,Asterism Ventures,Work: benjamin.halfacre@asterismventures.com,benjamin.halfacre@asterismventures.com,
,Christophe,Campagne,,Work: chris98campagne@me.com,chris98campagne@me.com,
,Daniel,O'Hanlon,Sanlam UK,Work: daniel.ohanlon@sanlam.co.uk,daniel.ohanlon@sanlam.co.uk,
,Ian,Southward,LSDN,Work: isouthward@yahoo.com,isouthward@yahoo.com,
,John,Farrell,GroFX Ltd,Work: jfarrell89@yahoo.com,jfarrell89@yahoo.com,
,Maz,Hayes,"Cognifide, a WPP company",maz.hayes@googlemail.com: maz.hayes@googlemail.com,maz.hayes@googlemail.com,
,Muhammad,Salman,Tesco Plc,Work: salman046@yahoo.com,salman046@yahoo.com,
,Nitin,Tiwari,TalkTalk,Work: nitin-tiwari@outlook.com,nitin-tiwari@outlook.com,
