FIRST NAME,LAST NAME,JOB ROLE,ORGANIZATION,ORGANIZATION INDUSTRY,EMAIL,EMAIL (PLAIN),PHONE,SOURCE,OWNER,CONTACT TYPE
caroline,carruthers,Chief Data Officer,Network Rail,Travel & Leisure,Work: caroline.carruthers@networkrail.co.uk,caroline.carruthers@networkrail.co.uk,,,Alpesh Doshi,Lead
James,Xuereb,Chief Data Officer,One Fine Stay,Travel & Leisure,Work: James.xuereb@onefinestay.com,James.xuereb@onefinestay.com,,CDO Europe 2017,Tom Gordon,Lead
Pedro,Molleda,Chief Data Officer,NH Hotels,Travel & Leisure,Work: p.molleda@nh-hotels.com,p.molleda@nh-hotels.com,,CDO Europe 2017,Tom Gordon,Lead
Emma,Corbett,Chief Data Officer,Network Rail,Travel & Leisure,Work: emma.corbett@networkrail.co.uk,emma.corbett@networkrail.co.uk,,CDO Europe 2017,Tom Gordon,Lead
Martin,Ratolistka,Chief Data Officer,Kiwi.com,Travel & Leisure,Work: martin.ratolistka@kiwi.com,martin.ratolistka@kiwi.com,,CDO Europe 2017,Tom Gordon,Lead
Jean,Ruiz,Chief Data Officer,International Air Transport Association (IATA),Travel & Leisure,Work: ruizj@iata.org,ruizj@iata.org,,CDO Europe 2017,Tom Gordon,Lead
Kristian,Monsen,Chief Data Officer,Telia Company (Norway),Telecommunications,Work: kristian.monsen@telia.no,kristian.monsen@telia.no,,CDO Europe 2017,Tom Gordon,Lead
Geoffrey,Zbinden,Chief Data Officer,Orange,Telecommunications,Work: geoffrey.zbinden@orange.com,geoffrey.zbinden@orange.com,,CDO Europe 2017,Tom Gordon,Lead
Alain,Ouk Glickman,VP Analytics,Orange Group,Telecommunications,Work: alain.glickman@orange-ftgroup.com,alain.glickman@orange-ftgroup.com,,,Tom Gordon,
Phillip,Radley,Chief Data Architect,BT,Telecommunications,Work: phillip.radley@bt.com,phillip.radley@bt.com,,,Tom Gordon,
Agnieszka,Michalik,Senior Data Architect,Nokia,Telecommunications,inesami@gmail.com: inesami@gmail.com,inesami@gmail.com,,,Tom Gordon,
Roberto,Maranca,Chief Data Officer,GE Capital,Technology,"personal: ocapitan@hotmail.com
lloyds: roberto.maranca@lloydsbanking.com
Work: R.maranca@outlook.com","ocapitan@hotmail.com, roberto.maranca@lloydsbanking.com, R.maranca@outlook.com",,CDO Europe 2017,Alpesh Doshi,Lead
Tom,Channing,"Head, Strategic Analytics",Sony Mobile Communications,Technology,Work: tom.channing@eu.sony.com,tom.channing@eu.sony.com,,,Tom Gordon,
Guoxian,Yang,Chief Data Scientist,CapSo Inc.,Technology,gyang@tcd.ie: gyang@tcd.ie,gyang@tcd.ie,,,Tom Gordon,
Steven,Pimblett,COO & CDO,wejo ltd,Solution Provider,"steve.pimblett@yahoo.co.uk: steve.pimblett@yahoo.co.uk
None: steve.pimblett@wejo.com","steve.pimblett@yahoo.co.uk, steve.pimblett@wejo.com",,Web,Tom Gordon,
Paulo,Saraiva dos Santos,Chief Data Officer,Statistics Portugal,Solution Provider,Work: paulo.saraiva@ine.pt,paulo.saraiva@ine.pt,,CDO Europe 2017,Tom Gordon,Lead
Gareth,Johns,Chief Data Officer,Starcount,Solution Provider,Work: gareth.johns@starcount.com,gareth.johns@starcount.com,,CDO Europe 2017,Tom Gordon,Lead
Peter,Wilkinson,Chief Data Officer,Semarchy Limited,Solution Provider,Work: peter.wilkinson@semarchy.com,peter.wilkinson@semarchy.com,,CDO Europe 2017,Tom Gordon,Lead
Stacey,Skidmore,Chief Data Officer,Peoples Holdings,Solution Provider,Work: staceyskidmore@peoplesholdings.co.uk,staceyskidmore@peoplesholdings.co.uk,,CDO Europe 2017,Tom Gordon,Lead
Udo,Wuertz,Chief Data Officer,Fujitsu Technology Solutions GmbH,Solution Provider,Work: Udo.Wuertz@ts.fujitsu.com,Udo.Wuertz@ts.fujitsu.com,,CDO Europe 2017,Tom Gordon,Lead
David,Young,Chief Data Officer,Datalytyx,Solution Provider,Work: david.young@datalytyx.com,david.young@datalytyx.com,,CDO Europe 2017,Tom Gordon,Lead
Justin,Cullen,Chief Data Officer,Core Media,Solution Provider,Work: justin.cullen@coremedia.ie,justin.cullen@coremedia.ie,,CDO Europe 2017,Tom Gordon,Lead
Harsha,Swamy,Chief Data Officer,Antuit Limited,Solution Provider,Work: harsha.swamy@antuit.com,harsha.swamy@antuit.com,,CDO Europe 2017,Tom Gordon,Lead
Alexandra,Korda,Chief Data Officer,Affinion International,Solution Provider,Work: alexandra.korda@affinioninternational.com,alexandra.korda@affinioninternational.com,,CDO Europe 2017,Tom Gordon,Lead
Steven,Hutt,VP Data Analytics,Maxeler Technologies,Solution Provider,steven.hutt@yahoo.com: steven.hutt@yahoo.com,steven.hutt@yahoo.com,,,Tom Gordon,
Steven,Simon,Senior Database and Technology Sales for Key Accounts in Gulf Region,SAP,Solution Provider,,,,,Tom Gordon,
Gavin,Nichols,Senior Database and Technology Account Manager for Consumer Industries,SAP,Solution Provider,zkot@hotmail.co.uk: zkot@hotmail.co.uk,zkot@hotmail.co.uk,,,Tom Gordon,
James,Hanscomb,Chief Data Officer,tenthavenue,Solution Provider,jameshanscomb@hotmail.com: jameshanscomb@hotmail.com,jameshanscomb@hotmail.com,,,Tom Gordon,
Denys,Medin,Head of Data / CDO,RELX Group,Solution Provider,denys.medin@icis.com: denys.medin@icis.com,denys.medin@icis.com,,Unspecified,Tom Gordon,
Andrew,Day,Chief Data Officer,Sainsbury's,Retail,Work: Andrew.Day@sainsburys.co.uk,Andrew.Day@sainsburys.co.uk,,CDO Europe 2017,Tom Gordon,Lead
Nash,Patel,Chief Data Officer,Sainburys,Retail,Work: nash.patel@sainsburys.co.uk,nash.patel@sainsburys.co.uk,,CDO Europe 2017,Tom Gordon,Lead
Chris,Newell,Chief Data Officer,Rewards4Racing Ltd,Retail,Work: chris.newell@rewards4racing.com,chris.newell@rewards4racing.com,,CDO Europe 2017,Tom Gordon,Lead
Samuel,Benson,Chief Data Officer,Lidl UK,Retail,Work: samuel.benson@lidl.co.uk,samuel.benson@lidl.co.uk,,CDO Europe 2017,Tom Gordon,Lead
Barry,Panayi,Chief Data Officer,Amlin,Retail,"Work: bpanayi@gmail.com
Work: barry.p@amlinc.com
Work: barry.panayi@amlin.com","bpanayi@gmail.com, barry.p@amlinc.com, barry.panayi@amlin.com",,,Tom Gordon,Lead
Ed,Wiley,Chief Data Scientist; DVP Pricing,Sears Holdings Corporation,Retail,Ed.Wiley@BoulderStrategicAnalytics.com: Ed.Wiley@BoulderStrategicAnalytics.com,Ed.Wiley@BoulderStrategicAnalytics.com,,,Tom Gordon,
Simon,Wright,Chief Data Officer,Sky,Media,Work: simon.wright@sky.uk,simon.wright@sky.uk,,,Alpesh Doshi,Lead
Sara,Howers,Chief Data Officer,Haymarket Media Group,Media,Work: Sara.howers@haymarket.com,Sara.howers@haymarket.com,,,Alpesh Doshi,Lead
Magda,Piatkowska,Chief Data Officer,Telegraph Media Group,Media,Work: magda.piatkowska@telegraph.co.uk,magda.piatkowska@telegraph.co.uk,,CDO Europe 2017,Tom Gordon,Lead
Simon,Wright,Group Data Protection Officer,Badoo,Media,,,,CDO Europe 2017,Tom Gordon,
Joseph,Nathan,Chief Data Officer,News UK,Media,Work: joseph.nathan@news.co.uk,joseph.nathan@news.co.uk,,CDO Europe 2017,Tom Gordon,Lead
Adam,Butt,Chief Data Officer,Emerald Group Publishing Limited,Media,Work: abutt@emeraldinsight.com,abutt@emeraldinsight.com,,CDO Europe 2017,Tom Gordon,Lead
STEPHANE,PERE,Chief Data Officer,The Economist,Media,Work: stephanepere@economist.com,stephanepere@economist.com,,,Tom Gordon,Lead
David,Fletcher,Chief Data Officer,MEC,Media,Work: David.Fletcher@mecglobal.com,David.Fletcher@mecglobal.com,,Industry Event,Tom Gordon,
Michael,Ridley,Chief Data Officer,Exterion Media,Media,Work: Michael.Ridley@exterionmedia.co.uk,Michael.Ridley@exterionmedia.co.uk,,Industry Event,Tom Gordon,
Tom,Betts,Chief Data Officer,Financial Times,Media,,,,,Alpesh Doshi,
Jonathan,Lyon,Global Director of Strategic Insights,DigitasLBi,Media,jonathan.lyon@gmail.com: jonathan.lyon@gmail.com,jonathan.lyon@gmail.com,,,Tom Gordon,
Julian,Elliott,Chief Data Officer,DENTSU AEGIS NETWORK LTD.,Media,"julian.elliott@dentsuaegis.com: julian.elliott@dentsuaegis.com
julian.elliott@dentsuaegis.com: julian.elliott@dentsuaegis.com","julian.elliott@dentsuaegis.com, julian.elliott@dentsuaegis.com",+44 7770 733310: +44 7770 733310,,Tom Gordon,
Nathan,Barling,Global Chief Data & Technology Officer,iProspect (Dentsu Aegis Network),Media,nathan.barling@iprospect.com: nathan.barling@iprospect.com,nathan.barling@iprospect.com,,,Tom Gordon,
Giles,Pavey,Chief Data Scientist,dunnhumby,Media,giles.pavey@dunnhumby.com: giles.pavey@dunnhumby.com,giles.pavey@dunnhumby.com,2088329442: 2088329442,,Tom Gordon,
Elisabeth,Ling,SVP Analytics,Elsevier,Media,,,,Unspecified,Tom Gordon,
anna,ahtiainen,Chief Data Officer,Essence Digital,Marketing Agency,Work: anna.ahtiainen@essencedigital.com,anna.ahtiainen@essencedigital.com,,,Alpesh Doshi,Lead
Josef,Habdank,Senior Data Scientist,Adform Aps,Marketing Agency,jahabdank@gmail.com: jahabdank@gmail.com,jahabdank@gmail.com,,,Tom Gordon,
Harpreet,Badhan,Chief Data Officer,Neopost,Manufacturing,Work: harpreet.badhan@neopost.co.uk,harpreet.badhan@neopost.co.uk,,CDO Europe 2017,Tom Gordon,Lead
Hugues,Le Bars,Chief Data Officer (CDO),Neopost,Manufacturing,h.lebars@neopost.com: h.lebars@neopost.com,h.lebars@neopost.com,,Unspecified,Tom Gordon,
Eloy,Sasot,Chief Data Officer,Sodexo,Manufacturing,"None: esasot@newscorp.com
Work: esasot@yahoo.com","esasot@newscorp.com, esasot@yahoo.com",,,Tom Gordon,Lead
Hicham,OUALI ALAMI,Chief Data Officer,Nour Partners,Legal Services,Work: Hichamonline@gmail.com,Hichamonline@gmail.com,,CDO Europe 2017,Tom Gordon,Lead
Geraldine,Gallagher,Chief Data Officer,DWF,Legal Services,Work: Geraldine.Galalgher@DWF.Law,Geraldine.Galalgher@DWF.Law,,CDO Europe 2017,Tom Gordon,Lead
Daniel,Thull,Chief Data Officer,Johnson & Johnson,Healthcare & Pharma,Work: dthull@its.jnj.com,dthull@its.jnj.com,"Work: +415823153063
Work: +41797680025",CDO Europe 2017,Tom Gordon,Lead
Simon,Roach,Chief Data Officer,GlaxoSmithKline,Healthcare & Pharma,Work: simon.m.roach@gsk.com,simon.m.roach@gsk.com,,CDO Europe 2017,Tom Gordon,Lead
David,Diamond,Chief Data Officer,Getinge Group,Healthcare & Pharma,Work: david.diamond@getinge.com,david.diamond@getinge.com,,CDO Europe 2017,Tom Gordon,Lead
Mark,Ramsey,Chief Data Officer (CDO),GlaxoSmithKline,Healthcare & Pharma,,,+1 817 304 9562: +1 817 304 9562,Unspecified,Tom Gordon,
Lesley,Roe,Chief Data Officer,The Institution of Engineering & Technology,Government,Work: lroe@theiet.org,lroe@theiet.org,,CDO Europe 2017,Tom Gordon,Lead
Darran,Tucker,Chief Data Officer,Office for National Statistics,Government,Work: darran.tucker@ons.gsi.gov.uk,darran.tucker@ons.gsi.gov.uk,,CDO Europe 2017,Tom Gordon,Lead
Jusdeep,Parshad,Chief Data Officer,Office for National Statistics,Government,Work: jusdeep.parshad@ons.gov.uk,jusdeep.parshad@ons.gov.uk,,CDO Europe 2017,Tom Gordon,Lead
David,Johnson,Chief Data Officer,Office for National Statistics,Government,Work: david.johnson@ons.gov.uk,david.johnson@ons.gov.uk,,CDO Europe 2017,Tom Gordon,Lead
Stephan,Den Hengst,Chief Data Officer,Nederlandse Politie,Government,Work: stephan.den.hengst@politie.nl,stephan.den.hengst@politie.nl,,CDO Europe 2017,Tom Gordon,Lead
Lucy,Knight,Chief Data Officer,Devon County Council,Government,Work: lucy.knight@devon.gov.uk,lucy.knight@devon.gov.uk,,CDO Europe 2017,Tom Gordon,Lead
Ian,Goodwin,Chief Data Officer,British Council,Government,Work: ian.goodwin@britishcouncil.org,ian.goodwin@britishcouncil.org,,CDO Europe 2017,Tom Gordon,Lead
Amelia,Nunes,Chief Data Officer,Burberry,FMCG,Work: Amelia.Nunes@burberry.com,Amelia.Nunes@burberry.com,,CDO Europe 2017,Tom Gordon,Lead
Nav,Nair,Chief Data Officer,Burberry,FMCG,Work: nav.nair@burberry.com,nav.nair@burberry.com,,CDO Europe 2017,Tom Gordon,Lead
Francesca,De Finis,Marketing Director EEMEA - The McDonald's Division at The Coca-Cola Company,The Coca-Cola Company,FMCG,Work: https://it.linkedin.com/in/francesca-de-finis-a742031,https://it.linkedin.com/in/francesca-de-finis-a742031,,,Tom Gordon,
Ian,Holland,Chief Data Officer,Shawbrook Bank,Financial Services,Work: Ian.Holland@shawbrook.co.uk,Ian.Holland@shawbrook.co.uk,Work: +44 1277 757 239,,Alpesh Doshi,
Oliver,Hansard,VP Data Services,Liberty Global,Financial Services,Work: ohansard@libertyglobal.com,ohansard@libertyglobal.com,"Work: +44 (0)20 8483 6458
Mobile: +44 (0) 7703 168082",Industry Event,Alpesh Doshi,
Hany,Choueiri,Chief Data Officer,State Street Global Advisors Limited,Financial Services,"h_choueiri@hotmail.com: h_choueiri@hotmail.com
None: HChoueiri@StateStreet.com","h_choueiri@hotmail.com, HChoueiri@StateStreet.com",,,Tom Gordon,
Raul,Cruces,Chief Data Officer,Santander,Financial Services,,,,CDO Europe 2017,Tom Gordon,
Ursuline,Foley,Interim Chief Data Officer,XL Catlin,Financial Services,Work: ursuline.foley@xlcatlin.com,ursuline.foley@xlcatlin.com,,Unspecified,Tom Gordon,
Vlasios,Vasileiou,Chief Data Officer,Zopa,Financial Services,Work: vlasios.vasileiou@zopa.com,vlasios.vasileiou@zopa.com,,CDO Europe 2017,Tom Gordon,Lead
PJ,Bezuidenhout,Chief Data Officer,WesBank,Financial Services,Work: pbezuidenhout@wesbank.co.za,pbezuidenhout@wesbank.co.za,,CDO Europe 2017,Tom Gordon,Lead
Matthew,Cossor,Chief Data Officer,TP ICAP,Financial Services,Work: Matthew.Cossor@icap.com,Matthew.Cossor@icap.com,,CDO Europe 2017,Tom Gordon,Lead
Adrian,Vella,Chief Data Officer,Tipico Co Ltd,Financial Services,Work: lucia.meloni@tipico.com,lucia.meloni@tipico.com,,CDO Europe 2017,Tom Gordon,Lead
Phil,Yeoman,Chief Data Officer,The Pensions Regulator,Financial Services,Work: phil.yeoman@thepensionsregulator.gov.uk,phil.yeoman@thepensionsregulator.gov.uk,,CDO Europe 2017,Tom Gordon,Lead
Abid,SAMALI,Chief Data Officer,SIMG Conseil / Natixis Factor,Financial Services,Work: ABID.SAMALI@GMAIL.COM,ABID.SAMALI@GMAIL.COM,,CDO Europe 2017,Tom Gordon,Lead
Mark,Hunter,Chief Data Officer,Sainsbury's Bank,Financial Services,Work: mark.hunter@sainsburysbank.co.uk,mark.hunter@sainsburysbank.co.uk,,CDO Europe 2017,Tom Gordon,Lead
Gillian,Tomlinson,Chief Data Officer,RSA,Financial Services,Work: gillian.tomlinson@rsa.com,gillian.tomlinson@rsa.com,,CDO Europe 2017,Tom Gordon,Lead
Piers,Stobbs,Chief Data Officer,Moneysupermarket Group,Financial Services,Work: piers.stobbs@moneysupermarket.com,piers.stobbs@moneysupermarket.com,,CDO Europe 2017,Tom Gordon,Lead
Robert,Lee,Chief Data Officer,Lloyds Banking Group,Financial Services,Work: Rob.lee@lloydsbanking.com,Rob.lee@lloydsbanking.com,,CDO Europe 2017,Tom Gordon,Lead
Timor,Ahmad,Chief Data Officer,Lloyd's of London,Financial Services,Work: timor.ahmad@lloyds.com,timor.ahmad@lloyds.com,,CDO Europe 2017,Tom Gordon,Lead
Simon,Young,Chief Data Officer,Link Financial,Financial Services,Work: syoung@linkfinancial.co.uk,syoung@linkfinancial.co.uk,,CDO Europe 2017,Tom Gordon,Lead
Bert,van de Haar,Chief Data Officer,ING,Financial Services,Work: bert.van.de.haar@ing.nl,bert.van.de.haar@ing.nl,"Work: +31205639661
Mobile: + 31 6 21250688",CDO Europe 2017,Tom Gordon,Lead
Ross,McLachlan,Chief Data Officer,Hargreaves Lansdown,Financial Services,Work: ross.mclachlan@hl.co.uk,ross.mclachlan@hl.co.uk,,CDO Europe 2017,Tom Gordon,Lead
Oleksandr,Dyklevych,Chief Data Officer,Ferratum Group,Financial Services,Work: oleksandr.dyklevych@ferratum.com,oleksandr.dyklevych@ferratum.com,,CDO Europe 2017,Tom Gordon,Lead
Martin,Lynch,Chief Data Officer,CNA Hardy,Financial Services,Work: martin.lynch@cnahardy.com,martin.lynch@cnahardy.com,,CDO Europe 2017,Tom Gordon,Lead
Nic,Orton,CDO,BNP Paribas Personal Finance,Financial Services,,,,CDO Europe 2017,Tom Gordon,
Barry,Green,Chief Data Officer,Bank of Ireland,Financial Services,"Work: barry.green@bankofireland.com
Work: Barry.Green@BOI.com","barry.green@bankofireland.com, Barry.Green@BOI.com",,CDO Europe 2017,Tom Gordon,Lead
Nirali,patel,Chief Data Officer,AXA PPP Healthcare,Financial Services,Work: nirali.patel@axa-ppp.co.uk,nirali.patel@axa-ppp.co.uk,,CDO Europe 2017,Tom Gordon,Lead
Alessandro,Bulfone,Chief Data Officer,Mediobanca,Financial Services,Work: alessandro.bulfone@mediobanca.com,alessandro.bulfone@mediobanca.com,,,Tom Gordon,Lead
Katelyn,Hynes,CDO,Deutsche Bank AG,Financial Services,Work: katelyn.hynes@db.com,katelyn.hynes@db.com,Work: 02075455725,Marketing Campaign,Tom Gordon,Marketing Qualified Lead
Sean,Cornwell,Chief Data Officer,Travelex,Financial Services,,,,,Alpesh Doshi,
David,Watkins,Chief Data Officer,RSA,Financial Services,davidjwatkins@gmail.com: davidjwatkins@gmail.com,davidjwatkins@gmail.com,,,Tom Gordon,
Helen,Crooks,Chief Data Officer,Lloyd's of London,Financial Services,Work: helen.crooks@lloyds.com,helen.crooks@lloyds.com,,Unspecified,Tom Gordon,Lead
Brian,Bissett,Chief Data Officer,XL Catlin,Financial Services,None: Brian.Bissett@catlin.com,Brian.Bissett@catlin.com,,,Tom Gordon,
Sharon,Keogh,"Head of Data Strategy & Control, Chief Data Office",AIB Plc,Financial Services,sharon.e.keogh@aib.ie: sharon.e.keogh@aib.ie,sharon.e.keogh@aib.ie,,,Tom Gordon,
David,Lang,Chief Data Officer,Lloyd's of London,Financial Services,davidmlang@btinternet.com: davidmlang@btinternet.com,davidmlang@btinternet.com,,,Tom Gordon,
Darren,Siddle,Data Lead - AMG - Big Data and Group Data Management Programme,HSBC Bank PLC,Financial Services,darrensiddle@hotmail.com: darrensiddle@hotmail.com,darrensiddle@hotmail.com,,,Tom Gordon,
David,Hayes,Chief Data Officer,Santander,Financial Services,david.hayes@santander.com: david.hayes@santander.com,david.hayes@santander.com,,,Tom Gordon,
Nigel,Matthews,Group Data Management Programme Director,HSBC Bank PLC,Financial Services,nimatthe@me.com: nimatthe@me.com,nimatthe@me.com,,,Tom Gordon,
Syed,Moonis,"Director, Group Analytics",EnterCard,Financial Services,moonis62@gmail.com: moonis62@gmail.com,moonis62@gmail.com,,,Tom Gordon,
JP,Rangaswami,Chief Data Officer,Deutsche Bank AG,Financial Services,jobsworth@me.com: jobsworth@me.com,jobsworth@me.com,,,Tom Gordon,
Lorraine,Waters,HSBC Deputy Chief Data Officer and Global Head of Data Governance,HSBC Bank PLC,Financial Services,lorraine.waters@hsbcib.com: lorraine.waters@hsbcib.com,lorraine.waters@hsbcib.com,,,Tom Gordon,
Martin,Mitchell,Chief Data Architect,M&G,Financial Services,martinmitch@gmail.com: martinmitch@gmail.com,martinmitch@gmail.com,,,Tom Gordon,
Christine,De Tourniel,Chief Data Officer - CIB ITO,BNP Paribas,Financial Services,christinedetourniel@me.com: christinedetourniel@me.com,christinedetourniel@me.com,,,Tom Gordon,
Seamus,Murphy,Chief Data Officer,AIB Plc,Financial Services,,,,Unspecified,Tom Gordon,
Eleanor,Brown,"Senior Analytics Manager, Group Finance",Prudential Plc,Financial Services,Work: eleanor.brown@prudential.co.uk,eleanor.brown@prudential.co.uk,"Work: +44 207 004 4791
Mobile: +44 7500 857388",Industry Event,Alpesh Doshi,
gabrielle,barnard,Chief Data Officer,SGN Ltd,Energy & Utilities,Work: gabrielle.barnard@sgn.co.uk,gabrielle.barnard@sgn.co.uk,,CDO Europe 2017,Tom Gordon,Lead
Lynne,Innes,Chief Data Officer,Npower,Energy & Utilities,Work: Lynne.innes@rwe.com,Lynne.innes@rwe.com,,CDO Europe 2017,Tom Gordon,Lead
Alessandro,Allodi,Chief Data Officer,Shell,Energy & Utilities,Work: a.allodi@shell.com,a.allodi@shell.com,,Hosted Event,Alpesh Doshi,Lead
Hugo,Porcher,Chief Data Officer,University College London,Education,Work: hugo.porcher.16@ucl.ac.uk,hugo.porcher.16@ucl.ac.uk,,CDO Europe 2017,Tom Gordon,Lead
Alastair,Moore,Chief Data Officer,University College London,Education,Work: a.p.moore@ucl.ac.uk,a.p.moore@ucl.ac.uk,,CDO Europe 2017,Tom Gordon,Lead
Peter,Enright,Senior Data and Marketing Services Manager,Cambridge University Press,Education,peter.enright@rocketmail.com: peter.enright@rocketmail.com,peter.enright@rocketmail.com,,,Tom Gordon,
Patrice,Gordon,Chief Data Officer,Royal Mail,Consumer Services,Work: patrice.gordon@royalmail.com,patrice.gordon@royalmail.com,,,Alpesh Doshi,Lead
Shaymoly,Mukherjee,Chief Data Officer,Catalyst Housing Group,Consumer Services,Work: shaymoly.mukherjee@chg.org.uk,shaymoly.mukherjee@chg.org.uk,,CDO Europe 2017,Tom Gordon,Lead
Graeme,Mcdermott,Chief Data Officer,Addison Lee,Consumer Services,Work: graeme.mcdermott@addisonlee.com,graeme.mcdermott@addisonlee.com,,,Tom Gordon,Lead
Mike,O'Donohue,Chief Data Officer,Camelot,Consumer Services,None: Michaelodonohue@hotmail.com,Michaelodonohue@hotmail.com,,,SalesSeek Support,
Somita,Yogi,Chief Data Officer,Royal Mail,Consumer Services,Personal: somita123@yahoo.co.in,somita123@yahoo.co.in,Mobile: +44 7833 469686,Industry Event,Alpesh Doshi,Lead
Marc-Olivier,Pittner,CDO,local.ch,Consumer Services,tvpittner@gmail.com: tvpittner@gmail.com,tvpittner@gmail.com,,,Tom Gordon,
Patricia,Poku,Chief Data Officer,World Vision International,Charity & Not For Profit,Work: patpoku@gmail.com,patpoku@gmail.com,,CDO Europe 2017,Tom Gordon,Lead
Jon,Moxham,Chief Data Officer,British Red Cross,Charity & Not For Profit,"Work: jmoxham@redcross.org.uk
Work: JMoxham@redcross.org.uk","jmoxham@redcross.org.uk, JMoxham@redcross.org.uk",,CDO Europe 2017,Tom Gordon,Lead
Matthew,Keylock,Chief Data Officer,YOOX NET-A-PORTER GROUP,,Work: matthew.keylock@net-a-porter.com,matthew.keylock@net-a-porter.com,,,Alpesh Doshi,Lead
Tony,Gosling,Chief Data Officer,Ministry of Defence,,Work: tony.gosling101@mod.gov.uk,tony.gosling101@mod.gov.uk,,,Alpesh Doshi,Lead
Raul,Cruces,Chief Data Officer,Banco Santander,,Work: rcruces@gruposantander.com,rcruces@gruposantander.com,,,Alpesh Doshi,Lead
Philipp,Raether,Chief Data Officer,Allianz,,Work: philipp.raether@allianz.com,philipp.raether@allianz.com,,,Alpesh Doshi,Lead
Silvina,Arce Gil,Chief Data Officer,Santander Bank Spain,,Work: silvinaarce@gruposantander.es,silvinaarce@gruposantander.es,,CDO Europe 2017,Tom Gordon,Lead
Maria Eva,Montoro Candela,Chief Data Officer,Santander Bank,,Work: mmontoro@gruposantander.com,mmontoro@gruposantander.com,,CDO Europe 2017,Tom Gordon,Lead
Dan,Johnson,Chief Data Officer,HSBC,,"Personal: dan.johnson@handfulofpebbles.com
Work: dan.johnson@hsbc.com","dan.johnson@handfulofpebbles.com, dan.johnson@hsbc.com","Mobile: 07986 533 668
Work:  +44 20 7992 0498        ",CDO Europe 2017,Alpesh Doshi,Lead
Paul,Cullender,Chief Data Officer,HSBC,,Work: paul.cullender@hsbc.com,paul.cullender@hsbc.com,,CDO Europe 2017,Alpesh Doshi,Lead
Mayur,Halai,Chief Data Officer,Deutsche Bank,,Work: mayur.halai@db.com,mayur.halai@db.com,,CDO Europe 2017,Tom Gordon,Lead
Julio,Valero Gomez,Chief Data Officer,Banco Santander,,Work: jvalergo@gruposantander.com,jvalergo@gruposantander.com,,CDO Europe 2017,Tom Gordon,Lead
Andrew,Wells,Chief Data Officer,Aviva,,Work: andrew.m.wells@aviva.com,andrew.m.wells@aviva.com,,CDO Europe 2017,Tom Gordon,Lead
Alice,Marini,Chief Data Officer,,,Work: alice.marini@johnlewis.co.uk,alice.marini@johnlewis.co.uk,,CDO Europe 2017,Tom Gordon,Lead
Matthew,Ford,Chief Data Officer,UK Statistics Authority,,Work: matthew.ford@statistics.gov.uk,matthew.ford@statistics.gov.uk,,CDO Europe 2017,Tom Gordon,Lead
Julia,Westland,Chief Data Officer,Spencer Stuart,,Work: jwestland@spencerstuart.com,jwestland@spencerstuart.com,,CDO Europe 2017,Tom Gordon,Lead
Rob,French,Chief Data Officer,Shell International,,Work: rob.french@shell.com,rob.french@shell.com,,CDO Europe 2017,Tom Gordon,Lead
Wade,Munsie,Chief Data Officer,Royal Mail Group,,Work: wade.munsie@royalmail.com,wade.munsie@royalmail.com,,CDO Europe 2017,Tom Gordon,Lead
Sylvia,Appiah,Chief Data Officer,Reckitt Benckiser,,Work: Sylvia.Appiah@rb.com,Sylvia.Appiah@rb.com,,CDO Europe 2017,Tom Gordon,Lead
Zachary,Scott,Chief Data Officer,Oliver Wyman,,Work: Zachary.Scott@oliverwyman.com,Zachary.Scott@oliverwyman.com,,CDO Europe 2017,Tom Gordon,Lead
Gary,Goldberg,Chief Data Officer,Mizuho International,,Work: gary.goldberg@uk.mizuho-sc.com,gary.goldberg@uk.mizuho-sc.com,"Work: +442070906686
Work: +447901751580",CDO Europe 2017,Tom Gordon,Lead
Brijesh,Balakrishnan,Chief Data Officer,MESH The Experience Agency,,Work: brijeshbalakrishnan@meshexperience.com,brijeshbalakrishnan@meshexperience.com,,CDO Europe 2017,Tom Gordon,Lead
Monica,Cardoso Salgado,Chief Data Officer,John Lewis Partnership,,Work: monica.cardoso.salgado@johnlewis.co.uk,monica.cardoso.salgado@johnlewis.co.uk,,CDO Europe 2017,Tom Gordon,Lead
Steve,Wright,Chief Data Officer,John Lewis Partnership,,"Work: steve_wright@johnlewis.com
Work: steve.x.wright@johnlewis.co.uk","steve_wright@johnlewis.com, steve.x.wright@johnlewis.co.uk",,CDO Europe 2017,Tom Gordon,Lead
Ben,Cooper,Chief Data Officer,Information Builders,,Work: ben_cooper@ibi.com,ben_cooper@ibi.com,,CDO Europe 2017,Tom Gordon,Lead
Liz,Verchase-Manger,Chief Data Officer,Informatica,,Work: lmanger@informatica.com,lmanger@informatica.com,,CDO Europe 2017,Tom Gordon,Lead
Mark,Barry,Chief Data Officer,HMRC,,Work: mark.barry@hmrc.gsi.gov.uk,mark.barry@hmrc.gsi.gov.uk,,CDO Europe 2017,Tom Gordon,Lead
Eilish,Slater,Chief Data Officer,HMRC,,Work: eilish.slater@hmrc.gsi.gov.uk,eilish.slater@hmrc.gsi.gov.uk,,CDO Europe 2017,Tom Gordon,Lead
Joao,Torres Barreiro,Chief Data Officer,HCL,,Work: joao.barreiro@hcl.com,joao.barreiro@hcl.com,,CDO Europe 2017,Tom Gordon,Lead
Rodney,Whale,Chief Data Officer,GSK,,Work: rodney.j.whale@gsk.com,rodney.j.whale@gsk.com,,CDO Europe 2017,Tom Gordon,Lead
DIDIER,RICHAUDEAU,Chief Data Officer,EQUANCY,,Work: drichaudeau@equancy.com,drichaudeau@equancy.com,,CDO Europe 2017,Tom Gordon,Lead
Jim,Swainston,Chief Data Officer,Emerald Group Publishing Ltd,,Work: jswainston@emeraldinsight.com,jswainston@emeraldinsight.com,,CDO Europe 2017,Tom Gordon,Lead
Rajesh,Choorithody,Chief Data Officer,Emerald Group Publishing Ltd,,Work: raj.thody@gmail.com,raj.thody@gmail.com,,CDO Europe 2017,Tom Gordon,Lead
Anna,Zeiter,Chief Data Officer,eBay International AG,,Work: azeiter@ebay.com,azeiter@ebay.com,,CDO Europe 2017,Tom Gordon,Lead
Graham,Thomas,Chief Data Officer,Deutsche Telekom UK Ltd,,Work: graham.thomas@telekom.com,graham.thomas@telekom.com,,CDO Europe 2017,Tom Gordon,Lead
Ross,McEwan,Chief Data Officer,CYBG plc,,Work: rfmcewan75@hotmail.com,rfmcewan75@hotmail.com,,CDO Europe 2017,Tom Gordon,Lead
Richard,Ellison,Chief Data Officer,CYBG (Clydesdale Bank),,"Work: richar.ellison@cbonline.co.uk
Work: richard.ellison@cybg.com","richar.ellison@cbonline.co.uk, richard.ellison@cybg.com",,CDO Europe 2017,Tom Gordon,Lead
Damian,Spendel,Chief Data Officer,Credit Suisse,,Work: damian.spendel@credit-suisse.com,damian.spendel@credit-suisse.com,,CDO Europe 2017,Tom Gordon,Lead
Stephen,Magora,Chief Data Officer,Credit Suisse,,Work: stephen.magora@credit-suisse.com,stephen.magora@credit-suisse.com,,CDO Europe 2017,Tom Gordon,Lead
Elias,Baltassis,Chief Data Officer,Boston Consulting Group,,Work: baltassis.elias@bcg.com,baltassis.elias@bcg.com,,CDO Europe 2017,Tom Gordon,Lead
Jo,Coutuer,Chief Data Officer,BNP Paribas Fortis,,Work: jo.coutuer@bnpparibasfortis.com,jo.coutuer@bnpparibasfortis.com,,CDO Europe 2017,Tom Gordon,Lead
Luc,Machiels,Chief Data Officer,BNP Paribas Fortis,,Work: luc.machiels@bnpparibasfortis.com,luc.machiels@bnpparibasfortis.com,,CDO Europe 2017,Tom Gordon,Lead
Anne-Marie,Glineur,Chief Data Officer,Belfius,,Work: anne-marie.glineur@belfius.be,anne-marie.glineur@belfius.be,,CDO Europe 2017,Tom Gordon,Lead
Elena,Alfaro,Chief Data Officer,BBVA Data & Analytics,,"elena.alfaro@bbva.com: elena.alfaro@bbva.com
Work: elena.alfaro@bbvadata.com","elena.alfaro@bbva.com, elena.alfaro@bbvadata.com",,CDO Europe 2017,Tom Gordon,Lead
Cherry,Chan,Chief Data Officer,Barnett Waddingham.co.uk,,Work: cherry.chan@barnett-waddingham.co.uk,cherry.chan@barnett-waddingham.co.uk,,CDO Europe 2017,Tom Gordon,Lead
Grant,Lewis,Chief Data Officer,Barclaycard,,Work: grant.lewis@barclaycard.co.uk,grant.lewis@barclaycard.co.uk,,CDO Europe 2017,Tom Gordon,Lead
Alwyn,Thomas,Chief Data Officer,Bank of Ireland UK,,Work: alwyn.thomas@boi.com,alwyn.thomas@boi.com,,CDO Europe 2017,Tom Gordon,Lead
muriel,dutheil-petiot,Chief Data Officer,AWP,,Work: muriel.dutheil-petiot@allianz.com,muriel.dutheil-petiot@allianz.com,,CDO Europe 2017,Tom Gordon,Lead
Andy,Ruckley,Chief Data Officer,ASOS,,Work: andy.ruckley@asos.com,andy.ruckley@asos.com,,CDO Europe 2017,Tom Gordon,Lead
Michael,Servaes,Chief Data Officer,Army,,Work: michaelservaes@aol.com,michaelservaes@aol.com,,CDO Europe 2017,Tom Gordon,Lead
Amit,Khanna,Chief Data Officer,Antuit,,Work: amit.khanna@antuit.com,amit.khanna@antuit.com,,CDO Europe 2017,Tom Gordon,Lead
Nick,Maynard,Chief Data Officer,10x,,"Work: nickmaynard40@yahoo.co.uk
Work: gordon.griffin@voyanta.com","nickmaynard40@yahoo.co.uk, gordon.griffin@voyanta.com",,CDO Europe 2017,Tom Gordon,Lead
Norman,Stuertz,Chief Data Officer,Credit Suisse,,Work: norman.stuertz@credit-suisse.com,norman.stuertz@credit-suisse.com,,,Tom Gordon,Lead
Caroline,Carruthers,Chief Data Officer,,,,,None: +447720512051,,Tom Gordon,
