FIRST NAME,LAST NAME,JOB ROLE,ORGANIZATION,ORGANIZATION INDUSTRY,EMAIL,EMAIL (PLAIN),PHONE,OWNER,CONTACT TYPE
Geoff,Galbraith,COO,Man Group,Financial Services,Work: geoff.Galbraith@man.com,geoff.Galbraith@man.com,"Work: 02071442371
None: 07843067552",Tom Gordon,
Samantha,Baggott,Head of Operations,SwapX,Financial Services,Work: samanthabaggott@yahoo.com,samanthabaggott@yahoo.com,,Tom Gordon,
Marcel,Bronmans,Chief Operations Officer,SWIFT,Financial Services,,,,Tom Gordon,
Steve,Allen,Managing Director - Head of Operations,Barclays Bank PLC,Financial Services,Work: steve.allen@barclays.com,steve.allen@barclays.com,,Tom Gordon,
Jack,Gavigan,Chief Operating Officer,Zcash,Financial Services,Work: jackgavigan@z.cash,jackgavigan@z.cash,,Tom Gordon,
Heike,Eckert,"Member of the Executive Board, Chief Operating Officer",Eurex Clearing AG,Financial Services,Work: HeikeEckert@outlook.com,HeikeEckert@outlook.com,,Tom Gordon,
Tariq,Akbar,"Group HeadGM - Head Global Operations Group,",HABIB BANK LIMITED HEAD OFFICE,Financial Services,Work: tariq.akbar@hbl.com,tariq.akbar@hbl.com,,Tom Gordon,
Saher,Arar,CEO Nawat & Acting Group Head of Operations,National Bank of Abu Dhabi,Financial Services,,,,Tom Gordon,
Richard,Anton,SVP & Chief Operations Officer,CIBC,Financial Services,,,,Tom Gordon,
Muna,Basheir,EXECUTIVE MANAGER OPERATION,ALJAZEERA SUDANESE JORDANIAN BANK,Financial Services,Work: MUNA.SALIH@ALJAZEERABANK.COM.SD,MUNA.SALIH@ALJAZEERABANK.COM.SD,249969140140: 249912315303,Tom Gordon,
Khalaf,Dhaheri,GROUP CHIEF OPERATING OFFICER,National Bank of Abu Dhabi,Financial Services,,,,Tom Gordon,
Julian,Ashall,Head of Operations,ARAB BANKING CORPORATION BSC,Financial Services,Work: Julian.Ashall@bank-abc.com,Julian.Ashall@bank-abc.com,,Tom Gordon,
Graziella,Bays,Head of Operations,Lombard Odier Asset Management (Switzerland) SA,Financial Services,Work: graziella.bays@lombardodier.com,graziella.bays@lombardodier.com,41227099713: 41799675537,Tom Gordon,
Boubié,Bado,Chief Operating Officer,Banque Internationale du Burkina,Financial Services,,,,Tom Gordon,
Andreas,Baer,"Head of Operations, Correspondent-Banking & Sales",Raiffeisen Schweiz Genossenschaft,Financial Services,,,,Tom Gordon,
Ahmed,Alrefaei,Chief Operating Officer,ARAB BANK INVESTMENT/TRADE,Financial Services,,,,Tom Gordon,
Abdullah,Alhous,Group Chief Operating Officer,Kuwait Finance House,Financial Services,,,,Tom Gordon,
Tony,Brooks,Global Head Of Correspondent Banking & Global Chief Operating,HSBC Bank PLC,Financial Services,Work: tonybrooks@hsbc.com,tonybrooks@hsbc.com,+442079922276: +447920540141,Tom Gordon,
Rahul,Kirpalani,Chief Operating Officer,BleuGuava,Financial Services,Work: rk@bleuguava.com,rk@bleuguava.com,,Tom Gordon,
Levi,Russell,Chief Operating Officer,United Net,Financial Services,Work: levi@unitednet.uk,levi@unitednet.uk,Work: +44 (0) 797 741 4746,Tom Gordon,
Tim,Miller,"Chief Operating Officer, HSBC Digital Solutions",HSBC Bank PLC,Financial Services,,,,Alpesh Doshi,
Byron,Koller,COO,Souqalmal.com,Financial Services,byron@souqalmal.com: byron@souqalmal.com,byron@souqalmal.com,"work: +971 5537 10108
m: 	 +971 4448 3016",Tom Gordon,
David,Lang,Chief Operating Officer,ArgoGlobal,Financial Services,david.lang@lloyds.com: david.lang@lloyds.com,david.lang@lloyds.com,2073275012: 2073275012,Tom Gordon,
Didier,Hermans,Global Head of Operations Products and Business Development,Deutsche Bank AG,Financial Services,ddhermans@gmail.com: ddhermans@gmail.com,ddhermans@gmail.com,,Tom Gordon,
Susan,Ngula,Head of Operations,CfC Stanbic Bank,Financial Services,susan.ngula@stanbic.com: susan.ngula@stanbic.com,susan.ngula@stanbic.com,,Tom Gordon,
Mei,Chan,Senior Operational Risk Analyst,Prudential Plc,Financial Services,mlamberemma333@gmail.com: mlamberemma333@gmail.com,mlamberemma333@gmail.com,,Tom Gordon,
Ian,Goodall,Chief Operating Officer,IMX Software,Financial Services,ian_goodall@yahoo.co.uk: ian_goodall@yahoo.co.uk,ian_goodall@yahoo.co.uk,,Tom Gordon,
Antonio,Rami,Chief Operating Officer (COO),Kantox,Financial Services,antonio.rami@kantox.com: antonio.rami@kantox.com,antonio.rami@kantox.com,,Tom Gordon,
Andrew,Aitken,Chief Operating Officer,Cross Ocean Partners,Financial Services,AA@crossoceanpartners.com: AA@crossoceanpartners.com,AA@crossoceanpartners.com,2076536205: 2076536205,Tom Gordon,
Ricky,Crafford MSCTE,Chief Operating Officer,MYJAR,Financial Services,ricky.crafford@gmail.com: ricky.crafford@gmail.com,ricky.crafford@gmail.com,,Tom Gordon,
Steve,Fice,Head of Operations,Bravura,Financial Services,"personal: steve.fice@btinternet.com
Work: sfice@bravurasolutions.com","steve.fice@btinternet.com, sfice@bravurasolutions.com",,Tom Gordon,
Chris,Cowlard,Chief Operating Officer & Executive Director,Earthport,Financial Services,chris.cowlard@earthport.com: chris.cowlard@earthport.com,chris.cowlard@earthport.com,,Tom Gordon,
Simon,Gaffney,Chief Operating Officer,Willis Limited,Financial Services,,,,Tom Gordon,
Russ,Fitzgerald,"Head of Governance, Risk and Control, Group Operations",Nationwide Building Society,Financial Services,russ.fitzgerald@btinternet.com: russ.fitzgerald@btinternet.com,russ.fitzgerald@btinternet.com,,Tom Gordon,
Roberto,Nard,SVP - Chief Operating Officer - Country Operations,Chartis Europe LTD,Healthcare & Pharma,roberto.nard@aig.com: roberto.nard@aig.com,roberto.nard@aig.com,,Tom Gordon,
Hagen,Wiesner,COO,Faurecia,Manufacturing,Work: hagen.wiesner@faurecia.com,hagen.wiesner@faurecia.com,"Work: +33 (0)1 72 36 73 86
None: +33 (0)6 75 46 61 51",Alpesh Doshi,Lead
Mark,Oakes,Chief Operating Officer,Select Property Group,Manufacturing,markjoakes@hotmail.co.uk: markjoakes@hotmail.co.uk,markjoakes@hotmail.co.uk,,Tom Gordon,
Tom,Fogarty,President & Chief Operating Officer,RDC,Manufacturing,t.fogarty@btinternet.com: t.fogarty@btinternet.com,t.fogarty@btinternet.com,,Tom Gordon,
Rod,Landers,Chief Operating Officer,RF Digital Corporation,Manufacturing,,,,Tom Gordon,
William,Morgan,COO,Magic Media Works Limited,Media,william.morgan@gmail.com: william.morgan@gmail.com,william.morgan@gmail.com,,Tom Gordon,
Alex,Kuhnel,"Chief Operating Officer, TGI",Kantar Media,Media,,,,Tom Gordon,
Andy,Hornby,Chief Operating Officer,Ladbrokes Coral Plc,Retail,Work: andy.hornby@coral.co.uk,andy.hornby@coral.co.uk,Work: 07990561954,Tom Gordon,
Mike,Keating,Head of Ops,mahabis,Retail,linkedin@mikekeating.co.uk: linkedin@mikekeating.co.uk,linkedin@mikekeating.co.uk,,Tom Gordon,
Jesse,Torres,Chief Operating Officer,Boldface,Retail,jesse.torres.2009@anderson.ucla.edu: jesse.torres.2009@anderson.ucla.edu,jesse.torres.2009@anderson.ucla.edu,,Tom Gordon,
Max,Hird,COO,Structured Software,Solution Provider,None: max.hird@structured.software,max.hird@structured.software,,Tom Gordon,
John,de Vos,Manager Operations,Connect To Voip BV,Solution Provider,Work: johndevos@connecttovoip.nl,johndevos@connecttovoip.nl,,Tom Gordon,
Vic,Arulchandran,COO,Nivaura,Solution Provider,Work: vic@nivaura.com,vic@nivaura.com,: 447931536851,Tom Gordon,
Neil,Woodcock,Chief Operating Officer,Tarmin,Solution Provider,neil.woodcock@tarmin.com: neil.woodcock@tarmin.com,neil.woodcock@tarmin.com,,Tom Gordon,
Ross,Mcintosh,Chief Operating Officer,VisionWare,Solution Provider,ross.mcintosh@visionware.com: ross.mcintosh@visionware.com,ross.mcintosh@visionware.com,7950254100: 7950254100,Tom Gordon,
Lucy,Wang,Head of Operations,Livepeer,Technology,None: lucywang1189@gmail.com,lucywang1189@gmail.com,,Tom Gordon,
Shayantee,Aiyer,AVP Ops,TransUnion CIBIL,Technology,None: sudas@transunion.com,sudas@transunion.com,,Tom Gordon,
Luca,Tramer,COO,Omnia Card Systems,Technology,None: luca.tramer@email.it,luca.tramer@email.it,,Tom Gordon,
David,Groves,"Head of Operations, EMEA",Adobe,Technology,dgrovester@gmail.com: dgrovester@gmail.com,dgrovester@gmail.com,,Tom Gordon,
Rocco,Quaglietti,VP Open Edge Sales,Progress Software,Technology,rocco_quaglietti@yahoo.com: rocco_quaglietti@yahoo.com,rocco_quaglietti@yahoo.com,,Tom Gordon,
Maximilian,Bleyleben,COO,SuperAwesome,Technology,mbleyleben@futurefinance-ltd.com: mbleyleben@futurefinance-ltd.com,mbleyleben@futurefinance-ltd.com,,Tom Gordon,
Mudar,Al-Ani,Head of Operations,BT Al-Saudia,Telecommunications,mudar.alani@gmail.com: mudar.alani@gmail.com,mudar.alani@gmail.com,,Tom Gordon,
Maheedhar N,V,CoO,Personal,,None: maheedhar.nv@gmail.com,maheedhar.nv@gmail.com,,Alpesh Doshi,
,Evgeny,coo,OpenGift,,None: evgeny.m@opengift.io,evgeny.m@opengift.io,,Alpesh Doshi,
Dan,Fiehn  FBCS CITP,"Group Chief Operating Officer, Keynote Speaker, Leading Digital Transformation in Insurance",Markerstudy Insurance,,Work: Dfiehn@Markerstudy.com,Dfiehn@Markerstudy.com,"Work: +44 7860 432102
             (Mobile)",Alpesh Doshi,
Marc,Strigel,COO,,,,,,Alpesh Doshi,Investor
iers,Cooper,COO,,,,,,Alpesh Doshi,Investor
Darren,Patterson,COO,,,,,,Alpesh Doshi,Investor
Alex,Khein,COO,,,,,,Alpesh Doshi,Investor
Rohit,Nanda,COO,Asset Match,,Work: rohit.nanda@assetmatch.com,rohit.nanda@assetmatch.com,"Work: 020 7634 9453
None: 07957 694 975",Alpesh Doshi,
Ajay,Pathak,Chief Operating Officer,Insurance Ireland,,Work: ajay.pathak@insuranceireland.eu,ajay.pathak@insuranceireland.eu,"Work: +35316447793
None: +353 8793-32467",Alpesh Doshi,Lead
Julian,Levy,COO,Company in Stealth Mode,,julian@ayarma.com: julian@ayarma.com,julian@ayarma.com,,Tom Gordon,
