FIRST NAME,LAST NAME,JOB ROLE,ORGANIZATION,EMAIL,EMAIL (PLAIN),PHONE,LAST ACTIVITY
Adrian,Sheppard,Executive Consultant,Lateral 22,Work: adrian@lateral22.com,adrian@lateral22.com,Mobile: +44 7733112706,Alpesh Doshi completed task - Discuss use cases and a way forward
Alan,Walsh,"Finance Manager, IT Business Transformation Programme",Shell,,,,Nostradamus registered on the website
Alex,Batlin,Senior Innovation Manager at UBS's FinTech Innovation Lab,UBS Limited,Work: alex.batlin@ubs.com,alex.batlin@ubs.com,,Taya Vernon sent isCDO Dec 2017 - Final Reminder (Others) to Rick Avis
Alex,Butler,"Chair, Digital Transformation Strategy Group",RIBA,,,,Alex Butler was imported
Alex,Waterston,Executive Transformation Consultant,Waterstons,a.m.waterston@gmail.com: a.m.waterston@gmail.com,a.m.waterston@gmail.com,,Alex Waterston opened January 2017 Newsletter Campaign
Annette,Moody,Group IT Governance & Innovation Director,Serco,annettemoody@hotmail.com: annettemoody@hotmail.com,annettemoody@hotmail.com,,Taya Vernon sent isCDO Dec 2017 - Final Reminder (Others) to Annette Moody
Antonio,Alvarez,"Head of Data innovation at Isban UK, Santander group",ISBAN,aalvarez.internet@gmail.com: aalvarez.internet@gmail.com,aalvarez.internet@gmail.com,,Antonio Alvarez opened isCDO Dec 2017 - Final Reminder (Others) Campaign
Aref,Al-Ramli,"VP, Head Of Electronic Banking & Innovation",Mashreq,arefr@mashreq.com: arefr@mashreq.com,arefr@mashreq.com,"Work: +971 4608 3708
Mobile: +971-50-107 0011",Eva Divetain moved Mashreq - Fintricity Intelligence from Lost to ARCHIVE 2: Prospect
Arnaud,Zeitoun,"Global Head, Transformation",BNP Paribas,Work: arnaud.zeitoun@uk.bnpparibas.com,arnaud.zeitoun@uk.bnpparibas.com,,Christine De Tourniel opened isCDO Dec 2017 - Final Reminder Campaign
Bansi,Shah,Business Transformation & Change Director,aSource Global Limited,bansishah99@hotmail.com: bansishah99@hotmail.com,bansishah99@hotmail.com,,Taya Vernon sent March 2017 Newsletter to Bansi Shah
Bianca,Koenig,Senior Manager Innovation Marketing,Deutsche Telekom AG,Work: bianca.koenig@telekom.de,bianca.koenig@telekom.de,,Alpesh Doshi deleted Deal: Deutsche Telekom AG - Intelligence Offering
Bill,Limond,"Global Interim CIO, Business Digital Transformation & Recovery Program Director; Digital Dr, Advisor",Platina Solutions Global Ltd,Work: BLimond@Limond.com,BLimond@Limond.com,Work: +44.7785.343.342 ,Taya Vernon sent March 2017 Newsletter to Bill Limond
Bipin,Sahni,WSG - Head of Innovation and R&D,Wells Fargo,"bipins@wellsfargo.com: bipins@wellsfargo.com
Work: bipins@wellsfargo.com","bipins@wellsfargo.com, bipins@wellsfargo.com","4153714100: 4153714100
0119330: 4088887500",Rob Fasanello opened Webinar Invite #3 - Behaving Digitally Campaign
Brian,Jensen,"Managing Partner, Innovation | Co-director of the Customer Lab","OgilvyOne Worldwide, Ltd",brian.jensen@gmail.com: brian.jensen@gmail.com,brian.jensen@gmail.com,,Taya Vernon sent Webinar Invite #3 - Behaving Digitally to Brian Jensen
Carlos M.,Mendez,"Social Media, Content & Conversation - BBVA Innovation Center",BBVA,carlos.mendez.perez@gmail.com: carlos.mendez.perez@gmail.com,carlos.mendez.perez@gmail.com,,Taya Vernon sent Behaving Digitally Invite #3 to Carlos M. Mendez
Carsten,Stoecker,Innovation Programme Management - Innovation@RWE,"RWE AG, RWE Consulting, RWE IT GmbH",Work: carsten.stoecker@cstoecker.com,carsten.stoecker@cstoecker.com,,Hassan Waqar sent January Blockchain Meetup - Invite #1 to Carsten Stoecker
Chris,Ballinger,CFO and Head of Innovation,Toyota Financial Services,Work: chris.ballinger@tri.global,chris.ballinger@tri.global,Mobile: +1 (310) 291 7171,Alpesh Doshi completed task - Follow up with possible options to work together
Clive,White,Transformation Director,RSA,clivewhite@mac.com: clivewhite@mac.com,clivewhite@mac.com,,Taya Vernon sent isCDO Dec 2017 - Final Reminder to David Watkins
Colin,Hayhurst,Innovations Partnership Fellow,University of Sussex,colinhayhurst@gmail.com: colinhayhurst@gmail.com,colinhayhurst@gmail.com,,Colin Hayhurst opened Behaving Digitally Invite #2 Campaign
Colin,Platt,Global Markets Innovation - Blockchain Lead,BNP Paribas,work: colin.platt@uk.bnpparibas.com,colin.platt@uk.bnpparibas.com,,Christine De Tourniel opened isCDO Dec 2017 - Final Reminder Campaign
Danny,Wootton,Innovation and IP Director,CGI,danny.wootton@cgi.com: danny.wootton@cgi.com,danny.wootton@cgi.com,,March 2017 Newsletter Campaign hard bounced from Danny Wootton
Dan,West,Senior Digital Strategist & Innovations Manager,FCB Inferno,dandelwest1@aol.com: dandelwest1@aol.com,dandelwest1@aol.com,,Dan West opened Behaving Digitally Invite #2 Campaign
Darren,Armitage,Head of Technology Innovation EMEA,SABMiller plc,"darrenarmitage@me.com: darrenarmitage@me.com
Work: Darren.armitage@ab-INBEV.com","darrenarmitage@me.com, Darren.armitage@ab-INBEV.com",,"Hi Darren,
Hope you are well.

Just thought I would check in to see if anything had moved forward on the Blockchain driven project?

Are you available for a phone catch up soon?

Alpesh
Alpesh Doshi, Managing Partner, CEO
o: +44 870 020 1656
m: +44 7973 822820
1 Fore Street, London. EC2Y 5EJ
www.fintricity.com<https://urldefense.proofpoint.com/v2/url?u=http-3A__www.fintricity.com&d=CwMFaQ&c=IV_clAzoPDE253xZdHuilRgztyh_RiV3wUrLrDQYWSI&r=nf5R5Ss0ZSt72XeDj8FpTFXvpRQsujq2Bz1W0wnSdDE&m=UP9SBHmuA9b2CcbeARapily3Qcb9GxBF_UWjCjT5CZk&s=RT81z6kAC2C0t6WhfBdZvGhX-up8hGlpR5ad68Xtn1g&e=> | LinkedIn<https://urldefense.proofpoint.com/v2/url?u=https-3A__www.linkedin.com_company_fintricity&d=CwMFaQ&c=IV_clAzoPDE253xZdHuilRgztyh_RiV3wUrLrDQYWSI&r=nf5R5Ss0ZSt72XeDj8FpTFXvpRQsujq2Bz1W0wnSdDE&m=UP9SBHmuA9b2CcbeARapily3Qcb9GxBF_UWjCjT5CZk&s=wJLN8WCh5pR5u6n04sNetNadsg4NwVGNvm51uPqf4og&e=> | Twitter<https://urldefense.proofpoint.com/v2/url?u=https-3A__twitter.com_fintricity&d=CwMFaQ&c=IV_clAzoPDE253xZdHuilRgztyh_RiV3wUrLrDQYWSI&r=nf5R5Ss0ZSt72XeDj8FpTFXvpRQsujq2Bz1W0wnSdDE&m=UP9SBHmuA9b2CcbeARapily3Qcb9GxBF_UWjCjT5CZk&s=DuCfitNNpslizkyhX6ZTWkk59KztajVuGpL5vCS_h4A&e=> | Facebook<https://urldefense.proofpoint.com/v2/url?u=https-3A__www.facebook.com_Fintricity-2D115278291836826_&d=CwMFaQ&c=IV_clAzoPDE253xZdHuilRgztyh_RiV3wUrLrDQYWSI&r=nf5R5Ss0ZSt72XeDj8FpTFXvpRQsujq2Bz1W0wnSdDE&m=UP9SBHmuA9b2CcbeARapily3Qcb9GxBF_UWjCjT5CZk&s=_BFloadWoDqP-2FHqYSlQWwdQgKhuiddAiX4VPcjQ4w&e=>
Innovative Thinking - Agile Delivery
 [https://docs.google.com/a/fintricity.com/uc?id=0B8mJ3wqB2Z33clM3SDFyZW83WUE&export=download] <https://urldefense.proofpoint.com/v2/url?u=http-3A__www.fintricity.com&d=CwMFaQ&c=IV_clAzoPDE253xZdHuilRgztyh_RiV3wUrLrDQYWSI&r=nf5R5Ss0ZSt72XeDj8FpTFXvpRQsujq2Bz1W0wnSdDE&m=UP9SBHmuA9b2CcbeARapily3Qcb9GxBF_UWjCjT5CZk&s=RT81z6kAC2C0t6WhfBdZvGhX-up8hGlpR5ad68Xtn1g&e=>

"
Darren,Goucher,Innovation Analyst,HSBC Bank PLC,darrengoucher@gmail.com: darrengoucher@gmail.com,darrengoucher@gmail.com,,"Hi K (hope it's ok to call you that!),

Hope you've recovered from the conference on Saturday! It was good to participate with you on the panel - lots of fun!

I thought I would follow up on a few things:


  *   Procurement - I've reached out to the budget holder and stakeholders around procurement. At present we're going to try and go through a company that a friend of mine owns - Asymilate Limited. His company has an existing MSA with HSBC. Would you be able to check to see if it's active? I've asked Chris Orson and David Cooper as well.

  *   R3/Corda. As discussed we're seeing an opportunity around the provision of running corda-as-a-service enterprise edition for clients like HSBC. Together with enabling integration into the bank and the process by which this could happen. As discussed, for Voltron and Marco Polo this will require a lot of work to complete. Would it be possible to discuss how we could do this for HSBC with the relevant team?

  *   Innovation and Deliver support. Are there any areas that we could provide support around data/analytics (like the project we're starting) or Blockchain innovation?

Perhaps we could catch up some time on the above?

Kind Regards

Alpesh
Alpesh Doshi
o: +44 870 020 1656
m: +44 7973 822820
1 Fore Street, London. EC2Y 5EJ
www.fintricity.com<https://urldefense.proofpoint.com/v2/url?u=http-3A__www.fintricity.com&d=CwMFaQ&c=IV_clAzoPDE253xZdHuilRgztyh_RiV3wUrLrDQYWSI&r=nf5R5Ss0ZSt72XeDj8FpTFXvpRQsujq2Bz1W0wnSdDE&m=UP9SBHmuA9b2CcbeARapily3Qcb9GxBF_UWjCjT5CZk&s=RT81z6kAC2C0t6WhfBdZvGhX-up8hGlpR5ad68Xtn1g&e=> | LinkedIn<https://urldefense.proofpoint.com/v2/url?u=https-3A__www.linkedin.com_company_fintricity&d=CwMFaQ&c=IV_clAzoPDE253xZdHuilRgztyh_RiV3wUrLrDQYWSI&r=nf5R5Ss0ZSt72XeDj8FpTFXvpRQsujq2Bz1W0wnSdDE&m=UP9SBHmuA9b2CcbeARapily3Qcb9GxBF_UWjCjT5CZk&s=wJLN8WCh5pR5u6n04sNetNadsg4NwVGNvm51uPqf4og&e=> | Twitter<https://urldefense.proofpoint.com/v2/url?u=https-3A__twitter.com_fintricity&d=CwMFaQ&c=IV_clAzoPDE253xZdHuilRgztyh_RiV3wUrLrDQYWSI&r=nf5R5Ss0ZSt72XeDj8FpTFXvpRQsujq2Bz1W0wnSdDE&m=UP9SBHmuA9b2CcbeARapily3Qcb9GxBF_UWjCjT5CZk&s=DuCfitNNpslizkyhX6ZTWkk59KztajVuGpL5vCS_h4A&e=> | Facebook<https://urldefense.proofpoint.com/v2/url?u=https-3A__www.facebook.com_Fintricity-2D115278291836826_&d=CwMFaQ&c=IV_clAzoPDE253xZdHuilRgztyh_RiV3wUrLrDQYWSI&r=nf5R5Ss0ZSt72XeDj8FpTFXvpRQsujq2Bz1W0wnSdDE&m=UP9SBHmuA9b2CcbeARapily3Qcb9GxBF_UWjCjT5CZk&s=_BFloadWoDqP-2FHqYSlQWwdQgKhuiddAiX4VPcjQ4w&e=>
Innovative Thinking - Agile Delivery
[A close up of a logo  Description automatically generated]

"
Dave,Fleming,"Director, Head of Technology & Design, Citi Innovation Lab",Citi,dave.j.fleming@gmail.com: dave.j.fleming@gmail.com,dave.j.fleming@gmail.com,,Dave Fleming opened Webinar Invite #3 - Behaving Digitally Campaign
David,Le,Head of Innovation - LBG Innovation Labs,Lloyds Banking Group,"David.Le@lloydsbanking.com: David.Le@lloydsbanking.com
david-le@mail.com: david-le@mail.com
David.Le@lloydsbanking.com: David.Le@lloydsbanking.com","David.Le@lloydsbanking.com, david-le@mail.com, David.Le@lloydsbanking.com",,"Hi Anthony,


Thank you again for having us on Monday. It was great to go through your
current initiatives and to present Fintricity and our services.


Please find attached our corporate deck.


You mentioned that you are currently exploring opportunities around blockchain
reference data support. It would be great to book a follow up meeting to
deep dive into this topic and to define a solution stack and an agile pilot
project plan.


Please let us know your thoughts and if you require any more information.


Thank you.


Best regards,
-- 

*Kim Than*

*Head of Business Development*
Mobile: +44 7505 494647

Email: kim.than@fintricity.com
1 Fore Street, London. EC2Y 5EJ
www.fintricity.com
<https://urldefense.proofpoint.com/v2/url?u=http-3A__www.fintricity.com&d=CwMFaQ&c=IV_clAzoPDE253xZdHuilRgztyh_RiV3wUrLrDQYWSI&r=nf5R5Ss0ZSt72XeDj8FpTFXvpRQsujq2Bz1W0wnSdDE&m=UP9SBHmuA9b2CcbeARapily3Qcb9GxBF_UWjCjT5CZk&s=RT81z6kAC2C0t6WhfBdZvGhX-up8hGlpR5ad68Xtn1g&e=>
 | LinkedIn
<https://urldefense.proofpoint.com/v2/url?u=https-3A__www.linkedin.com_company_fintricity&d=CwMFaQ&c=IV_clAzoPDE253xZdHuilRgztyh_RiV3wUrLrDQYWSI&r=nf5R5Ss0ZSt72XeDj8FpTFXvpRQsujq2Bz1W0wnSdDE&m=UP9SBHmuA9b2CcbeARapily3Qcb9GxBF_UWjCjT5CZk&s=wJLN8WCh5pR5u6n04sNetNadsg4NwVGNvm51uPqf4og&e=>
 | Twitter
<https://urldefense.proofpoint.com/v2/url?u=https-3A__twitter.com_fintricity&d=CwMFaQ&c=IV_clAzoPDE253xZdHuilRgztyh_RiV3wUrLrDQYWSI&r=nf5R5Ss0ZSt72XeDj8FpTFXvpRQsujq2Bz1W0wnSdDE&m=UP9SBHmuA9b2CcbeARapily3Qcb9GxBF_UWjCjT5CZk&s=DuCfitNNpslizkyhX6ZTWkk59KztajVuGpL5vCS_h4A&e=>
 | Facebook
<https://urldefense.proofpoint.com/v2/url?u=https-3A__www.facebook.com_Fintricity-2D115278291836826_&d=CwMFaQ&c=IV_clAzoPDE253xZdHuilRgztyh_RiV3wUrLrDQYWSI&r=nf5R5Ss0ZSt72XeDj8FpTFXvpRQsujq2Bz1W0wnSdDE&m=UP9SBHmuA9b2CcbeARapily3Qcb9GxBF_UWjCjT5CZk&s=_BFloadWoDqP-2FHqYSlQWwdQgKhuiddAiX4VPcjQ4w&e=>

*Innovative Thinking - Agile Delivery*
"
Davina,Quarterman,Senior Manager - Innovation & Tools,John Wiley and Sons,dquarterman@wiley.com: dquarterman@wiley.com,dquarterman@wiley.com,,Webinar Invite - Behaving Digitally Campaign hard bounced from Davina Quarterman
Dougie,Henderson,Head Emerging Products & Innovation - Africa,Visa,,,,Martin Izenson was imported
Doug,MacKay,"Director, Business Innovation",JFive,doug_mackay@me.com: doug_mackay@me.com,doug_mackay@me.com,,Taya Vernon sent Webinar Invite #3 - Behaving Digitally to Doug MacKay
Elliott,Young,"Director of Transformation Consulting, Europe Middle East & Africa at EMC",EMC,elliott.young@emc.com: elliott.young@emc.com,elliott.young@emc.com,,Visited http://www.fintricity.com/thank-you-for-downloading-our-blockchain-case-study/#wpcf7-f4649-p4657-o1 at 2018-04-13T12:46:50.887000
Elzbieta,Tomkiewicz,Business Development Manager - Digital and Innovation,PwC Polska,ela.tomkiewicz@gmail.com: ela.tomkiewicz@gmail.com,ela.tomkiewicz@gmail.com,,Taya Vernon sent Webinar Invite #3 - Behaving Digitally to Elzbieta Tomkiewicz
Freddie,McMahon,Director of Strategy and Innovation,Anomaly42 Limited,work: fmcmahon8@gmail.com,fmcmahon8@gmail.com,,Taya Vernon sent Behaving Digitally Invite #3 to Freddie McMahon
Gabriel,Ossi,Open Innovation,UniCredit,gabriel.ossi@unicredit.eu: gabriel.ossi@unicredit.eu,gabriel.ossi@unicredit.eu,,Taya Vernon sent Webinar Invite #3 - Behaving Digitally to Raphael Barisaac
Gary,Hurlstone,Senior Consultant - Operations and Transformation,Atkins Global,Work: gary.hurlstone@atkinsglobal.com,gary.hurlstone@atkinsglobal.com,,Taya Vernon sent June Newsletter to Adam Street
Guru,Rao,Senior Principal and Head of Technology Consulting - Digital Transformation Practice,Infosys,lrgprasad@yahoo.com: lrgprasad@yahoo.com,lrgprasad@yahoo.com,,Amol Masurkar opened Feb 2017 Newsletter Campaign
Helmut,Sussbauer,Head of Innovation Management,Deutsche Telekom AG,h.sussbauer@telekom.de: h.sussbauer@telekom.de,h.sussbauer@telekom.de,,Alpesh Doshi deleted Deal: Deutsche Telekom AG - Intelligence Offering
Hugo,Pinto,Innovation Officer | IBM Interactive Experience CoC,IBM,hugo@hugomcpinto.com: hugo@hugomcpinto.com,hugo@hugomcpinto.com,,Fabiana Fournier registered on the website
Irene C L,Ng,"Director, International Institute of Product & Service Innovation (IIPSI)","WMG, University of Warwick",irene.cl.ng@gmail.com: irene.cl.ng@gmail.com,irene.cl.ng@gmail.com,,Irene C L Ng opened Webinar Invite #3 - Behaving Digitally Campaign
Jaco,Fok,Manager Technology & Innovation Excellence,Shell,,,,Nostradamus registered on the website
James M A,Williams,"Director of Experience Engineering, North America, UX, Mobility, Innovation",Ness SES,james@imano.com: james@imano.com,james@imano.com,,Feb 2017 Newsletter Campaign hard bounced from James M A Williams
Jem,Lloyd-Williams,Executive Director of Product and Innovation,Vizeum UK,jem.lloyd-williams@vizeum.com: jem.lloyd-williams@vizeum.com,jem.lloyd-williams@vizeum.com,,Taya Vernon sent Behaving Digitally Invite #3 to Jem Lloyd-Williams
Jennifer,Hiley,Principal - Digital Transformation,Infosys,jenniferhiley@hotmail.com: jenniferhiley@hotmail.com,jenniferhiley@hotmail.com,,Amol Masurkar opened Feb 2017 Newsletter Campaign
Joe,Morrison,Head of Business Improvement & Innovation,Plan UK,jmorrison79@hotmail.com: jmorrison79@hotmail.com,jmorrison79@hotmail.com,,Joe Morrison opened Behaving Digitally Invite #3 Campaign
John,Hanna,Head of Digital Innovation,Majid Al Futtaim,john.hanna@maf.ae: john.hanna@maf.ae,john.hanna@maf.ae,"Mobile: +971-50-106 8847
Work: +971 4209 3253",Behaving Digitally Invite #3 Campaign hard bounced from John Hanna
John,Hereward Shaw,Head of R&D and Innovation,Direct Line Group,,,,Alpesh Doshi completed task - Follow up with some further ideas around innovation.
Josep,Amoros,Head of Innovation and Monetization,Banco Sabadell,josep.amoros@gmail.com: josep.amoros@gmail.com,josep.amoros@gmail.com,,Josep Amoros opened Webinar - Be Digital or Die Invite (Oct) Campaign
Josep,Celaya,Director Corporativo de Innovación (Chief Innovation Officer),Mapfre,,,,Josep Celaya was imported
Julian,March,"SVP, Editorial & Innovation",NBC News,julian.march@gmail.com: julian.march@gmail.com,julian.march@gmail.com,,Taya Vernon sent Webinar Invite #3 - Behaving Digitally to Julian March
Julian,Wilson,Head of Mobile Innovation,Barclays Bank PLC,julian.wilson@barclays.com: julian.wilson@barclays.com,julian.wilson@barclays.com,,Taya Vernon sent isCDO Dec 2017 - Final Reminder (Others) to Roana Mouton
Justin,Conry,"Head of Transformation,Board Member",Three,Work: justin.conry@three.ie,justin.conry@three.ie,Work: +353833033000,"Alpesh Doshi completed task - Flo Task; 26.8.16 nc; 30.8.16:vm/nc; 8.9.16 nc; 12.9.16: nc; 27.9.16 nc 12.10.16 vm; 14,10,16 vm 19.10.16 vm; 21.1.16 reached in the car, he was just gathering info, not in for it right nowm maybe next year, shall send some info - done"
Kari,Jordan,"Head of Innovation, Downstream",Shell,Work: kari.jordan@shell.com,kari.jordan@shell.com,,Nostradamus registered on the website
Kaushalya,Somasundaram,"Director, Innovation and Investments",HSBC Bank PLC,kaushalya.somasundaram@hsbc.com: kaushalya.somasundaram@hsbc.com,kaushalya.somasundaram@hsbc.com,,"Hi K (hope it's ok to call you that!),

Hope you've recovered from the conference on Saturday! It was good to participate with you on the panel - lots of fun!

I thought I would follow up on a few things:


  *   Procurement - I've reached out to the budget holder and stakeholders around procurement. At present we're going to try and go through a company that a friend of mine owns - Asymilate Limited. His company has an existing MSA with HSBC. Would you be able to check to see if it's active? I've asked Chris Orson and David Cooper as well.

  *   R3/Corda. As discussed we're seeing an opportunity around the provision of running corda-as-a-service enterprise edition for clients like HSBC. Together with enabling integration into the bank and the process by which this could happen. As discussed, for Voltron and Marco Polo this will require a lot of work to complete. Would it be possible to discuss how we could do this for HSBC with the relevant team?

  *   Innovation and Deliver support. Are there any areas that we could provide support around data/analytics (like the project we're starting) or Blockchain innovation?

Perhaps we could catch up some time on the above?

Kind Regards

Alpesh
Alpesh Doshi
o: +44 870 020 1656
m: +44 7973 822820
1 Fore Street, London. EC2Y 5EJ
www.fintricity.com<https://urldefense.proofpoint.com/v2/url?u=http-3A__www.fintricity.com&d=CwMFaQ&c=IV_clAzoPDE253xZdHuilRgztyh_RiV3wUrLrDQYWSI&r=nf5R5Ss0ZSt72XeDj8FpTFXvpRQsujq2Bz1W0wnSdDE&m=UP9SBHmuA9b2CcbeARapily3Qcb9GxBF_UWjCjT5CZk&s=RT81z6kAC2C0t6WhfBdZvGhX-up8hGlpR5ad68Xtn1g&e=> | LinkedIn<https://urldefense.proofpoint.com/v2/url?u=https-3A__www.linkedin.com_company_fintricity&d=CwMFaQ&c=IV_clAzoPDE253xZdHuilRgztyh_RiV3wUrLrDQYWSI&r=nf5R5Ss0ZSt72XeDj8FpTFXvpRQsujq2Bz1W0wnSdDE&m=UP9SBHmuA9b2CcbeARapily3Qcb9GxBF_UWjCjT5CZk&s=wJLN8WCh5pR5u6n04sNetNadsg4NwVGNvm51uPqf4og&e=> | Twitter<https://urldefense.proofpoint.com/v2/url?u=https-3A__twitter.com_fintricity&d=CwMFaQ&c=IV_clAzoPDE253xZdHuilRgztyh_RiV3wUrLrDQYWSI&r=nf5R5Ss0ZSt72XeDj8FpTFXvpRQsujq2Bz1W0wnSdDE&m=UP9SBHmuA9b2CcbeARapily3Qcb9GxBF_UWjCjT5CZk&s=DuCfitNNpslizkyhX6ZTWkk59KztajVuGpL5vCS_h4A&e=> | Facebook<https://urldefense.proofpoint.com/v2/url?u=https-3A__www.facebook.com_Fintricity-2D115278291836826_&d=CwMFaQ&c=IV_clAzoPDE253xZdHuilRgztyh_RiV3wUrLrDQYWSI&r=nf5R5Ss0ZSt72XeDj8FpTFXvpRQsujq2Bz1W0wnSdDE&m=UP9SBHmuA9b2CcbeARapily3Qcb9GxBF_UWjCjT5CZk&s=_BFloadWoDqP-2FHqYSlQWwdQgKhuiddAiX4VPcjQ4w&e=>
Innovative Thinking - Agile Delivery
[A close up of a logo  Description automatically generated]

"
Klas,Eckervald,"Enterprise Architect, Applied Intelligence & Innovation",Teradata International,klas.eckervald@teradata.com: klas.eckervald@teradata.com,klas.eckervald@teradata.com,,Taya Vernon sent isCDO Dec 2017 - Final Reminder (Others) to Klas Eckervald
Laura,Bond,Senior Innovation Partnerships Manager,Alliance Boots GmbH,Laura.Bond@boots.co.uk: Laura.Bond@boots.co.uk,Laura.Bond@boots.co.uk,,"Alpesh Doshi completed task - Set Meeting for Alpesh with Zog; 5,10,16 vm; 6.10.16 vm; 10.10.16 talked with Zog, they are in a phase of changing strategy right now and it only makes sense to set this meeting towards the end of the year"
Leda,Glyptis,"Director, EMEA Innovation",BNY Mellon,,,,Armen Kasmadjian opened Webinar Invite #3 - Behaving Digitally Campaign
Leo,Ryan,Global Head of Innovation and Partnerships; Social@Ogilvy,Ogilvy & Mather Advertising,None: leo.ryan@ogilvy.com,leo.ryan@ogilvy.com,,Taya Vernon sent Webinar Invite #3 - Behaving Digitally to Leo Ryan
Malcolm,Salisbury,Manager External Research & Innovation,Shell,,,,Nostradamus registered on the website
Manish,Awasthi,Head of Strategic Arch and Innovation,SWIFT,Work: Manish.AWASTHI@swift.com,Manish.AWASTHI@swift.com,,Taya Vernon sent Webinar Invite #3 - Behaving Digitally to Erica Ahman
Manoj,Mamachan,Business Innovation Manager,Robert Bosch GmbH,Work: Manoj.Mamachan@in.bosch.com,Manoj.Mamachan@in.bosch.com,Work:  +44 7918488052,Alpesh Doshi completed task - Blockchain Proposition for Bosch on Cocoa/Coffee Supply Chain
Marco,Ottolini,Head of Fashion & Retail Innovation,DS Group,marco@ottolini.com: marco@ottolini.com,marco@ottolini.com,,Marco Ottolini opened Webinar Invite #3 - Behaving Digitally Campaign
Mark,O'Neill,Head of Innovation and Delivery,Government Digital Service,fallingbadgers@gmail.com: fallingbadgers@gmail.com,fallingbadgers@gmail.com,,Taya Vernon sent Webinar Invite #3 - Behaving Digitally to Mark O'Neill
Matt,Gierhart,Innovation Officer,IBM,mattgierhart@gmail.com: mattgierhart@gmail.com,mattgierhart@gmail.com,,Fabiana Fournier registered on the website
Max,Kalis,Innovation Culture & Events Manager,Lloyds Banking Group,maxwhkalis@gmail.com: maxwhkalis@gmail.com,maxwhkalis@gmail.com,,"Hi Anthony,


Thank you again for having us on Monday. It was great to go through your
current initiatives and to present Fintricity and our services.


Please find attached our corporate deck.


You mentioned that you are currently exploring opportunities around blockchain
reference data support. It would be great to book a follow up meeting to
deep dive into this topic and to define a solution stack and an agile pilot
project plan.


Please let us know your thoughts and if you require any more information.


Thank you.


Best regards,
-- 

*Kim Than*

*Head of Business Development*
Mobile: +44 7505 494647

Email: kim.than@fintricity.com
1 Fore Street, London. EC2Y 5EJ
www.fintricity.com
<https://urldefense.proofpoint.com/v2/url?u=http-3A__www.fintricity.com&d=CwMFaQ&c=IV_clAzoPDE253xZdHuilRgztyh_RiV3wUrLrDQYWSI&r=nf5R5Ss0ZSt72XeDj8FpTFXvpRQsujq2Bz1W0wnSdDE&m=UP9SBHmuA9b2CcbeARapily3Qcb9GxBF_UWjCjT5CZk&s=RT81z6kAC2C0t6WhfBdZvGhX-up8hGlpR5ad68Xtn1g&e=>
 | LinkedIn
<https://urldefense.proofpoint.com/v2/url?u=https-3A__www.linkedin.com_company_fintricity&d=CwMFaQ&c=IV_clAzoPDE253xZdHuilRgztyh_RiV3wUrLrDQYWSI&r=nf5R5Ss0ZSt72XeDj8FpTFXvpRQsujq2Bz1W0wnSdDE&m=UP9SBHmuA9b2CcbeARapily3Qcb9GxBF_UWjCjT5CZk&s=wJLN8WCh5pR5u6n04sNetNadsg4NwVGNvm51uPqf4og&e=>
 | Twitter
<https://urldefense.proofpoint.com/v2/url?u=https-3A__twitter.com_fintricity&d=CwMFaQ&c=IV_clAzoPDE253xZdHuilRgztyh_RiV3wUrLrDQYWSI&r=nf5R5Ss0ZSt72XeDj8FpTFXvpRQsujq2Bz1W0wnSdDE&m=UP9SBHmuA9b2CcbeARapily3Qcb9GxBF_UWjCjT5CZk&s=DuCfitNNpslizkyhX6ZTWkk59KztajVuGpL5vCS_h4A&e=>
 | Facebook
<https://urldefense.proofpoint.com/v2/url?u=https-3A__www.facebook.com_Fintricity-2D115278291836826_&d=CwMFaQ&c=IV_clAzoPDE253xZdHuilRgztyh_RiV3wUrLrDQYWSI&r=nf5R5Ss0ZSt72XeDj8FpTFXvpRQsujq2Bz1W0wnSdDE&m=UP9SBHmuA9b2CcbeARapily3Qcb9GxBF_UWjCjT5CZk&s=_BFloadWoDqP-2FHqYSlQWwdQgKhuiddAiX4VPcjQ4w&e=>

*Innovative Thinking - Agile Delivery*
"
Meera,Mistry,"Associate, Wealth Transformation Programme",HSBC Bank PLC,Work: meera.mistry@hsbc.com,meera.mistry@hsbc.com,Work: +447920419260,"Hi K (hope it's ok to call you that!),

Hope you've recovered from the conference on Saturday! It was good to participate with you on the panel - lots of fun!

I thought I would follow up on a few things:


  *   Procurement - I've reached out to the budget holder and stakeholders around procurement. At present we're going to try and go through a company that a friend of mine owns - Asymilate Limited. His company has an existing MSA with HSBC. Would you be able to check to see if it's active? I've asked Chris Orson and David Cooper as well.

  *   R3/Corda. As discussed we're seeing an opportunity around the provision of running corda-as-a-service enterprise edition for clients like HSBC. Together with enabling integration into the bank and the process by which this could happen. As discussed, for Voltron and Marco Polo this will require a lot of work to complete. Would it be possible to discuss how we could do this for HSBC with the relevant team?

  *   Innovation and Deliver support. Are there any areas that we could provide support around data/analytics (like the project we're starting) or Blockchain innovation?

Perhaps we could catch up some time on the above?

Kind Regards

Alpesh
Alpesh Doshi
o: +44 870 020 1656
m: +44 7973 822820
1 Fore Street, London. EC2Y 5EJ
www.fintricity.com<https://urldefense.proofpoint.com/v2/url?u=http-3A__www.fintricity.com&d=CwMFaQ&c=IV_clAzoPDE253xZdHuilRgztyh_RiV3wUrLrDQYWSI&r=nf5R5Ss0ZSt72XeDj8FpTFXvpRQsujq2Bz1W0wnSdDE&m=UP9SBHmuA9b2CcbeARapily3Qcb9GxBF_UWjCjT5CZk&s=RT81z6kAC2C0t6WhfBdZvGhX-up8hGlpR5ad68Xtn1g&e=> | LinkedIn<https://urldefense.proofpoint.com/v2/url?u=https-3A__www.linkedin.com_company_fintricity&d=CwMFaQ&c=IV_clAzoPDE253xZdHuilRgztyh_RiV3wUrLrDQYWSI&r=nf5R5Ss0ZSt72XeDj8FpTFXvpRQsujq2Bz1W0wnSdDE&m=UP9SBHmuA9b2CcbeARapily3Qcb9GxBF_UWjCjT5CZk&s=wJLN8WCh5pR5u6n04sNetNadsg4NwVGNvm51uPqf4og&e=> | Twitter<https://urldefense.proofpoint.com/v2/url?u=https-3A__twitter.com_fintricity&d=CwMFaQ&c=IV_clAzoPDE253xZdHuilRgztyh_RiV3wUrLrDQYWSI&r=nf5R5Ss0ZSt72XeDj8FpTFXvpRQsujq2Bz1W0wnSdDE&m=UP9SBHmuA9b2CcbeARapily3Qcb9GxBF_UWjCjT5CZk&s=DuCfitNNpslizkyhX6ZTWkk59KztajVuGpL5vCS_h4A&e=> | Facebook<https://urldefense.proofpoint.com/v2/url?u=https-3A__www.facebook.com_Fintricity-2D115278291836826_&d=CwMFaQ&c=IV_clAzoPDE253xZdHuilRgztyh_RiV3wUrLrDQYWSI&r=nf5R5Ss0ZSt72XeDj8FpTFXvpRQsujq2Bz1W0wnSdDE&m=UP9SBHmuA9b2CcbeARapily3Qcb9GxBF_UWjCjT5CZk&s=_BFloadWoDqP-2FHqYSlQWwdQgKhuiddAiX4VPcjQ4w&e=>
Innovative Thinking - Agile Delivery
[A close up of a logo  Description automatically generated]

"
Michelle,Teufel,Head of Digital Strategy,Arrow Electronics,Personal: teufelm@gmail.com,teufelm@gmail.com,,Taya Vernon sent isCDO Dec 2017 - Final Reminder to Michelle Teufel
Monica,Gargantini,Data Driven Business Innovation Lead,Pirelli,"Personal: moni10e@yahoo.it
Work: Monica.gargantini@pirelli.com","moni10e@yahoo.it, Monica.gargantini@pirelli.com",,Taya Vernon sent Webinar Invite #3 - Behaving Digitally to Monica Gargantini
Naim,Kazmi,"Head of Architecture, Methodology and Innovation",Lloyds Banking Group,,,,"Hi Anthony,


Thank you again for having us on Monday. It was great to go through your
current initiatives and to present Fintricity and our services.


Please find attached our corporate deck.


You mentioned that you are currently exploring opportunities around blockchain
reference data support. It would be great to book a follow up meeting to
deep dive into this topic and to define a solution stack and an agile pilot
project plan.


Please let us know your thoughts and if you require any more information.


Thank you.


Best regards,
-- 

*Kim Than*

*Head of Business Development*
Mobile: +44 7505 494647

Email: kim.than@fintricity.com
1 Fore Street, London. EC2Y 5EJ
www.fintricity.com
<https://urldefense.proofpoint.com/v2/url?u=http-3A__www.fintricity.com&d=CwMFaQ&c=IV_clAzoPDE253xZdHuilRgztyh_RiV3wUrLrDQYWSI&r=nf5R5Ss0ZSt72XeDj8FpTFXvpRQsujq2Bz1W0wnSdDE&m=UP9SBHmuA9b2CcbeARapily3Qcb9GxBF_UWjCjT5CZk&s=RT81z6kAC2C0t6WhfBdZvGhX-up8hGlpR5ad68Xtn1g&e=>
 | LinkedIn
<https://urldefense.proofpoint.com/v2/url?u=https-3A__www.linkedin.com_company_fintricity&d=CwMFaQ&c=IV_clAzoPDE253xZdHuilRgztyh_RiV3wUrLrDQYWSI&r=nf5R5Ss0ZSt72XeDj8FpTFXvpRQsujq2Bz1W0wnSdDE&m=UP9SBHmuA9b2CcbeARapily3Qcb9GxBF_UWjCjT5CZk&s=wJLN8WCh5pR5u6n04sNetNadsg4NwVGNvm51uPqf4og&e=>
 | Twitter
<https://urldefense.proofpoint.com/v2/url?u=https-3A__twitter.com_fintricity&d=CwMFaQ&c=IV_clAzoPDE253xZdHuilRgztyh_RiV3wUrLrDQYWSI&r=nf5R5Ss0ZSt72XeDj8FpTFXvpRQsujq2Bz1W0wnSdDE&m=UP9SBHmuA9b2CcbeARapily3Qcb9GxBF_UWjCjT5CZk&s=DuCfitNNpslizkyhX6ZTWkk59KztajVuGpL5vCS_h4A&e=>
 | Facebook
<https://urldefense.proofpoint.com/v2/url?u=https-3A__www.facebook.com_Fintricity-2D115278291836826_&d=CwMFaQ&c=IV_clAzoPDE253xZdHuilRgztyh_RiV3wUrLrDQYWSI&r=nf5R5Ss0ZSt72XeDj8FpTFXvpRQsujq2Bz1W0wnSdDE&m=UP9SBHmuA9b2CcbeARapily3Qcb9GxBF_UWjCjT5CZk&s=_BFloadWoDqP-2FHqYSlQWwdQgKhuiddAiX4VPcjQ4w&e=>

*Innovative Thinking - Agile Delivery*
"
Niall,O'Gorman,Interim - Global Digital Transformation Lead Coffee,Mondelez International,niall.ogorman@gmail.com: niall.ogorman@gmail.com,niall.ogorman@gmail.com,,Niall O'Gorman opened Webinar - Be Digital or Die Invite (Oct) Campaign
Nick,Doddy,Head of Strategy & Innovation,Deutsche Bank AG,nick.doddy@db.com: nick.doddy@db.com,nick.doddy@db.com,,Taya Vernon sent isCDO Dec 2017 - Final Reminder to Katelyn Hynes
Nick,Grove,Founder / Innovation,NXT 2 PAY,ngrove@twincentric.com: ngrove@twincentric.com,ngrove@twincentric.com,,Webinar Invite - Behaving Digitally Campaign hard bounced from Nick Grove
Nick,Sawyer,Bi Transformation Lead,Sainsbury's,'nick.sawyer@sainsburys.co.uk': 'nick.sawyer@sainsburys.co.uk','nick.sawyer@sainsburys.co.uk',,Taya Vernon sent June Newsletter to Andrew Day
Nicolas,Arbogast,Head of Lending Digital Transformation,BANGKOK BANK PUBLIC COMPANY LIMITED,Work: nicolas.geo@bbl.co.th,nicolas.geo@bbl.co.th,,Nicolas Arbogast opened Behaving Digitally Invite #3 Campaign
Nigel,Russell,Transformation Director,Yin Yang,,,,Nigel Russell was imported
Norbert,Herman,Industry Innovation Leader - Retail & Distribution Sector,IBM,nherman@us.ibm.com: nherman@us.ibm.com,nherman@us.ibm.com,,Fabiana Fournier registered on the website
Pascal,Aerens,Head of Innovation,FircoSoft,Work: pascal.aerens@fircosoft.com,pascal.aerens@fircosoft.com,,Taya Vernon sent Webinar Invite #3 - Behaving Digitally to Pascal Aerens
Paul,Heybourne,"Innovation, Research & Demonstration Lab Manager",Aviva plc,paul.heybourne@aviva.co.uk: paul.heybourne@aviva.co.uk,paul.heybourne@aviva.co.uk,,"Alpesh Doshi completed task - Chase Serge for a meeting; 24.8.16 vm; 17.8.16 vm; 16.8.16 vm 12,8,16 vm; 19.8.16; nc; 26,8,16 vm 31.8.16 vm; 5,6,16: nc; 7,8,16 vm; 8.9.16 vm; 12.9.16 vm; 16,9,16 vm; 20.9.16: vm; 22,9,16 vm; 17.6.16 vm; 12.10.16. vm try 1x than email... 14.10.16 vm; 19.10.16 vm - email sent"
Philippe,Ruault,Chief Innovation and Digital Officer (Head Of IDLab),BNP Paribas Securities Services,Work: philippe.ruault@bnpparibas.com,philippe.ruault@bnpparibas.com,+33158160446: +33670914815,Alpesh Doshi deleted Deal: BNP - Fintricity Intelligence
Rene,Honig,"VP Strategy, Portfolio & Innovation",Shell,,,,Nostradamus registered on the website
Richard,Walsh,Either as transformational Head of IT or Programme Manager,Looking for my next opportunity,mr.rjwalsh@gmail.com: mr.rjwalsh@gmail.com,mr.rjwalsh@gmail.com,,Taya Vernon sent Webinar Invite #3 - Behaving Digitally to Richard Walsh
Robin,Stagg,Innovation Manager,Allianz Group,"robin.stagg@allianz.co.uk: robin.stagg@allianz.co.uk
robin.stagg@allianz.co.uk: robin.stagg@allianz.co.uk","robin.stagg@allianz.co.uk, robin.stagg@allianz.co.uk",,"Hi Markus,
I hope you are well.

Just thought I would check in and see how it was going? Did you open source
any of the code that you were thinking of??

Did you progress any Blockchain projects? What kinds of priorities do
you have at the moment?

Perhaps we could catch up some time?

Alpesh

On Thu, 26 Apr 2018 at 16:40, Rothmueller, Markus (Allianz Technology GmbH)
<Markus.Rothmueller@allianz.at> wrote:

> Hi Al,
>
> we switched our priorities slightly. Currently, we prepare to start a
> large open source project inspired by our software solution. Blockchain has
> to wait.
>
> Best regards,
>
> Markus
>
>
>
>
>
> Allianz Technology GmbH | member of the board | Hietzinger Kai 101-105 |
> A-1130 Vienna, Austria
> phone: +43 (0) 5 9009 80237 | mobile: +43 (0) 676 8782 60237 | e-mail:
> markus.rothmueller@allianz.at | cisco spark:
> markus.rothmueller@vc.allianz.com
>
>
>
> *Von:* Alpesh Doshi [mailto:alpesh.doshi@fintricity.com]
> *Gesendet:* Sonntag, 08. April 2018 11:35
> *An:* Rothmueller, Markus (Allianz Technology GmbH)
> *Betreff:* **SPAM?** Re: Open Source Introduction [wd-vc]
>
>
>
> Hi Markus,
>
> I hope you are well.
>
>
>
> Checking in to see whether there are some next steps we could take to
> support your Blockchain efforts.
>
>
>
> Kind regards
>
> Al
>
> _____________________
>
> Sent from my iPhone
>
> m: +44 7973 822820
>
>
> On 8 Mar 2018, at 09:40, Rothmueller, Markus (Allianz Technology GmbH) <
> Markus.Rothmueller@allianz.at> wrote:
>
> Sorry, the email got stuck. I sent you an invitation a minute ago. Please
> call me on my mobile +43676878260237.
>
> Thanks,
>
> Markus
>
>
>
> Allianz Technology GmbH | member of the board | Hietzinger Kai 101-105 |
> A-1130 Vienna, Austria
> phone: +43 (0) 5 9009 80237 | mobile: +43 (0) 676 8782 60237 | e-mail:
> markus.rothmueller@allianz.at | cisco spark:
> markus.rothmueller@vc.allianz.com
>
>
>
> *Von:* Alpesh Doshi [mailto:alpesh.doshi@fintricity.com
> <alpesh.doshi@fintricity.com>]
> *Gesendet:* Donnerstag, 08. März 2018 09:10
> *An:* Rothmueller, Markus (Allianz Technology GmbH)
> *Betreff:* **SPAM?** Re: Open Source Introduction [wd-vc]
>
>
>
> Hi Markus,
>
> Just checking in with you. Would it be possible to confirm that we're
> speaking today at 11.00 CET (10am UK Time)?
>
>
>
> I don't remember receiving whether you could make it today.
>
>
>
> Kind Regards
>
>
>
> Alpesh
>
>
>
> On 5 March 2018 at 13:06, Crozier, Robert (Allianz Technology) <
> ROBERT.CROZIER@allianz.com> wrote:
>
> Hi Marcus, Alpesh,
>
>
>
> Having announced our intention to open source our software, I spoke with
> Alpesh on the topic.  He would be willing to have an initial chat on his
> knowledge and background in this area.
>
> I hope you both find the conversation useful.
>
>
>
> Kind Regards
>
> Bob
>
>
>
> *Robert Crozier*
>
> Head of Architecture Services
>
> Head of Global Blockchain Centre of Competence
>
>
>
> Allianz Technology | Customer Platforms | Fritz-Schäffer-Str. 9 | 81737
> Munich, Germany
>
> Phone: +49 89 3800 62454 <+49%2089%20380062454> | mobile: +49 151 53392700
> <+49%201515%203392700> | email: robert.crozier@allianz.com
>
> <image001.png> <http://www.allianz.com/technology>
>
>
>
>
>
>
>
>
> Allianz Technology SE: Vorsitzender des Aufsichtsrats / Chairman of the
> Supervisory Board: Dr. Christof Mascher. Vorstand / Board of Management:
> Dr. Barbara Karuth-Zelle, Vorsitzende / CEO; Dr. Daniel Besendorfer, Stefan
> Britz, Steve Coles, Dr. Eckart Pech. Generalbevollmächtigte / General
> Representatives: Umberto Costanzini, Andrea Pettinelli, Dr. Turan Sahin
> (Stand / Release 04.2017). Sitz der Gesellschaft / Registered Office:
> München / Munich. Registergericht / Registration Court: München / Munich
> HRB 173 388. USt-Id-Nr. / VAT ID Number: DE 815 001 893.
>
>
>
> Please note: This email and any files transmitted with it is intended only
> for the named recipients and may contain confidential and/or privileged
> information. If you are not the intended recipient, please do not read,
> copy, use or disclose the contents of this communication to others and
> notify the sender immediately. Then, please delete the email and any copies
> of it. Thank you!
>
>
>
> P Be green, keep it on the screen
>
>
>
>
>
>
>
> --
>
> Alpesh
> ____________________________________________________________________
> Alpesh Doshi | dd: +44 20 3475 2066 | o: +44 870 020 1656 | m: +44 7973
> 822820 |w: http://www.fintricity.com
>


-- 

Alpesh
____________________________________________________________________
Alpesh Doshi | dd: +44 20 3475 2066 | o: +44 870 020 1656 | m: +44 7973
822820 |w: http://www.fintricity.com
"
Rob,Wijhenke,Head of Data Innovation and Analytics,ABN Amro Group,,,,"Alpesh Doshi completed task - 7/716 IQPC Big Data in Financial Services    ---   Please call to arrange meeting/call with Syed Rizvi | Partner; 23,9,m16 vm; 27,9,16: he did not remember, sent co 1-pager and ger back nw.. 12.10.16 busy; 19,10,16, was in meet, chall cb Fri.21.10.16  nc, 26.10.16 vm"
Roland,Klemann,"Senior Director, Service Provider Transformation Group",Cisco Systems,roland@null.net: roland@null.net,roland@null.net,,Andrew Parker opened Webinar Invite #3 - Behaving Digitally Campaign
Sahil,Verma,Business Transformation Director,Regus,sahil_verma@ymail.com: sahil_verma@ymail.com,sahil_verma@ymail.com,,Taya Vernon sent Webinar Invite #3 - Behaving Digitally to Gerry Kelliher
Sam,Forster,Head of Business/Technology Innovation - Global Consulting,Orange Business Services,samrforster@yahoo.co.uk: samrforster@yahoo.co.uk,samrforster@yahoo.co.uk,,Frank Gebruers opened Webinar Invite #3 - Behaving Digitally Campaign
Sam,Keegan,"Senior Scientist, Open Innovation","Kraft Foods Global, Inc.",samuel.keegan@mdlz.com: samuel.keegan@mdlz.com,samuel.keegan@mdlz.com,,Behaving Digitally Invite #1 Campaign hard bounced from Sam Keegan
Serge,Taborin,Global Digital Innovation Director,Aviva plc,"serge.taborin@aviva.com: serge.taborin@aviva.com
serge_taborin@hotmail.com: serge_taborin@hotmail.com","serge.taborin@aviva.com, serge_taborin@hotmail.com",Work: 00447951253183,"Alpesh Doshi completed task - Chase Serge for a meeting; 24.8.16 vm; 17.8.16 vm; 16.8.16 vm 12,8,16 vm; 19.8.16; nc; 26,8,16 vm 31.8.16 vm; 5,6,16: nc; 7,8,16 vm; 8.9.16 vm; 12.9.16 vm; 16,9,16 vm; 20.9.16: vm; 22,9,16 vm; 17.6.16 vm; 12.10.16. vm try 1x than email... 14.10.16 vm; 19.10.16 vm - email sent"
Shane,Williams,"WM Digital Transformation, Crypto 2.0",UBS Limited,"swilli40@hotmail.com: swilli40@hotmail.com
Work: shane.williams@ubs.com","swilli40@hotmail.com, shane.williams@ubs.com",,Taya Vernon sent isCDO Dec 2017 - Final Reminder (Others) to Rick Avis
Siddharth,Singh,Innovation Programme Architect,Pivotal,sid@pivotalinnovations.com: sid@pivotalinnovations.com,sid@pivotalinnovations.com,,Feb 2017 Newsletter Campaign hard bounced from Siddharth Singh
Stefania,Vigna,Innovation Unit - Research & Methodology,Intesa Sanpaolo,stefania.vigna@intesasanpaolo.com: stefania.vigna@intesasanpaolo.com,stefania.vigna@intesasanpaolo.com,+39 (335) 699-8604: +39 (335) 699-8604,Taya Vernon sent Webinar Invite #3 - Behaving Digitally to Stefania Vigna
Steven,O'Connor,Strategic Transformation Project Manager,"American International Group, Inc.",steven.o'connor@aig.com: steven.o'connor@aig.com,steven.o'connor@aig.com,+44 7800 650078: +44 7800 650078,Taya Vernon sent Webinar Invite #3 - Behaving Digitally to Steven O'Connor
Surinder,Kooner,Head of Innovation,Allianz Group,Work: surinder.kooner@allianz.co.uk,surinder.kooner@allianz.co.uk,,"Hi Markus,
I hope you are well.

Just thought I would check in and see how it was going? Did you open source
any of the code that you were thinking of??

Did you progress any Blockchain projects? What kinds of priorities do
you have at the moment?

Perhaps we could catch up some time?

Alpesh

On Thu, 26 Apr 2018 at 16:40, Rothmueller, Markus (Allianz Technology GmbH)
<Markus.Rothmueller@allianz.at> wrote:

> Hi Al,
>
> we switched our priorities slightly. Currently, we prepare to start a
> large open source project inspired by our software solution. Blockchain has
> to wait.
>
> Best regards,
>
> Markus
>
>
>
>
>
> Allianz Technology GmbH | member of the board | Hietzinger Kai 101-105 |
> A-1130 Vienna, Austria
> phone: +43 (0) 5 9009 80237 | mobile: +43 (0) 676 8782 60237 | e-mail:
> markus.rothmueller@allianz.at | cisco spark:
> markus.rothmueller@vc.allianz.com
>
>
>
> *Von:* Alpesh Doshi [mailto:alpesh.doshi@fintricity.com]
> *Gesendet:* Sonntag, 08. April 2018 11:35
> *An:* Rothmueller, Markus (Allianz Technology GmbH)
> *Betreff:* **SPAM?** Re: Open Source Introduction [wd-vc]
>
>
>
> Hi Markus,
>
> I hope you are well.
>
>
>
> Checking in to see whether there are some next steps we could take to
> support your Blockchain efforts.
>
>
>
> Kind regards
>
> Al
>
> _____________________
>
> Sent from my iPhone
>
> m: +44 7973 822820
>
>
> On 8 Mar 2018, at 09:40, Rothmueller, Markus (Allianz Technology GmbH) <
> Markus.Rothmueller@allianz.at> wrote:
>
> Sorry, the email got stuck. I sent you an invitation a minute ago. Please
> call me on my mobile +43676878260237.
>
> Thanks,
>
> Markus
>
>
>
> Allianz Technology GmbH | member of the board | Hietzinger Kai 101-105 |
> A-1130 Vienna, Austria
> phone: +43 (0) 5 9009 80237 | mobile: +43 (0) 676 8782 60237 | e-mail:
> markus.rothmueller@allianz.at | cisco spark:
> markus.rothmueller@vc.allianz.com
>
>
>
> *Von:* Alpesh Doshi [mailto:alpesh.doshi@fintricity.com
> <alpesh.doshi@fintricity.com>]
> *Gesendet:* Donnerstag, 08. März 2018 09:10
> *An:* Rothmueller, Markus (Allianz Technology GmbH)
> *Betreff:* **SPAM?** Re: Open Source Introduction [wd-vc]
>
>
>
> Hi Markus,
>
> Just checking in with you. Would it be possible to confirm that we're
> speaking today at 11.00 CET (10am UK Time)?
>
>
>
> I don't remember receiving whether you could make it today.
>
>
>
> Kind Regards
>
>
>
> Alpesh
>
>
>
> On 5 March 2018 at 13:06, Crozier, Robert (Allianz Technology) <
> ROBERT.CROZIER@allianz.com> wrote:
>
> Hi Marcus, Alpesh,
>
>
>
> Having announced our intention to open source our software, I spoke with
> Alpesh on the topic.  He would be willing to have an initial chat on his
> knowledge and background in this area.
>
> I hope you both find the conversation useful.
>
>
>
> Kind Regards
>
> Bob
>
>
>
> *Robert Crozier*
>
> Head of Architecture Services
>
> Head of Global Blockchain Centre of Competence
>
>
>
> Allianz Technology | Customer Platforms | Fritz-Schäffer-Str. 9 | 81737
> Munich, Germany
>
> Phone: +49 89 3800 62454 <+49%2089%20380062454> | mobile: +49 151 53392700
> <+49%201515%203392700> | email: robert.crozier@allianz.com
>
> <image001.png> <http://www.allianz.com/technology>
>
>
>
>
>
>
>
>
> Allianz Technology SE: Vorsitzender des Aufsichtsrats / Chairman of the
> Supervisory Board: Dr. Christof Mascher. Vorstand / Board of Management:
> Dr. Barbara Karuth-Zelle, Vorsitzende / CEO; Dr. Daniel Besendorfer, Stefan
> Britz, Steve Coles, Dr. Eckart Pech. Generalbevollmächtigte / General
> Representatives: Umberto Costanzini, Andrea Pettinelli, Dr. Turan Sahin
> (Stand / Release 04.2017). Sitz der Gesellschaft / Registered Office:
> München / Munich. Registergericht / Registration Court: München / Munich
> HRB 173 388. USt-Id-Nr. / VAT ID Number: DE 815 001 893.
>
>
>
> Please note: This email and any files transmitted with it is intended only
> for the named recipients and may contain confidential and/or privileged
> information. If you are not the intended recipient, please do not read,
> copy, use or disclose the contents of this communication to others and
> notify the sender immediately. Then, please delete the email and any copies
> of it. Thank you!
>
>
>
> P Be green, keep it on the screen
>
>
>
>
>
>
>
> --
>
> Alpesh
> ____________________________________________________________________
> Alpesh Doshi | dd: +44 20 3475 2066 | o: +44 870 020 1656 | m: +44 7973
> 822820 |w: http://www.fintricity.com
>


-- 

Alpesh
____________________________________________________________________
Alpesh Doshi | dd: +44 20 3475 2066 | o: +44 870 020 1656 | m: +44 7973
822820 |w: http://www.fintricity.com
"
Susan,Wegner,"Vice President Smart Data Analytics&Communication, Big Data, Telekom Innovation Laboratories",Deutsche Telekom AG,wegners@telekom.de: wegners@telekom.de,wegners@telekom.de,,Alpesh Doshi deleted Deal: Deutsche Telekom AG - Intelligence Offering
Sven,Denecken,SVP Product Management and Co-Innovation S/4HANA,SAP,sven.denecken@sap.com: sven.denecken@sap.com,sven.denecken@sap.com,+496227 7-6417: +496227 7-6417,Taya Vernon sent isCDO Dec 2017 - Invite Reminder to Steven Simon
Tariq,Rasul,Global Programme Manager - Digital Transformation,HSBC Bank PLC,tariq.rasul@touchpointsolutions.co.uk: tariq.rasul@touchpointsolutions.co.uk,tariq.rasul@touchpointsolutions.co.uk,,"Hi K (hope it's ok to call you that!),

Hope you've recovered from the conference on Saturday! It was good to participate with you on the panel - lots of fun!

I thought I would follow up on a few things:


  *   Procurement - I've reached out to the budget holder and stakeholders around procurement. At present we're going to try and go through a company that a friend of mine owns - Asymilate Limited. His company has an existing MSA with HSBC. Would you be able to check to see if it's active? I've asked Chris Orson and David Cooper as well.

  *   R3/Corda. As discussed we're seeing an opportunity around the provision of running corda-as-a-service enterprise edition for clients like HSBC. Together with enabling integration into the bank and the process by which this could happen. As discussed, for Voltron and Marco Polo this will require a lot of work to complete. Would it be possible to discuss how we could do this for HSBC with the relevant team?

  *   Innovation and Deliver support. Are there any areas that we could provide support around data/analytics (like the project we're starting) or Blockchain innovation?

Perhaps we could catch up some time on the above?

Kind Regards

Alpesh
Alpesh Doshi
o: +44 870 020 1656
m: +44 7973 822820
1 Fore Street, London. EC2Y 5EJ
www.fintricity.com<https://urldefense.proofpoint.com/v2/url?u=http-3A__www.fintricity.com&d=CwMFaQ&c=IV_clAzoPDE253xZdHuilRgztyh_RiV3wUrLrDQYWSI&r=nf5R5Ss0ZSt72XeDj8FpTFXvpRQsujq2Bz1W0wnSdDE&m=UP9SBHmuA9b2CcbeARapily3Qcb9GxBF_UWjCjT5CZk&s=RT81z6kAC2C0t6WhfBdZvGhX-up8hGlpR5ad68Xtn1g&e=> | LinkedIn<https://urldefense.proofpoint.com/v2/url?u=https-3A__www.linkedin.com_company_fintricity&d=CwMFaQ&c=IV_clAzoPDE253xZdHuilRgztyh_RiV3wUrLrDQYWSI&r=nf5R5Ss0ZSt72XeDj8FpTFXvpRQsujq2Bz1W0wnSdDE&m=UP9SBHmuA9b2CcbeARapily3Qcb9GxBF_UWjCjT5CZk&s=wJLN8WCh5pR5u6n04sNetNadsg4NwVGNvm51uPqf4og&e=> | Twitter<https://urldefense.proofpoint.com/v2/url?u=https-3A__twitter.com_fintricity&d=CwMFaQ&c=IV_clAzoPDE253xZdHuilRgztyh_RiV3wUrLrDQYWSI&r=nf5R5Ss0ZSt72XeDj8FpTFXvpRQsujq2Bz1W0wnSdDE&m=UP9SBHmuA9b2CcbeARapily3Qcb9GxBF_UWjCjT5CZk&s=DuCfitNNpslizkyhX6ZTWkk59KztajVuGpL5vCS_h4A&e=> | Facebook<https://urldefense.proofpoint.com/v2/url?u=https-3A__www.facebook.com_Fintricity-2D115278291836826_&d=CwMFaQ&c=IV_clAzoPDE253xZdHuilRgztyh_RiV3wUrLrDQYWSI&r=nf5R5Ss0ZSt72XeDj8FpTFXvpRQsujq2Bz1W0wnSdDE&m=UP9SBHmuA9b2CcbeARapily3Qcb9GxBF_UWjCjT5CZk&s=_BFloadWoDqP-2FHqYSlQWwdQgKhuiddAiX4VPcjQ4w&e=>
Innovative Thinking - Agile Delivery
[A close up of a logo  Description automatically generated]

"
Tim,Beal,Independent Transformation Consultant,Syntera Ltd,tim.beal@syntera.co.uk: tim.beal@syntera.co.uk,tim.beal@syntera.co.uk,,Tim Beal opened January Blockchain Meetup - Invite #1 Campaign
Tomas,Gonsorcik,"Group Director, Strategy & Innovation",VML,tomasgonsorcik@me.com: tomasgonsorcik@me.com,tomasgonsorcik@me.com,,Tomas Gonsorcik opened January Blockchain Meetup - Invite #1 Campaign
Tom,Dalglish,"SVP, Global Head of Transformation",SmartStream Technologies,tommy.dalglish@gmail.com: tommy.dalglish@gmail.com,tommy.dalglish@gmail.com,,Florian Krueger sent BFD Webinar - Attendees to Tom Dalglish
Tommy,Parker,Digital Innovation Lead,Ki Performance,twp15@hotmail.co.uk: twp15@hotmail.co.uk,twp15@hotmail.co.uk,,Tommy Parker opened Webinar Invite #3 - Behaving Digitally Campaign
Vignesh,Raja,Innovation,Viktor Koenig,Work: vignesh@vk.ae,vignesh@vk.ae,,"Hi Vignesh,

Hope you are well. Sorry for the delay in getting back to you. It’s been crazy and I’ve been trying to keep up with the various things going on.

Here is the Custody Deck for you.

Cortice Summary<https://drive.google.com/file/d/14pUn37B1mWXa0X7rQilwlb7R74jjxdro/view?usp=sharing>

How is it going with you?

Alpesh

Alpesh Doshi, Managing Partner, CEO
o: +44 870 020 1656 m: +44 7973 822820 1 Fore Street, London. EC2Y 5EJ www.fintricity.com<https://urldefense.proofpoint.com/v2/url?u=http-3A__www.fintricity.com&d=CwMFaQ&c=IV_clAzoPDE253xZdHuilRgztyh_RiV3wUrLrDQYWSI&r=nf5R5Ss0ZSt72XeDj8FpTFXvpRQsujq2Bz1W0wnSdDE&m=UP9SBHmuA9b2CcbeARapily3Qcb9GxBF_UWjCjT5CZk&s=RT81z6kAC2C0t6WhfBdZvGhX-up8hGlpR5ad68Xtn1g&e=> | LinkedIn<https://urldefense.proofpoint.com/v2/url?u=https-3A__www.linkedin.com_company_fintricity&d=CwMFaQ&c=IV_clAzoPDE253xZdHuilRgztyh_RiV3wUrLrDQYWSI&r=nf5R5Ss0ZSt72XeDj8FpTFXvpRQsujq2Bz1W0wnSdDE&m=UP9SBHmuA9b2CcbeARapily3Qcb9GxBF_UWjCjT5CZk&s=wJLN8WCh5pR5u6n04sNetNadsg4NwVGNvm51uPqf4og&e=> | Twitter<https://urldefense.proofpoint.com/v2/url?u=https-3A__twitter.com_fintricity&d=CwMFaQ&c=IV_clAzoPDE253xZdHuilRgztyh_RiV3wUrLrDQYWSI&r=nf5R5Ss0ZSt72XeDj8FpTFXvpRQsujq2Bz1W0wnSdDE&m=UP9SBHmuA9b2CcbeARapily3Qcb9GxBF_UWjCjT5CZk&s=DuCfitNNpslizkyhX6ZTWkk59KztajVuGpL5vCS_h4A&e=> | Facebook<https://urldefense.proofpoint.com/v2/url?u=https-3A__www.facebook.com_Fintricity-2D115278291836826_&d=CwMFaQ&c=IV_clAzoPDE253xZdHuilRgztyh_RiV3wUrLrDQYWSI&r=nf5R5Ss0ZSt72XeDj8FpTFXvpRQsujq2Bz1W0wnSdDE&m=UP9SBHmuA9b2CcbeARapily3Qcb9GxBF_UWjCjT5CZk&s=_BFloadWoDqP-2FHqYSlQWwdQgKhuiddAiX4VPcjQ4w&e=>
Innovative Thinking - Agile Delivery
 [signature_960326659] <https://urldefense.proofpoint.com/v2/url?u=http-3A__www.fintricity.com&d=CwMFaQ&c=IV_clAzoPDE253xZdHuilRgztyh_RiV3wUrLrDQYWSI&r=nf5R5Ss0ZSt72XeDj8FpTFXvpRQsujq2Bz1W0wnSdDE&m=UP9SBHmuA9b2CcbeARapily3Qcb9GxBF_UWjCjT5CZk&s=RT81z6kAC2C0t6WhfBdZvGhX-up8hGlpR5ad68Xtn1g&e=>

"
Will,Harvey,Innovation Lead,VCCP,william_harvey@me.com: william_harvey@me.com,william_harvey@me.com,,Will Harvey opened [Mailchimp]: Newsletter - October 2016 Campaign
Yann,Ruello,Head of TV & Entertainment Innovation,Orange,yann@ruello.fr: yann@ruello.fr,yann@ruello.fr,,Eva Divetain moved Orange - Intelligence Offering from Lost to ARCHIVE 2: Prospect
Yemi,Fagbenro,Digital Transformation Architect,Diageo,,,,"Hi David,
I hope you are well.

I thought I would follow up with you after our call back in August regarding the application of Blockchain technology to Sustainable supply chains. Since our conversation we've been with engaging with other similar firms around the pre-competitive and competitive aspects of putting together a consortia model for provenance, payments etc to meet the UN SDG.

Would you be available for a follow up call to discuss and possible consider our research and advisory around digital technologies and how we could work with you?

Kind Regards

Alpesh

From: Croft, David [mailto:David.Croft@diageo.com]
Sent: 18 August 2017 09:22
To: Alpesh Doshi <alpesh.doshi@fintricity.com>; florian.krueger@fintricity.com
Cc: Martina Henry <martina.henry@ucdconnect.ie>; Henry, Martina <Martina.Henry@diageo.com>
Subject: Diageo and agriculture




David Croft I Global Sustainable Development Director I DIAGEO I Tel: +44(0)208 978 1081, Mobile: +44 (0)7701 397444

Diageo, Lakeside Drive, Park Royal, London NW10 7HQ
[cid:image001.png@01CE4BD7.22AA6FD0][Description: Hands up email_signature_logo][cid:image007.jpg@01D17DE7.F050A770]  [UsersGuide-01.png]


______________________________________________________

This email is sent on behalf of a member of the Diageo group of companies, whose holding company is Diageo plc, registered in England and Wales with number 23307 and with registered address at Lakeside Drive, Park Royal, London NW10 7HQ, England.

This email and any files transmitted with it are confidential and intended solely for the use of the individual or entity to which they are addressed.

This footnote also confirms that this email has been scanned for all viruses by the Messagelabs SkyScan service.

If you have received this email in error please notify the Diageo Servicedesk on +44 (0) 203 684 9280

http://www.diageo.com

___________________________________
"
Yuri,Sebregts,EVP Innovation/R&D and CTO,Shell,Work: y.sebregts@shell.com,y.sebregts@shell.com,,Nostradamus registered on the website
Zaka,Mian,Digital transformation director & Retail CIO,Lloyds Banking Group,Zaka.Mian@LloydsTSB.co.uk: Zaka.Mian@LloydsTSB.co.uk,Zaka.Mian@LloydsTSB.co.uk,,"Hi Anthony,


Thank you again for having us on Monday. It was great to go through your
current initiatives and to present Fintricity and our services.


Please find attached our corporate deck.


You mentioned that you are currently exploring opportunities around blockchain
reference data support. It would be great to book a follow up meeting to
deep dive into this topic and to define a solution stack and an agile pilot
project plan.


Please let us know your thoughts and if you require any more information.


Thank you.


Best regards,
-- 

*Kim Than*

*Head of Business Development*
Mobile: +44 7505 494647

Email: kim.than@fintricity.com
1 Fore Street, London. EC2Y 5EJ
www.fintricity.com
<https://urldefense.proofpoint.com/v2/url?u=http-3A__www.fintricity.com&d=CwMFaQ&c=IV_clAzoPDE253xZdHuilRgztyh_RiV3wUrLrDQYWSI&r=nf5R5Ss0ZSt72XeDj8FpTFXvpRQsujq2Bz1W0wnSdDE&m=UP9SBHmuA9b2CcbeARapily3Qcb9GxBF_UWjCjT5CZk&s=RT81z6kAC2C0t6WhfBdZvGhX-up8hGlpR5ad68Xtn1g&e=>
 | LinkedIn
<https://urldefense.proofpoint.com/v2/url?u=https-3A__www.linkedin.com_company_fintricity&d=CwMFaQ&c=IV_clAzoPDE253xZdHuilRgztyh_RiV3wUrLrDQYWSI&r=nf5R5Ss0ZSt72XeDj8FpTFXvpRQsujq2Bz1W0wnSdDE&m=UP9SBHmuA9b2CcbeARapily3Qcb9GxBF_UWjCjT5CZk&s=wJLN8WCh5pR5u6n04sNetNadsg4NwVGNvm51uPqf4og&e=>
 | Twitter
<https://urldefense.proofpoint.com/v2/url?u=https-3A__twitter.com_fintricity&d=CwMFaQ&c=IV_clAzoPDE253xZdHuilRgztyh_RiV3wUrLrDQYWSI&r=nf5R5Ss0ZSt72XeDj8FpTFXvpRQsujq2Bz1W0wnSdDE&m=UP9SBHmuA9b2CcbeARapily3Qcb9GxBF_UWjCjT5CZk&s=DuCfitNNpslizkyhX6ZTWkk59KztajVuGpL5vCS_h4A&e=>
 | Facebook
<https://urldefense.proofpoint.com/v2/url?u=https-3A__www.facebook.com_Fintricity-2D115278291836826_&d=CwMFaQ&c=IV_clAzoPDE253xZdHuilRgztyh_RiV3wUrLrDQYWSI&r=nf5R5Ss0ZSt72XeDj8FpTFXvpRQsujq2Bz1W0wnSdDE&m=UP9SBHmuA9b2CcbeARapily3Qcb9GxBF_UWjCjT5CZk&s=_BFloadWoDqP-2FHqYSlQWwdQgKhuiddAiX4VPcjQ4w&e=>

*Innovative Thinking - Agile Delivery*
"
