FIRST NAME,LAST NAME,JOB ROLE,ORGANIZATION,EMAIL,EMAIL (PLAIN),PHONE,MODIFIED
Robert,Modliba,Senior Vice President Production & Logistics,POST AG,Work: robert.modliba@post.at,robert.modliba@post.at,,2018-02-01 20:22:16.964969
Piotr,Piskorski,Head of IT Strategy and Enterprise Architecture,Nordea Limited,"Work: Piotr.Piskorski@nordea.com
Personal: ppiskors@gmail.com","Piotr.Piskorski@nordea.com, ppiskors@gmail.com","Work: +48 58 667 17 58
Mobile: +48 733344434",2018-02-01 20:22:16.964969
Tilo,Nirk,Manager,Daimler,None: tilo.nirk@daimler.com,tilo.nirk@daimler.com,,2017-12-04 23:17:09.199278
Andreas,Braun,"Head, Global Data & Analytics",Allianz Group,"ANDREAS.BRAUN1@ALLIANZ.COM: ANDREAS.BRAUN1@ALLIANZ.COM
ANDREAS.BRAUN1@allianz.com: ANDREAS.BRAUN1@allianz.com","ANDREAS.BRAUN1@ALLIANZ.COM, ANDREAS.BRAUN1@allianz.com",+49 172 6562298: +49 172 6562298,2017-10-30 12:51:48.039435
Siva,Narayn,CTO,Fintricity,None: starsiva1@gmail.com,starsiva1@gmail.com,Work: 07465488818,2017-10-30 12:50:39.771193
Otabek,Iskandarov,Associate Banker,European Bank for Reconstruction and Development (EBRD),None: iskandaO@ebrd.com,iskandaO@ebrd.com,,2017-10-26 12:10:09.428566
Paige,Greve,EVP Strategy,Aquilon,None: pgreve@aquiloninc.com,pgreve@aquiloninc.com,,2017-10-26 12:08:25.235758
Sameer,Gadgil,Manager,Larsen & Toubro,None: sameer.gadgil@larsentoubro.com,sameer.gadgil@larsentoubro.com,,2017-10-26 12:07:54.383264
Raghu,Kiran,,Hewlett-Packard,"None: raghu.kiran@hp.com
None: kiran@hp.com","raghu.kiran@hp.com, kiran@hp.com",,2017-10-03 16:30:40.760639
Marisol,Guzman,Innovation,Statoil ASA,None: mgmo@statoil.com,mgmo@statoil.com,,2017-09-26 14:48:52.112834
Suvrajit,Saha,"Innovation Specialist, Founder",klimazone,None: contactsaha@gmail.com,contactsaha@gmail.com,,2017-09-26 14:48:52.112834
Rob,Massuger,Business Innovation Manager,Qurrent Nederland BV,None: rob.massuger@qurrent.nl,rob.massuger@qurrent.nl,,2017-09-26 14:48:52.112834
Abdellah,Jaafar,Innovation & partnerships,Legrand Electric Ltd,Work: abdellah.jaafar@legrand.fr,abdellah.jaafar@legrand.fr,,2017-09-26 14:48:52.112834
Roger,Townsend,Innovation Manager,EDF Energy,Work: roger.townsend@edfenergy.com,roger.townsend@edfenergy.com,,2017-09-26 14:48:52.112834
Kate,Davidson,Business Change Manager,AXA Group,Work: kate.davidson@axa.co.uk,kate.davidson@axa.co.uk,,2017-09-26 14:48:52.112834
Renjit,Philip,Head- Insurance Strategy & Change,Al-Futtaim Group,Work: renjit.philip@alfuttaimfinance.ae,renjit.philip@alfuttaimfinance.ae,"Work: +97143047832
Mobile: +971561772619",2017-09-26 14:48:52.112834
David,Ferguson,Head of Digital Innovation,EDF Energy,Work: David.Ferguson@edfenergy.com,David.Ferguson@edfenergy.com,,2017-09-26 14:48:45.448937
Michael,Hill-King,Collaboration Director (R&D Centre),Huawei,Work: Michael.hill.king@huawei.com,Michael.hill.king@huawei.com,,2017-09-26 14:48:45.448937
Paulo,Silva,"CEO, Portugal",Euronext,Work: PSilva@euronext.com,PSilva@euronext.com,,2017-09-26 14:45:57.149639
Katelyn,Hynes,CDO,Deutsche Bank AG,Work: katelyn.hynes@db.com,katelyn.hynes@db.com,Work: 02075455725,2017-09-26 14:42:57.461616
Sue,Davoudi,Business Analyst,Lloyds Banking Group,None: sue.davoudi@lloydsbanking.com,sue.davoudi@lloydsbanking.com,,2017-09-21 14:25:08.156974
Virgilio,Pierini,BI architect,Phoenix Technology,None: virgilio.pierini@photec.it,virgilio.pierini@photec.it,,2017-08-21 10:38:51.277955
Martina,Henry,Sustainable Agriculture Manager,Diageo,None: martina.henry@diageo.com,martina.henry@diageo.com,,2017-08-21 10:38:30.985902
Anand,Sivanandan,Head of PMO,Takaud Savings& Pensions,None: anand.sivanandan@takaud.com,anand.sivanandan@takaud.com,,2017-08-21 10:38:23.973159
Francesca,Hall,Organisation Design Lead,Skipton Building Society ,None: francesca.hall@skipton.co.uk,francesca.hall@skipton.co.uk,,2017-08-21 10:38:16.934486
Svetlana,Goudkova,CFO,Euroynes,None: sgudkova@yahoo.com,sgudkova@yahoo.com,,2017-08-21 10:38:09.475772
Miles,Kotay,Commercial Airplanes Communications,Boeing,None: miles.kotay@boeing.com,miles.kotay@boeing.com,,2017-08-21 10:38:02.327765
Kyle,Duford,"VP, Digital - US",Dr. Martens,None: kyle.duford@drmartens.com,kyle.duford@drmartens.com,,2017-08-21 10:37:55.497663
Marie,Popoff,supply chain e commerce,L'Oreal,None: marie.popoff@loreal.com,marie.popoff@loreal.com,,2017-08-21 10:33:37.403177
Rodion,Beraya,Insurance,Allianz Group,personal: Rodion.II.Beraya@gmail.com,Rodion.II.Beraya@gmail.com,Work: +49 17672606113 ,2017-08-07 09:58:45.167539
Abubakar-Sadiq,Obatomi,Optimization Analyst,Telefonica UK,"None: ht2cld@gmail.com
Work: ht2cld@gmail.com","ht2cld@gmail.com, ht2cld@gmail.com",,2017-06-30 14:09:49.120917
Yvonne,Kuimba,Head Programmes & Deployment,Econet Wireless,None: Yvonne.Kuimba@econet.co.zw,Yvonne.Kuimba@econet.co.zw,,2017-06-30 12:21:39.877544
Rob,Leninham,Digital Expert,Huawei,None: rob.lenih@huawei.com,rob.lenih@huawei.com,,2017-06-30 12:21:30.206181
William,Genovese,"VP, Strategy Planning",Huawei,Work: William.michael.genovese@huawei.com,William.michael.genovese@huawei.com,,2017-06-27 14:46:51.737473
Claire,Anwyl,Marketing and Communications Manager,DP World,None: canwyl@dpworldsouthampton.com,canwyl@dpworldsouthampton.com,,2017-06-13 09:39:58.955300
Terry,Golding,Intranet Mgr.,AXA Group,terry.golding@axa-ppp.co.uk: terry.golding@axa-ppp.co.uk,terry.golding@axa-ppp.co.uk,Work: 	 0044 20 7920 5900,2017-05-31 10:18:05.256130
Guenter,Schaertl,Structuring,Commerzbank AG,Work: guenter.schaertl@commerzbank.com,guenter.schaertl@commerzbank.com,Work: 496913643272,2017-05-23 21:08:55.308962
Steven,Hedges,Head of knowledge Visualization architecture,Deutsche Bank AG,Work: Steven.hedges@db.com,Steven.hedges@db.com,,2017-05-23 15:43:47.109466
Michael,Schroff,Gruppenleiter Fachkoordination Leben,SV SparkassenVersicherung AG,None: michael.schroff@sparkassenversicherung.de,michael.schroff@sparkassenversicherung.de,,2017-03-23 14:02:22.813494
Dirk,Vollmann,General Manager Marketing & CRM,BMW Group,Work: dirk.vollmann@bmwfin.com,dirk.vollmann@bmwfin.com,,2017-03-01 11:09:10.233296
Lara,Korz,Director Corporate Strategy,Azur Underwriting Limited,None: lara.korz@azurpcg.com,lara.korz@azurpcg.com,,2017-02-23 18:26:23.191858
Angel Rodriguez,Issa,Global Head of Strategic Investments,BNP Paribas,Work: angel.rodriguezissa@ukbnpparibas.com,angel.rodriguezissa@ukbnpparibas.com,,2017-01-27 12:12:26.619139
Steven,Woodward,Senior Solution Architect,AstraZeneca UK Limited,Work: Steven.woodward@astrazeneca.com,Steven.woodward@astrazeneca.com,,2017-01-26 15:37:02.542732
Vihang,Shah,Enterprise architect,TUI Group,Work: vihang.shah@tuitravel.com,vihang.shah@tuitravel.com,,2017-01-26 15:33:46.538554
Julian,Gevers,Lead Architect,Lloyds Banking Group,Work: Julian.gevers@lloydsbankimg.com,Julian.gevers@lloydsbankimg.com,,2017-01-26 12:22:03.184740
Chris,Evans,End user computing analyst,AstraZeneca UK Limited,Work: Christopher.evans@astrazeneca.com,Christopher.evans@astrazeneca.com,,2017-01-26 11:56:01.018923
David,Midgley,Group telematics manager,JCB,Work: David.midgley@jcb.com,David.midgley@jcb.com,,2017-01-26 11:56:01.018923
Cahit,Guvensoy,General Manager,Logo,Work: Cahit.guvensoy@diyalogo.com.tr,Cahit.guvensoy@diyalogo.com.tr,,2017-01-26 11:56:01.018923
Simon,Fowles,Head of Procurement,BT,Home: simon.fowles@gmail.com,simon.fowles@gmail.com,Mobile: +447803571251,2017-01-26 11:47:59.100644
Axel,Quignard,Programme Manager IoT & Connected Home,EDMI Europe Limited,Work: axel.quignard@edmi-meters.com,axel.quignard@edmi-meters.com,,2017-01-26 11:29:13.562157
Andrea,Burgess,Product Manager,Lloyds Banking Group,None: andrea.burgess@lloydsbanking.com,andrea.burgess@lloydsbanking.com,,2017-01-18 11:19:27.954057
Alan,Covall,Head of Market Data,Lloyds Banking Group,alancovall@aol.com: alancovall@aol.com,alancovall@aol.com,,2017-01-18 11:19:27.954057
Jamshed,Hakim,executive director,UBS Limited,None: jamshed-H.hakim@UBS.com,jamshed-H.hakim@UBS.com,,2017-01-17 11:02:22.150347
Jean-Jacques,Jouanna,IT Programme Manager,Shell,"jjouanna@gmail.com: jjouanna@gmail.com
Work: jean-jacques.jouanna@shell.com","jjouanna@gmail.com, jean-jacques.jouanna@shell.com",,2016-12-14 16:11:07.253597
Alberto,Martellini,B2B Cashflow Solutions Product Lead,American Express,None: martellini.alberto@gmail.com,martellini.alberto@gmail.com,,2016-11-08 11:30:05.145019
Andres,Martin Diana,Partnership Lead for WHO/ITU global mHealth,Bupa,amdiana@gmail.com: amdiana@gmail.com,amdiana@gmail.com,,2016-10-27 14:50:17.572151
Angelena,Lee,"Senior Manager, Channel Marketing EMEA",Thomson Reuters,Work: angelenalee@gmail.com,angelenalee@gmail.com,,2016-10-27 14:50:17.572151
Chris,Hill,Head of Content - Global Corporate Communications,Unilever,"personal: cjhconsultancy@gmail.com
Work: chris.hill@unilever.com","cjhconsultancy@gmail.com, chris.hill@unilever.com",Work: 07775 737469,2016-10-27 14:49:36.350668
Elpiniki,Mylona,Senior Software Engineer,Ericsson,None: elpimyl@gmail.com,elpimyl@gmail.com,,2016-10-27 14:48:49.222536
