PHOTO URL,FIRST NAME,LAST NAME,ORGANIZATION,EMAIL,EMAIL (PLAIN),PHONE
,Adil,Ahmed,Wirecard AG,adil.ahmed@wirecard.com: adil.ahmed@wirecard.com,adil.ahmed@wirecard.com,"Work: +97143756582
Mobile: +971 5558 72170"
,Adrian,Whitehead,EMC,adrian.l.whitehead@gmail.com: adrian.l.whitehead@gmail.com,adrian.l.whitehead@gmail.com,
,Ago,Cluytens,RAIN Group,ago@agocluytens.com: ago@agocluytens.com,ago@agocluytens.com,
,Akil,Chomoko,CPA Global,akil@chomoko.com: akil@chomoko.com,akil@chomoko.com,
,Alan,Coe,Microsoft,alan_coe@hotmail.com: alan_coe@hotmail.com,alan_coe@hotmail.com,
,Alan,Priestley,Intel Corporation,alan.priestley@t-online.de: alan.priestley@t-online.de,alan.priestley@t-online.de,
,Alex (Alfie),Murray-Dudgeon,Hortonworks,,,
,Alex,Cambell,IMImobile,cambellalex@gmail.com: cambellalex@gmail.com,cambellalex@gmail.com,
,Alex,Gallina,Jive Software,alexgallina@yahoo.com: alexgallina@yahoo.com,alexgallina@yahoo.com,
,Alex,Kayyal,salesforce.com,akayyal@salesforce.com: akayyal@salesforce.com,akayyal@salesforce.com,
,Alex,Peattie,salesforce.com,peattie.alex@gmail.com: peattie.alex@gmail.com,peattie.alex@gmail.com,
,Alica,Brlajova,Ovum,alica.brlajova@informa.com: alica.brlajova@informa.com,alica.brlajova@informa.com,
,Ali,Moinuddin,Workshare,,,
,Alison,Dilley,T.G.I. Friday's UK,ali.dilley@yahoo.co.uk: ali.dilley@yahoo.co.uk,ali.dilley@yahoo.co.uk,
,Alison,Maguire,Car Phone Warehouse,Work: alison.maguire@bestbuy.co.uk,alison.maguire@bestbuy.co.uk,
,Alison,Tetlow,snom UK Ltd,alison.tetlow@yahoo.com: alison.tetlow@yahoo.com,alison.tetlow@yahoo.com,
,Alpesh,Lad,Mitsubishi UFJ Securities,alpeshladuk@yahoo.com: alpeshladuk@yahoo.com,alpeshladuk@yahoo.com,
,Aly,Galal,Genesys,aly.galal@yahoo.com: aly.galal@yahoo.com,aly.galal@yahoo.com,
,Andrew,Allen,The Giggling Pig Company,andy@binary-finery.co.uk: andy@binary-finery.co.uk,andy@binary-finery.co.uk,
,Andrew,Cocker,"Expedia, Inc.",andrew.cocker@gmail.com: andrew.cocker@gmail.com,andrew.cocker@gmail.com,
,Andrew,Collins,Oracle,thecollinsresidence@hotmail.com: thecollinsresidence@hotmail.com,thecollinsresidence@hotmail.com,
,Andy,Bailey,EF Education First,andybailey.london@gmail.com: andybailey.london@gmail.com,andybailey.london@gmail.com,
,Andy,Sheppard,Triangle Information Management Limited,andrew_sheppard@triangleinformationmanagement.com: andrew_sheppard@triangleinformationmanagement.com,andrew_sheppard@triangleinformationmanagement.com,
,Andy,Sutton,Infor,,,
,Angela,Murphy,Cisco Systems,alegna32001@yahoo.co.uk: alegna32001@yahoo.co.uk,alegna32001@yahoo.co.uk,
,Angelena,Lee,Thomson Reuters,Work: angelenalee@gmail.com,angelenalee@gmail.com,
,Anita,Tadayon,Sky,anitatadayon@yahoo.com: anitatadayon@yahoo.com,anitatadayon@yahoo.com,
,Ankur,Pundir,Sony Mobile Communications,ankur.pundir@gmail.com: ankur.pundir@gmail.com,ankur.pundir@gmail.com,
,Anna,Petrova,British American Tobacco,Work: anna_pertova@bat.com,anna_pertova@bat.com,
,Ann,Braham,Future Business Intelligence Ltd,annbraham@btconnect.com: annbraham@btconnect.com,annbraham@btconnect.com,
,Annemieke,Groeneveld,Plantronics,: annemieke.groeneveld@plantronics.com,annemieke.groeneveld@plantronics.com,
,Anthony,Flynn,Neo Technology,aflynn21@hotmail.com: aflynn21@hotmail.com,aflynn21@hotmail.com,
,Anthony,Leaper,SAP,aleaper@btinternet.com: aleaper@btinternet.com,aleaper@btinternet.com,
,Anthony,Montgomery,Datawatch Corporation,amontgomery007@gmail.com: amontgomery007@gmail.com,amontgomery007@gmail.com,
,Anuj,Tanna,Telkom Kenya - Orange,atanna@orange-tkl.co.ke: atanna@orange-tkl.co.ke,atanna@orange-tkl.co.ke,+254(0)204952258: +254(0)204952258
,Arnis,Dubrovskis,Tchibo,Work: arnis.dubrovskis@tchibo.pl,arnis.dubrovskis@tchibo.pl,
,Arnljot,Alfsen,Webpharma SPT AS,aaa@novateam.no: aaa@novateam.no,aaa@novateam.no,
,Arti,Patel,Cisco Systems,aarpatel@cisco.com: aarpatel@cisco.com,aarpatel@cisco.com,
,Ashley,Sass,Excelerated Sourcing,ash_sass@hotmail.com: ash_sass@hotmail.com,ash_sass@hotmail.com,
,Aswyn,Saktoe-Veenenbos,T-Mobile Netherlands,Work: aswyn.saktoe-veenenbos@t-mobile.nl,aswyn.saktoe-veenenbos@t-mobile.nl,
,Ben,Bryant,Splunk,ben.bryant@ntlworld.com: ben.bryant@ntlworld.com,ben.bryant@ntlworld.com,
,Ben,Rudall,Hortonworks,brudall@hortonworks.com: brudall@hortonworks.com,brudall@hortonworks.com,
,Bernard,Doering,Cloudera,bpdoering@yahoo.com: bpdoering@yahoo.com,bpdoering@yahoo.com,
,Bianca,Koenig,Deutsche Telekom AG,Work: bianca.koenig@telekom.de,bianca.koenig@telekom.de,
,Bill,Porter,BroadVision,bill@bartleymarketing.co.uk: bill@bartleymarketing.co.uk,bill@bartleymarketing.co.uk,
,Bob,Hayward,Responsive Personnel Limited,,,
,Bob,Walstra,Leeyo Software,bob.walstra@leeyo.com: bob.walstra@leeyo.com,bob.walstra@leeyo.com,
,Bogdan,Neacsu,Novensys,neacsu.bogdan@gmail.com: neacsu.bogdan@gmail.com,neacsu.bogdan@gmail.com,
,Bora,Kizil,EZAKO,nbkizil@gmail.com: nbkizil@gmail.com,nbkizil@gmail.com,
,Brandi,McManus,Academic Partnerships,brandimcmanus@hotmail.com: brandimcmanus@hotmail.com,brandimcmanus@hotmail.com,
,Bryon,Hobbs,Dell EMC,bhobbs@alumni.stevens.edu: bhobbs@alumni.stevens.edu,bhobbs@alumni.stevens.edu,
,Candie,Croyts,"Alteryx, Inc.",candiechunter@gmail.com: candiechunter@gmail.com,candiechunter@gmail.com,
,Cara,Delaney,Bloomberg LP,Work: c.delaney@bloomberg.com,c.delaney@bloomberg.com,
,Carl,Barkey,American Express,carl.b.barkey@aexp.com: carl.b.barkey@aexp.com,carl.b.barkey@aexp.com,
,Caroline,Cater,The Coca-Cola Company,,,
,Carol,Wright,University of Essex,carol.wright@jivesoftware.com: carol.wright@jivesoftware.com,carol.wright@jivesoftware.com,7795804160: 7795804160
,Carrie,Lee,Vend,carilee816@gmail.com: carilee816@gmail.com,carilee816@gmail.com,
,Cathy,Andrew,Datawatch International,cathy.andrew@hotmail.com: cathy.andrew@hotmail.com,cathy.andrew@hotmail.com,
,Charlene,Waterworth,Ieso Digital Health,: c.waterworth@iesohealth.com,c.waterworth@iesohealth.com,
,Chris,Bridgland,Veritas Technologies LLC,: chris.bridgland@veritas.com,chris.bridgland@veritas.com,
,Chris,Luff,Freedom,chris.luff@freedomcomms.com: chris.luff@freedomcomms.com,chris.luff@freedomcomms.com,
,Chris,Masino,Jive Software,,,
,Christian,Oshiro,Platfora,chris.oshiro@Gmail.com: chris.oshiro@Gmail.com,chris.oshiro@Gmail.com,
,Chris,Towndrow,Couchbase,chris.towndrow@couchbase.com: chris.towndrow@couchbase.com,chris.towndrow@couchbase.com,
,Chris,Williamson,Castlight Health,williamsonchris@yahoo.com: williamsonchris@yahoo.com,williamsonchris@yahoo.com,
,Claire,Baker,Qlik,msclairelbaker@gmail.com: msclairelbaker@gmail.com,msclairelbaker@gmail.com,
,Claire,Bovill,Cisco Systems,cbovill@cisco.com: cbovill@cisco.com,cbovill@cisco.com,
,Claire,Leslie,Sense,clairemleslie@btinternet.com: clairemleslie@btinternet.com,clairemleslie@btinternet.com,
,Claire,Saunders,Portal,,,
,Claire,Zarb,Ricston Ltd,"clairezarb@gmail.com: clairezarb@gmail.com
claire.zarb@ricston.com: claire.zarb@ricston.com","clairezarb@gmail.com, claire.zarb@ricston.com",+356 2133 4457: +356 2133 4457
,Clive,Larkin,ServerSpace Limited,clivelarkin@yahoo.co.uk: clivelarkin@yahoo.co.uk,clivelarkin@yahoo.co.uk,
,Colin,Cesvette,KPMG,colin.cesvette@jamaica-breeze.com: colin.cesvette@jamaica-breeze.com,colin.cesvette@jamaica-breeze.com,
,Colin,Chesterman,Synchronoss Technologies,colin.chesterman@synchronoss.com: colin.chesterman@synchronoss.com,colin.chesterman@synchronoss.com,
,Colin,Pons,Oracle,colin.pons@gmail.com: colin.pons@gmail.com,colin.pons@gmail.com,
,Costas,Kapetanopoulos,Cosmote Romania,Work: costas.kapetanopoulos@cosmote.ro,costas.kapetanopoulos@cosmote.ro,
,Craig,Garrod,Misco UK,,,
,Cynthia,Leonard,HP Security Voltage,,,
,Cyrille,Harnist,Jive Software,cyrilleharnist@gmail.com: cyrilleharnist@gmail.com,cyrilleharnist@gmail.com,
,Dai,Clegg,NuoDB,dai.clegg@btinternet.com: dai.clegg@btinternet.com,dai.clegg@btinternet.com,
,Damian,Gibbs,Maven Cast Ltd,damian.gibbs@maven-cast.com: damian.gibbs@maven-cast.com,damian.gibbs@maven-cast.com,
,Dan,Brooke,Channel 4,Work: dbrooke@channel4.co.uk,dbrooke@channel4.co.uk,
,Danielle,Ward,Thomson Reuters,ward.danielle@googlemail.com: ward.danielle@googlemail.com,ward.danielle@googlemail.com,
,Daniel,Roberts,MarkLogic,daniel.roberts@dnessonline.com: daniel.roberts@dnessonline.com,daniel.roberts@dnessonline.com,
,Dan,Shafir,Sensibo,dan.shafir@gmail.com: dan.shafir@gmail.com,dan.shafir@gmail.com,
,Darryl,Hannah,Jive Software,darrylhannah609@gmail.com: darrylhannah609@gmail.com,darrylhannah609@gmail.com,
,Dave,Wolstencroft,Coupa Software,david.wolstencroft@coupa.com: david.wolstencroft@coupa.com,david.wolstencroft@coupa.com,
,David,Coughlin,Dell EMC,davec@f2s.com: davec@f2s.com,davec@f2s.com,
,David,Elichman,CAISgroup,dselichman@gmail.com: dselichman@gmail.com,dselichman@gmail.com,
,David,Keene,Google,dkeene@google.com: dkeene@google.com,dkeene@google.com,
,David,Layton,Delphix,david.layton@delphix.com: david.layton@delphix.com,david.layton@delphix.com,
,David,Peet,Microsoft,david.peet@microsoft.com: david.peet@microsoft.com,david.peet@microsoft.com,
,David,Rhee,adidas group,"wdaveonline@gmail.com: wdaveonline@gmail.com
None: david.rhee@adidas.com","wdaveonline@gmail.com, david.rhee@adidas.com",
,David,Rippmann,Diebold,david.rippmann@me.com: david.rippmann@me.com,david.rippmann@me.com,
,David,Wrigglesworth,Datameer,wrigglers@btinternet.com: wrigglers@btinternet.com,wrigglers@btinternet.com,
,Dean,Pathak,SAP,deanpathak@hotmail.co.uk: deanpathak@hotmail.co.uk,deanpathak@hotmail.co.uk,
,Derek,McGee,Spearline Labs,derekmcg33@gmail.com: derekmcg33@gmail.com,derekmcg33@gmail.com,
,Dharman,Sury,Data4Group,"Personal: dharmansury@hotmail.com
Work: dharman.sury@data4group.com","dharmansury@hotmail.com, dharman.sury@data4group.com",Mobile: +33 (6) 3085 3239
,Diego,Bivero-Volpe,Cake Technologies,diego@ruskis.com: diego@ruskis.com,diego@ruskis.com,
,Dinesh,Parekh,Computer Technics Ltd,dhss_11@hotmail.com: dhss_11@hotmail.com,dhss_11@hotmail.com,
,Dominic,Holroyd,DataSift,dominic.holroyd@datasift.com: dominic.holroyd@datasift.com,dominic.holroyd@datasift.com,
,Drew,James,Talend,iamdrewjames@googlemail.com: iamdrewjames@googlemail.com,iamdrewjames@googlemail.com,
,Ed,Butterworth,"Vlocity, Inc",ebutterworth@vlocity.com: ebutterworth@vlocity.com,ebutterworth@vlocity.com,
,Ed,Chessman,GigaSpaces,edchessman42@hotmail.com: edchessman42@hotmail.com,edchessman42@hotmail.com,
,Eddie,Sharkey,MongoDB,eddie.sharkey@mongodb.com: eddie.sharkey@mongodb.com,eddie.sharkey@mongodb.com,
,Edward,Davies,WHISHWORKS,edwardhdavies@gmail.com: edwardhdavies@gmail.com,edwardhdavies@gmail.com,
,Edward,Dickson,Pentaho,edward.dickson1990@gmail.com: edward.dickson1990@gmail.com,edward.dickson1990@gmail.com,
,Ekanem,Etim-Offiong,Arise News,ekanem.etim-offiong@arise.tv: ekanem.etim-offiong@arise.tv,ekanem.etim-offiong@arise.tv,
,Elaine,Doherty,Open Plus Ltd,elaine@doherty1.fslife.co.uk: elaine@doherty1.fslife.co.uk,elaine@doherty1.fslife.co.uk,
,Elaine,Knowles,Telefonica O2 Ireland,Work: elaine.knowles@o2.com,elaine.knowles@o2.com,
,Elisabeth,Rettl,Orange Austria,Work: elisabeth.rettl@orange.co.at,elisabeth.rettl@orange.co.at,
,Elliott,Harley,SDL plc,eharley@sdl.com: eharley@sdl.com,eharley@sdl.com,
,Emma,Kenelm,GHD,Work: e.kenelm@ghdhair.com,e.kenelm@ghdhair.com,
,Erik,Hardick,Hyundi Motor Compan,Work: ehardic@hyundai.com,ehardic@hyundai.com,
,Estelle,Eonnet,Tagattitude,estelle.eonnet@post.harvard.edu: estelle.eonnet@post.harvard.edu,estelle.eonnet@post.harvard.edu,
,Fabrizio,Gorietti,Telecom Italia (TIM),Work: fabrizio.gorietti@telecomitalia.it,fabrizio.gorietti@telecomitalia.it,
,Fabrizio,Mancini,RSA The Security Division of EMC,fmancini@rsa.com: fmancini@rsa.com,fmancini@rsa.com,
,Fanny,Wolf,Admiral Group Plc,Work: fanny.wolf@admiral-group.com,fanny.wolf@admiral-group.com,"Work: +44 333 2202062
Work: +448718828282"
,Filippo,Bonsanti,eBay,,,
,Francesca,De Finis,The Coca-Cola Company,Work: https://it.linkedin.com/in/francesca-de-finis-a742031,https://it.linkedin.com/in/francesca-de-finis-a742031,
,Frank,Durden,Binatone,,,
,Fraser,Chisholm,Royal Mail Stamps and Collectibles,fraser.chisholm@royalmail.com: fraser.chisholm@royalmail.com,fraser.chisholm@royalmail.com,
,Fred,Bos,Pentaho,fred.bos@gmail.com: fred.bos@gmail.com,fred.bos@gmail.com,
,Frederic,Ruciak,Bouygues Telecom,Work: fruciak@bouyguestelecom.fr,fruciak@bouyguestelecom.fr,
,Frederic,Valois,Edding,valois.frederic@yahoo.co.uk: valois.frederic@yahoo.co.uk,valois.frederic@yahoo.co.uk,
,Frida,Pilkington,Anaplan,frida.pilkington@anaplan.com: frida.pilkington@anaplan.com,frida.pilkington@anaplan.com,7552313433: 7552313433
,Gaetano,Thorel,Ford of Europe,Work: gthorel@ford.com,gthorel@ford.com,
,Gauthier,Labalette,PayPal,labalette@gmail.com: labalette@gmail.com,labalette@gmail.com,
,Gavin,Stephenson,Marketo,gavin.stephenson@btinternet.com: gavin.stephenson@btinternet.com,gavin.stephenson@btinternet.com,
,Gennaro,Scalo,"RSA, The Security Division of EMC",gscalo@gmail.com: gscalo@gmail.com,gscalo@gmail.com,
,George,Collier,Markit,george_collier@btinternet.com: george_collier@btinternet.com,george_collier@btinternet.com,
,Georgina,Rollins,Modality Systems,georgina_rollins@talk21.com: georgina_rollins@talk21.com,georgina_rollins@talk21.com,
,Glen,Munro,Jive Software,glen.munro@outlook.com: glen.munro@outlook.com,glen.munro@outlook.com,
,Gordon,Graylish,Intel Corporation,gordon.graylish@intel.com: gordon.graylish@intel.com,gordon.graylish@intel.com,
,Gordon,Malcolm,ActiveOps Limited,gsmalcolm@gmail.com: gsmalcolm@gmail.com,gsmalcolm@gmail.com,
,Graham,Leigh,Tektronix Communications,graham.leigh@tekcomms.com: graham.leigh@tekcomms.com,graham.leigh@tekcomms.com,7876594750: 7876594750
,Guillaume,Van Gaver,Everything Everywhere,Work: guillaume.vangaver@everythingeverywhere.com,guillaume.vangaver@everythingeverywhere.com,
,Hannah,Green,Barbon Insurance Group,hannah_green1@hotmail.com: hannah_green1@hotmail.com,hannah_green1@hotmail.com,
,Harald,Mueller,Datameer,hmuller@hotmail.com: hmuller@hotmail.com,hmuller@hotmail.com,
,Harry,Flora,"Trillium Software, A Harte Hanks Company",harry.flora@googlemail.com: harry.flora@googlemail.com,harry.flora@googlemail.com,
,Harsh,Waghmare,Avira GmbH,harsh_waghmare@yahoo.com: harsh_waghmare@yahoo.com,harsh_waghmare@yahoo.com,
,Harvey,Cooper,Jack Wills,harvey_cooper@aol.com: harvey_cooper@aol.com,harvey_cooper@aol.com,
,Hazel,Pitchers,AXA Group,Work: hazel.pitchers@axa-insurance.co.uk,hazel.pitchers@axa-insurance.co.uk,Work: +44 207003 1000
,Helen,Tupper,Virgin,helen.tupper@hotmail.co.uk: helen.tupper@hotmail.co.uk,helen.tupper@hotmail.co.uk,
,Herve,Peitrequin,Swisscom,hervepeitrequin@gmail.com: hervepeitrequin@gmail.com,hervepeitrequin@gmail.com,
,Hugh,Evans,FNZ,hugh.evans@fnz.co.uk: hugh.evans@fnz.co.uk,hugh.evans@fnz.co.uk,
,Hussen,Raza,AccessPay,hussen.raza@gmail.com: hussen.raza@gmail.com,hussen.raza@gmail.com,
,Ian,Foddering,Cisco,ifodderi@cisco.com: ifodderi@cisco.com,ifodderi@cisco.com,
,Ina,Lombard,PwC,ina@insurancesaas.com: ina@insurancesaas.com,ina@insurancesaas.com,
,Isabelle,Bacro,KPN Belgium,Work: isabelle.bacro@kpngroup.be,isabelle.bacro@kpngroup.be,
,Itay,Haber,Google,itay.haber@gmail.com: itay.haber@gmail.com,itay.haber@gmail.com,
,Ivan,French,Dell EMC,ivanfrench@btinternet.com: ivanfrench@btinternet.com,ivanfrench@btinternet.com,
,Jack T. Y.,Lin,MediaTek,,,
,James,Crisp,Zimbra,jcrisp@telligent.com: jcrisp@telligent.com,jcrisp@telligent.com,
,James,Ford,IBM,james_ford@uk.ibm.com: james_ford@uk.ibm.com,james_ford@uk.ibm.com,
,James,Jones,AppNexus,jamiepjones5@gmail.com: jamiepjones5@gmail.com,jamiepjones5@gmail.com,
,James,Patterson,Live Nation Entertainment,,,
,James,Watson,CA Technologies,,,
,Jason,Bath,SAP,jason.bath@sap.com: jason.bath@sap.com,jason.bath@sap.com,
,Jat,Hayer,TechTarget,jathayer@hotmail.com: jathayer@hotmail.com,jathayer@hotmail.com,
,Jeff,Williams,Gemalto,jeff.williams@gemalto.com: jeff.williams@gemalto.com,jeff.williams@gemalto.com,
,Jennifer,Berdollt,Jive Software,jennifer.berdollt@outlook.com: jennifer.berdollt@outlook.com,jennifer.berdollt@outlook.com,
,Jennifer,Draper,Ketchum,jennifer.draper@ketchumpleon.com: jennifer.draper@ketchumpleon.com,jennifer.draper@ketchumpleon.com,
,Jennifer,Wachtel,CME Group,jenwachtel@gmail.com: jenwachtel@gmail.com,jenwachtel@gmail.com,
,Jens,Vang-Lauridsen,Zimbra,,,
,Jessica,Inskip,D-Link (Europe) Ltd,west_jess79@hotmail.com: west_jess79@hotmail.com,west_jess79@hotmail.com,
,Jesus,Cubero,Burger King,,,
,Jevan,Nagarajah,payleven,jevan.nagarajah@gmail.com: jevan.nagarajah@gmail.com,jevan.nagarajah@gmail.com,
,Jiri,Kram,Fujitsu,Jiri.Kram@gmail.com: Jiri.Kram@gmail.com,Jiri.Kram@gmail.com,
,JJ,van Delsen,RCNi,jj@vandelsen.com: jj@vandelsen.com,jj@vandelsen.com,
,Joanna,Burton,SpotXchange,joanna.burton@crescentcommunications.co.uk: joanna.burton@crescentcommunications.co.uk,joanna.burton@crescentcommunications.co.uk,
,Joanne,Morley,Hermes,,,
,Joerg,Niessing,INSEAD,joerg.niessing@gmail.com: joerg.niessing@gmail.com,joerg.niessing@gmail.com,
,Joe,Waiman,WhiteSource,joe.waiman@gmail.com: joe.waiman@gmail.com,joe.waiman@gmail.com,
,Johan,Greeff,Investic,,,
,John H,Bell,Travelers,,,
,John,Peavoy,Crest Solutions,john_peavoy@hotmail.com: john_peavoy@hotmail.com,john_peavoy@hotmail.com,
,John,Reed,Independent Professional,,,
,John,Toker,Jive Software,john.toker@gmail.com: john.toker@gmail.com,john.toker@gmail.com,
,Jonathan,Russell,SAP,,,
,Jonathon,Tarsey,"Alteryx, Inc.",,,
,Jonny,Young,Startups.co.uk,jonathany@crimsonbusiness.co.uk: jonathany@crimsonbusiness.co.uk,jonathany@crimsonbusiness.co.uk,
,Jose,Aguilera,The Wellcome Trust,jose.aguilera0@yahoo.com: jose.aguilera0@yahoo.com,jose.aguilera0@yahoo.com,
,Joseph,Rice,Twitter,jrice@twitter.com: jrice@twitter.com,jrice@twitter.com,
,Jo,Underhill,Amazon,joanna.underhill@gmail.com: joanna.underhill@gmail.com,joanna.underhill@gmail.com,
,Juan de Dios,Ngomo,Tektronix,juan.ngomo@tektronix.com: juan.ngomo@tektronix.com,juan.ngomo@tektronix.com,
,Julia,Kennard,Primary Opinion,juliaeilon@yahoo.com: juliaeilon@yahoo.com,juliaeilon@yahoo.com,
,Julie,"Heneghan       MBA,      BSc (Hons)",CGI,julieaheneghan@hotmail.com: julieaheneghan@hotmail.com,julieaheneghan@hotmail.com,
,Jussi,Wacklin,EMC,jussi@wacklin.com: jussi@wacklin.com,jussi@wacklin.com,
,Justin,Pirie,ForgeRock,jp@justinpirie.com: jp@justinpirie.com,jp@justinpirie.com,
,Justin,Wilson,salesforce.com,JWilson@Salesforce.com: JWilson@Salesforce.com,JWilson@Salesforce.com,
,Kamakshi,P.,MPP,kamakshi.pandya@gmail.com: kamakshi.pandya@gmail.com,kamakshi.pandya@gmail.com,
,Kam,Dhillon,Fujitsu UK and Ireland,kamdhillon@live.co.uk: kamdhillon@live.co.uk,kamdhillon@live.co.uk,
,Karine,Samaha,Web Reservations International,karine.samaha@btinternet.com: karine.samaha@btinternet.com,karine.samaha@btinternet.com,
,Karl,Goldfield,Empower Audit Training & Consulting,karl@karlgoldfield.com: karl@karlgoldfield.com,karl@karlgoldfield.com,
,Karl,Torvmark,Texas Instruments,karlto@torvmark.no: karlto@torvmark.no,karlto@torvmark.no,
,Karthik,Manimozhi,EMC,kmanimozhi2012@gmail.com: kmanimozhi2012@gmail.com,kmanimozhi2012@gmail.com,
,Kathryn,Bullock,Face Marketing,kathryn.bullock@face-marketing.com: kathryn.bullock@face-marketing.com,kathryn.bullock@face-marketing.com,
,Katre,Kaarenperk,Cash on Go,Work: katre.kaarenperk-vanatoa@cashongo.co.uk,katre.kaarenperk-vanatoa@cashongo.co.uk,
,Katy,Andi?,Misco UK,kpai@systemax.co.uk: kpai@systemax.co.uk,kpai@systemax.co.uk,
,Keith,Varty,Microsoft,,,
,Kemal,Cetin,Diageo,kemalcetin77@gmail.com: kemalcetin77@gmail.com,kemalcetin77@gmail.com,
,Kerry,Chapman,Tata Consultancy Services,kerry.chapman@growthworks.co.uk: kerry.chapman@growthworks.co.uk,kerry.chapman@growthworks.co.uk,
,Kevin,Lynch,salesforce.com,kevin.lynch@salesforce.com: kevin.lynch@salesforce.com,kevin.lynch@salesforce.com,
,Kizzie,Bowman,Gemalto,kizzie.bowman@gemalto.com: kizzie.bowman@gemalto.com,kizzie.bowman@gemalto.com,
,Kris,McKenzie,ExactTarget a salesforce.com company,kris_mckenzie@hotmail.com: kris_mckenzie@hotmail.com,kris_mckenzie@hotmail.com,
,Kristen,Fleener,Forward Ltd,kristen.fleener@theforwardgroup.com: kristen.fleener@theforwardgroup.com,kristen.fleener@theforwardgroup.com,
,Kristin,Biebler,i2i Events Group,mail@kristinbiebler.com: mail@kristinbiebler.com,mail@kristinbiebler.com,
,Krzysztof,Kilian,Polkomtel (PLUS),Work: krzysztof.kilian@plus.pl,krzysztof.kilian@plus.pl,
,Lara,Ingle,NBCUniversal Television Distribution,lara.ingle@nbcuni.com: lara.ingle@nbcuni.com,lara.ingle@nbcuni.com,
,Laura,Coles,Pentaho,lcoles@pentaho.com: lcoles@pentaho.com,lcoles@pentaho.com,
,Laura,Houston,Analytics Engines,hou5ton@hotmail.com: hou5ton@hotmail.com,hou5ton@hotmail.com,
,Laurel,Wolfe,Verifone,Work: laurel_wolfe@verifone.com,laurel_wolfe@verifone.com,"None: +44 (0) 782 525 0677
Work: +44 (0) 189 527 5178"
,Laurie,Maclachlan,Hortonworks,lmaclachlan@hortonworks.com: lmaclachlan@hortonworks.com,lmaclachlan@hortonworks.com,
,Leon,Beckett,IBM,leon.beckett@gmail.com: leon.beckett@gmail.com,leon.beckett@gmail.com,
,Lex,Dekkers,Bitbrains IT Services,Lex.Dekkers@Taylor-Alexander.com: Lex.Dekkers@Taylor-Alexander.com,Lex.Dekkers@Taylor-Alexander.com,
,Lisa,Jebodhsingh,InterContinental Hotels Group (IHG),lisa.jebodhsingh@gmail.com: lisa.jebodhsingh@gmail.com,lisa.jebodhsingh@gmail.com,
,Lisa,Wood,Atom Bank,Work: lisa.wood@atombank.co.uk,lisa.wood@atombank.co.uk,Work: +44 333 399 0050
,Louise,Clark,Salesforce,louiseclark@hotmail.co.uk: louiseclark@hotmail.co.uk,louiseclark@hotmail.co.uk,
,Louise,Robertson,Apply Financial,louise.robertson@virgin.net: louise.robertson@virgin.net,louise.robertson@virgin.net,
,Luis,Avelar,TMN,Work: luis-avelar@telecom.pt,luis-avelar@telecom.pt,
,Luis,Galveias,LPEA,luisgalveias@gmail.com: luisgalveias@gmail.com,luisgalveias@gmail.com,
,Luke,Dash,Glenigan,luke.dash@live.co.uk: luke.dash@live.co.uk,luke.dash@live.co.uk,
,Marcel,LeBrun,Salesforce Radian6,marcel.lebrun@radian6.com: marcel.lebrun@radian6.com,marcel.lebrun@radian6.com,
,Marc,Jadoul,Alcatel-Lucent S.A.,,,
,Marcus,Hill,Fujitsu,marcus@woodcraycottage.com: marcus@woodcraycottage.com,marcus@woodcraycottage.com,
https://media.licdn.com/mpr/mpr/shrinknp_400_400/AAEAAQAAAAAAAAdZAAAAJGFiZmEwNTg1LTRiYWItNGZhZi04NTI2LTVmMTcyMTUwYjA4Zg.jpg,Maria,Lopez Diaz de Revelli,American Express,"Personal: marilurevelli@gmail.com
Work: maria.g.lopezdiaz@aexp.com","marilurevelli@gmail.com, maria.g.lopezdiaz@aexp.com",
,Marie-Jose,Vandenboomgaard,KPN Netherlands,Work: marie-jose.vandenboomgaard@hi.nl,marie-jose.vandenboomgaard@hi.nl,
,Mark,Carter,Fluke Networks,markchertsey@yahoo.co.uk: markchertsey@yahoo.co.uk,markchertsey@yahoo.co.uk,
,Mark,Evans,Direct Line,None: mark.evans@directline.com,mark.evans@directline.com,
,Mark,Howe,Google,,,
,Mark,Lee,Datalytyx,mark.lee@datalytyx.com: mark.lee@datalytyx.com,mark.lee@datalytyx.com,"8453716119: 8453716119
7808404308: 7808404308"
,Martin,Black,Datawatch Corporation,martinjblack@btinternet.com: martinjblack@btinternet.com,martinjblack@btinternet.com,
,Martin,James,Pitney Bowes,m.james7@btinternet.com: m.james7@btinternet.com,m.james7@btinternet.com,
,Martin,McAleese,West Digital Post Production,martinmcaleese@gmail.com: martinmcaleese@gmail.com,martinmcaleese@gmail.com,
,Martin,Schuhte,Adobe,martinschuhte@yahoo.de: martinschuhte@yahoo.de,martinschuhte@yahoo.de,
,Martin,Weir,Datawatch,martin@weirphotography.co.uk: martin@weirphotography.co.uk,martin@weirphotography.co.uk,
,Martyn,Hodges,A-Team Group,martyn.hodges@a-teamgroup.com: martyn.hodges@a-teamgroup.com,martyn.hodges@a-teamgroup.com,
,Mason,"Karrer CISSP, CISA","RSA, The Security Division of EMC",masonkarrer@gmail.com: masonkarrer@gmail.com,masonkarrer@gmail.com,
,Mats,Uddenfeldt,MapR Technologies,muddenfeldt@maprtech.com: muddenfeldt@maprtech.com,muddenfeldt@maprtech.com,
,Matthew,Parker,iomart,Work: matthew.parker@iomart.com,matthew.parker@iomart.com,"Mobile: +447880384209
FAX: +44 (0) 20 7374 9084
Work: +44 (0) 20 7448 4600"
,Matt,Spence,Adobe,mattyspence@yahoo.com: mattyspence@yahoo.com,mattyspence@yahoo.com,
,Matt,Wallenstein,salesforce.com,matthew.wallenstein@gmail.com: matthew.wallenstein@gmail.com,matthew.wallenstein@gmail.com,
,Maurice C,Flynn,Rewards4 Group,mflynn1999@gmail.com: mflynn1999@gmail.com,mflynn1999@gmail.com,
,Melika,Golkaram,thePlatform,melika_gol@hotmail.com: melika_gol@hotmail.com,melika_gol@hotmail.com,
,Merel,Werners,Alpargatas S.A.,,,Work: +44 208 748 0333
,Mia,Farlam,Xerox Corporation,mia.farlam@xerox.com: mia.farlam@xerox.com,mia.farlam@xerox.com,Work: 01895843375
,Michael,Finnimore,Varnish Software,mfinnimore@varnish-software.com: mfinnimore@varnish-software.com,mfinnimore@varnish-software.com,
,Michael,Fitzpatrick,CADCOMMS,mp_fitzpatrick@yahoo.co.uk: mp_fitzpatrick@yahoo.co.uk,mp_fitzpatrick@yahoo.co.uk,
,Michael,Gregory,Bloomreach,michael.gregory72@gmail.com: michael.gregory72@gmail.com,michael.gregory72@gmail.com,
,Michael,Lau,Bloomberg LP,,,
,Michael,Wood,Pivotal Inc.,m-wood@live.com: m-wood@live.com,m-wood@live.com,
,Michael,Wrigley,EngageSciences,michael@engagesciences.com: michael@engagesciences.com,michael@engagesciences.com,
,Michelle,Henderson,Car Phone Warehouse,Work: michelle.henderson@bestbuy.co.uk,michelle.henderson@bestbuy.co.uk,
,Miguel,Reiser,GFT,miguel.reiser@gft.com: miguel.reiser@gft.com,miguel.reiser@gft.com,
,Mike,Barron,Troux Technologies,mikebarron35@hotmail.com: mikebarron35@hotmail.com,mikebarron35@hotmail.com,
,Mike,Crowley,Microsoft,mike.w.crowley@gmail.com: mike.w.crowley@gmail.com,mike.w.crowley@gmail.com,
,Mike,Gibson,G4S,mikegibson5@hotmail.com: mikegibson5@hotmail.com,mikegibson5@hotmail.com,
,Mike,Hobson,Automated Intelligence,hobson.mike@googlemail.com: hobson.mike@googlemail.com,hobson.mike@googlemail.com,
,Mike,Williams,Temenos,mwilliams@temenos.com: mwilliams@temenos.com,mwilliams@temenos.com,
,Miko,Matsumura,Gradleware,mailbox@gmail.com: mailbox@gmail.com,mailbox@gmail.com,
,Miles,Hillier,Royal Bank of Scotland,miles.hillier@rbs.co.uk: miles.hillier@rbs.co.uk,miles.hillier@rbs.co.uk,
,Milly,Maxwell-Scott,Dreamland Margate,millyblundell@gmail.com: millyblundell@gmail.com,millyblundell@gmail.com,
,Monica,Visconti-Patel,RingCentral,mvp@ringcentral.com: mvp@ringcentral.com,mvp@ringcentral.com,
,Mo,Raja,Consultant & Interim Director,ma.raja@gmail.com: ma.raja@gmail.com,ma.raja@gmail.com,
,Ms. Hessa,Al Zarooni,Dubai International Financial Centre,Work: hessa.alzarooni@difc.ae,hessa.alzarooni@difc.ae,"Direct: +9713622441
Work: +9713622222"
,Mukesh,Aggarwal,EWA Consultancy Partnership,aggi@msn.com: aggi@msn.com,aggi@msn.com,
,Mukesh,Sharma,"Puppet Labs, Inc.",mukeshsharma971@yahoo.co.uk: mukeshsharma971@yahoo.co.uk,mukeshsharma971@yahoo.co.uk,
,Mukrram,Ali,MahiFX,Work: mukkaramali@gmail.com,mukkaramali@gmail.com,
,Naser,Ali,Cloudera,naser.ali@iee.org: naser.ali@iee.org,naser.ali@iee.org,
,Natasha,Gladman,B&Q,Work: tasha@flintlockltd.com,tasha@flintlockltd.com,Work: +44 7801 146104
,Neil,Baker,Validis,neil.baker@burnsecs.com: neil.baker@burnsecs.com,neil.baker@burnsecs.com,
,Neil,Bowden,Dell EMC,Work: neil.bowden@dell.com,neil.bowden@dell.com,
,Neil,Fromow,Oracle,nfromow@gmail.com: nfromow@gmail.com,nfromow@gmail.com,
,Neil,O'Keefe,Big Data Partnership,neil.okeefe@outlook.com: neil.okeefe@outlook.com,neil.okeefe@outlook.com,
,Nels,Olvin,Apptio,nolvin@apptio.com: nolvin@apptio.com,nolvin@apptio.com,
,Nicholas,Ayton,"Alteryx, Inc.",nick_ayton@yahoo.co.uk: nick_ayton@yahoo.co.uk,nick_ayton@yahoo.co.uk,
,Nick,Daniel,VocaLink,nick.daniel@btinternet.com: nick.daniel@btinternet.com,nick.daniel@btinternet.com,
,Nick,Kaimakami,Wipro Technologies,nickkaimakami@btinternet.com: nickkaimakami@btinternet.com,nickkaimakami@btinternet.com,
,Nick,Mirza,MUUME AG,nick.mirza@muume.com: nick.mirza@muume.com,nick.mirza@muume.com,41786763983: 41786763983
,Nicola,Travis,The Fragrance Shop,'nicola.travis@thefragranceshop.co.uk': 'nicola.travis@thefragranceshop.co.uk','nicola.travis@thefragranceshop.co.uk',
,Nik,Haidar,The Marketing Centre,nik.haidar@four23.com: nik.haidar@four23.com,nik.haidar@four23.com,
,Nitin,Makwana,IBM,nitin_makwana@uk.ibm.com: nitin_makwana@uk.ibm.com,nitin_makwana@uk.ibm.com,
,Oliver,Vale,Philips Healthcare,oliver_vale@yahoo.co.uk: oliver_vale@yahoo.co.uk,oliver_vale@yahoo.co.uk,
,Olivier,Thierry,Zimbra,othierry@me.com: othierry@me.com,othierry@me.com,
,Omar,Agha,Talend,,,
,Oren,Cohen,Optimizely,oren@optimizely.com: oren@optimizely.com,oren@optimizely.com,
,Paolo,Campoli,Cisco,pcampoli@cisco.com: pcampoli@cisco.com,pcampoli@cisco.com,
,Paresh,Davdra,RationalFX,praesh.davdra@rationalfx.com: praesh.davdra@rationalfx.com,praesh.davdra@rationalfx.com,"2072208191: 2072208191
2072208181: 2072208181"
,Paul,Davies,Cisco,ptdavies_uk@yahoo.co.uk: ptdavies_uk@yahoo.co.uk,ptdavies_uk@yahoo.co.uk,
,Paul,Hastings,Friend MTS,phastings@friendmts.com: phastings@friendmts.com,phastings@friendmts.com,
,Paul,Power,MongoDB,paul.power@mongodb.com: paul.power@mongodb.com,paul.power@mongodb.com,
,Paul,Preuveneers,MarkLogic,paul.preuveneers@gmail.com: paul.preuveneers@gmail.com,paul.preuveneers@gmail.com,
,Paul,Smith,AGAR Scientific,Paul.Smith@elektron-technology.com: Paul.Smith@elektron-technology.com,Paul.Smith@elektron-technology.com,
,Paul,Woodward,Microsoft,Paul.Woodward@microsoft.com: Paul.Woodward@microsoft.com,Paul.Woodward@microsoft.com,
,Paz,Macdonald,MongoDB,paz_macdonald@hotmail.com: paz_macdonald@hotmail.com,paz_macdonald@hotmail.com,
,Peter,Delahaye,Veeva Systems,peter.delahaye@veeva.com: peter.delahaye@veeva.com,peter.delahaye@veeva.com,
,Peter,Enright,Cambridge University Press,peter.enright@rocketmail.com: peter.enright@rocketmail.com,peter.enright@rocketmail.com,
,Peter,Freiherr von Bredow,Jive Software,vonbredow@aol.com: vonbredow@aol.com,vonbredow@aol.com,
,Peter,McManus,Improved Apps Ltd.,peter.mcmanus@improvedapps.com: peter.mcmanus@improvedapps.com,peter.mcmanus@improvedapps.com,
,Peter,O'Malley,"Ci (Web Summit, Collision, F.ounders, etc.)",peter@omalley.io: peter@omalley.io,peter@omalley.io,
,Peter,Scott,WANdisco,peter.scott@wandisco.com: peter.scott@wandisco.com,peter.scott@wandisco.com,
,Phil,Blades,Amulet Hotkey,phil@imagechoice.com: phil@imagechoice.com,phil@imagechoice.com,
,Phil,Cantor,Intellect,Phil.Cantor@linus.plus.com: Phil.Cantor@linus.plus.com,Phil.Cantor@linus.plus.com,
,Philip,Almond,BBC,Work: phillip.almond@bbc.co.uk,phillip.almond@bbc.co.uk,
,Philipp,Wetzel,AMAG Automobil- und Motoren AG,Work: philipp.wetzel@amag.ch,philipp.wetzel@amag.ch,Work: +41 56 463 93 51
,Philip,van Heerden,Cisco Systems,pvanheer@cisco.com: pvanheer@cisco.com,pvanheer@cisco.com,"2088244688: 2088244688
7825604989: 7825604989"
,Phil,Jeynes,UnderwriteMe,phil.jeynes@pruprotect.co.uk: phil.jeynes@pruprotect.co.uk,phil.jeynes@pruprotect.co.uk,
,Prelini,Udayan-Chiechi,Bazaarvoice,beani_p@hotmail.com: beani_p@hotmail.com,beani_p@hotmail.com,
,Pritesh,Chauhan,GSMA,,,
,Rachel,Hay,National Australia Group,rachelhay1@hotmail.co.uk: rachelhay1@hotmail.co.uk,rachelhay1@hotmail.co.uk,
,Raj,Chauhan,Mayura Print,raj@mayuraprint.com: raj@mayuraprint.com,raj@mayuraprint.com,
,Rajen,Lakhani,du,me@rajen.net: me@rajen.net,me@rajen.net,
,Ramesh,Bhandari,Etisalat,rameshbhandari@gmail.com: rameshbhandari@gmail.com,rameshbhandari@gmail.com,
,Ramesh,Rabadiya,GoldenSource,,,
,Reema,Doshi,Kingsway Tyres Ltd,reema@doshi.cc: reema@doshi.cc,reema@doshi.cc,
,Richard,Arnold,salesforce.com,richard1arnold@hotmail.co.uk: richard1arnold@hotmail.co.uk,richard1arnold@hotmail.co.uk,
,Richard,Helliar,Snow Software,richard_helliar@yahoo.co.uk: richard_helliar@yahoo.co.uk,richard_helliar@yahoo.co.uk,
,Richard,Masterson,Hewlett-Packard,richardmasterson7@gmail.com: richardmasterson7@gmail.com,richardmasterson7@gmail.com,
,Richard,Neale,Birst,richard.neale@gmail.com: richard.neale@gmail.com,richard.neale@gmail.com,
,Richard,Raistrick,CHP Consulting,,,
,Richard,Stock,EXASOL AG,rstockuk@aol.com: rstockuk@aol.com,rstockuk@aol.com,
,Rich,Shelley,Objectivity,rich.shelley@objectivity.com: rich.shelley@objectivity.com,rich.shelley@objectivity.com,
,Rikard,Florin,Telenor Connexion,rikard.b.florin@telenor.com: rikard.b.florin@telenor.com,rikard.b.florin@telenor.com,
,Rob,Alport,Level 3 Communications,robert.alport@hotmail.co.uk: robert.alport@hotmail.co.uk,robert.alport@hotmail.co.uk,
,Rob,Baxter,ExactTarget,barktwice.rb@gmail.com: barktwice.rb@gmail.com,barktwice.rb@gmail.com,
,Robert Julian,Smith,Intelligent Positioning,,,
,Roberto,Tavano,Unisys Corporation,rtavano777@gmail.com: rtavano777@gmail.com,rtavano777@gmail.com,
,Robert Van,Brewster,"Twilio, Inc.",rbrewster@twilio.com: rbrewster@twilio.com,rbrewster@twilio.com,
,Robina A.,Verbeek,State Street Global Advisors Limited,raverbeek@statestreet.com: raverbeek@statestreet.com,raverbeek@statestreet.com,+44 755 117 0108: +44 755 117 0108
,Robin,Wright,ForgeRock,robin.a.wright@gmail.com: robin.a.wright@gmail.com,robin.a.wright@gmail.com,
,Rob,McNeill,Datawatch Corporation,rob.mcneill@yahoo.co.uk: rob.mcneill@yahoo.co.uk,rob.mcneill@yahoo.co.uk,
,Rocco,Quaglietti,Progress Software,rocco_quaglietti@yahoo.com: rocco_quaglietti@yahoo.com,rocco_quaglietti@yahoo.com,
,Rolf,Huber,Quartet FS / ActivePivot,rhuber@alum.mit.edu: rhuber@alum.mit.edu,rhuber@alum.mit.edu,
,Romain,Picard,Cloudera,romainpicard2014@gmail.com: romainpicard2014@gmail.com,romainpicard2014@gmail.com,
,Romy,Miller,GAIL's Artisan Bakery,romy.miller@gmail.com: romy.miller@gmail.com,romy.miller@gmail.com,
,Sacha,Law,Network Rail,sacha_law@yahoo.com: sacha_law@yahoo.com,sacha_law@yahoo.com,
,Sadia,Kaiser,Car Phone Warehouse,Work: sadia.kaiser@bestbuy.co.uk,sadia.kaiser@bestbuy.co.uk,
,Saikat,Mazumdar,Tata Consultancy Services,saikat.mazumdar@tcs.com: saikat.mazumdar@tcs.com,saikat.mazumdar@tcs.com,
,Sally,Keane,LinkedIn,skeane@linkedin.com: skeane@linkedin.com,skeane@linkedin.com,
,Sally,Lenihan,IBM,,,
,Sally,Macdonald,Chaucer Direct,jsc.macdonald@virgin.net: jsc.macdonald@virgin.net,jsc.macdonald@virgin.net,
,Sally,Sheppard,The Football Association (FA),,,
,Sami,"Gharres, PhD",Intraway Corp.,,,
,Sandrine,Decroix,Dell EMC,sdroineau@yahoo.com: sdroineau@yahoo.com,sdroineau@yahoo.com,
,Sandrine,Jacquot,Wolters Kluwer,sandrine.jacquot@wolterskluwer.com: sandrine.jacquot@wolterskluwer.com,sandrine.jacquot@wolterskluwer.com,
,Sarita,Bahety,Cognizant Technology Solutions,bahetysarita@gmail.com: bahetysarita@gmail.com,bahetysarita@gmail.com,
,Schalk,Viljoen,SAP,Schalk.viljoen@sap.com: Schalk.viljoen@sap.com,Schalk.viljoen@sap.com,
,Scott,Clendaniel,MarketOne International,SClendaniel@MarketOne.com: SClendaniel@MarketOne.com,SClendaniel@MarketOne.com,
,Sean,Gregan,salesforce.com,sg91820@gmail.com: sg91820@gmail.com,sg91820@gmail.com,
,Shane,Foster,Microsoft,shfoster@microsoft.com: shfoster@microsoft.com,shfoster@microsoft.com,
,Shane,Rigby,bigstep,shane.rigby@bigstep.com: shane.rigby@bigstep.com,shane.rigby@bigstep.com,
,Shanker,Trivedi,NVIDIA,shanker.trivedi@gmail.com: shanker.trivedi@gmail.com,shanker.trivedi@gmail.com,
,Shrikesh,Pabari,UBS Limited,,,
,Simon,Lansley,Street League,simonlansley@connectsport.co.uk: simonlansley@connectsport.co.uk,simonlansley@connectsport.co.uk,
,Simon,Lappin,Jive Software,simon_lappin@hotmail.com: simon_lappin@hotmail.com,simon_lappin@hotmail.com,
,Sinead,Mallon,,,,
,Sophie,Troistorff,BT,stroistorff@yahoo.com: stroistorff@yahoo.com,stroistorff@yahoo.com,
,Stefan,Riedel,Orange Switzerland,Work: stefan.riedel@orange.ch,stefan.riedel@orange.ch,
,Stephen,Line,Cloudera,Stephen_line@yahoo.co.uk: Stephen_line@yahoo.co.uk,Stephen_line@yahoo.co.uk,
,Stephen,Wynne-Jones,,,,
,Steve,Brant,Pentaho,steve_brant@hotmail.com: steve_brant@hotmail.com,steve_brant@hotmail.com,
,Steve,Cogan,Salesforce Marketing Cloud,steve.cogan@googlemail.com: steve.cogan@googlemail.com,steve.cogan@googlemail.com,
,Steve,Elmore,Convo.com,selmore@planetelmore.com: selmore@planetelmore.com,selmore@planetelmore.com,
,Steve,Gaines,Red Hat,steve.gaines@yahoo.co.uk: steve.gaines@yahoo.co.uk,steve.gaines@yahoo.co.uk,
,Steve,Golding,BSM Global Pty Ltd,"steve@vantagepointadvisory.com.au: steve@vantagepointadvisory.com.au
steve@vantagepointadvisory.com.au: steve@vantagepointadvisory.com.au","steve@vantagepointadvisory.com.au, steve@vantagepointadvisory.com.au",
,Steven,Killeen,Oracle,steven_killeen@me.com: steven_killeen@me.com,steven_killeen@me.com,
,Steven,Simon,SAP,,,
,Stewart,Wilson,EMC,stewart.wilson@emc.com: stewart.wilson@emc.com,stewart.wilson@emc.com,
,Stuart,Browne,Hiring Hub,,,
,Stuart,Dommett,Intel Corporation,stuart.dommett@intel.com: stuart.dommett@intel.com,stuart.dommett@intel.com,
,Stuart,Lamb,Tata Consultancy Services,stuart.lamb@tcs.com: stuart.lamb@tcs.com,stuart.lamb@tcs.com,
,Stuart,Thomas Marshall,Jive Software,stuart_887@hotmail.com: stuart_887@hotmail.com,stuart_887@hotmail.com,
,Sue,Pryce,Sigmavision Ltd,soopryce@gmail.com: soopryce@gmail.com,soopryce@gmail.com,
,Suhela,Dighe,EMC,dighe_suhela@emc.com: dighe_suhela@emc.com,dighe_suhela@emc.com,
,Surein,Edwards,HubSpot,sedwards@hubspot.com: sedwards@hubspot.com,sedwards@hubspot.com,
,Tafadzwa,Bimha,Adobe,tafadzwabimha@gmail.com: tafadzwabimha@gmail.com,tafadzwabimha@gmail.com,
,Tanmaya,Varma,SAP,tanmaya.varma@gmail.com: tanmaya.varma@gmail.com,tanmaya.varma@gmail.com,
,Tatyana,Sychova,Clarion Training,tatyana.bakhmach@gmail.com: tatyana.bakhmach@gmail.com,tatyana.bakhmach@gmail.com,
,Thierry,Pelissier,SFR,Work: thierry.pelissier@sfr.com,thierry.pelissier@sfr.com,
,Thomas,Donovan,Cloudera,ThomasJDonovan@yahoo.com: ThomasJDonovan@yahoo.com,ThomasJDonovan@yahoo.com,
,Thomas,Malleschitz,Drei (H3G) Austria,Work: thomas.malleschitz@drei.com,thomas.malleschitz@drei.com,
,Thomas,Waterman-Smith,Pentaho,tom_watermansmith@hotmail.co.uk: tom_watermansmith@hotmail.co.uk,tom_watermansmith@hotmail.co.uk,
,Tiffany,St James,Transmute,tiffany@wetransmute.com: tiffany@wetransmute.com,tiffany@wetransmute.com,
,Tim,Freystedt,Amazon,,,
,Tim,Harris,Talend,timothy.harris@mac.com: timothy.harris@mac.com,timothy.harris@mac.com,
,Tim,Keelan,SAVO,tim.keelan@gmail.com: tim.keelan@gmail.com,tim.keelan@gmail.com,
,Tim,Pointing,Self Employed Sales Consultant,,,
,Tim,Rudlin,FusionExperience Ltd,tim.rudlin@fusion-experience.com: tim.rudlin@fusion-experience.com,tim.rudlin@fusion-experience.com,
,Tim,Taylor,Sky,tim.taylor@bskyb.com: tim.taylor@bskyb.com,tim.taylor@bskyb.com,
,Tim,Wheatley,"Okta, Inc.",timothywheatley@hotmail.com: timothywheatley@hotmail.com,timothywheatley@hotmail.com,
,Toby,Potter,DataSift,,,
,Toby,Woolfe,International Business Machines,toby_woolfe@hotmail.com: toby_woolfe@hotmail.com,toby_woolfe@hotmail.com,
,Tom,Elliott,Jive Software,tom@elliotts.eu: tom@elliotts.eu,tom@elliotts.eu,
,Tom,Hughes,Manchester United,tom.hughes@manutd.co.uk: tom.hughes@manutd.co.uk,tom.hughes@manutd.co.uk,
,Tom,Mack,Qubole,tom@qubole.com: tom@qubole.com,tom@qubole.com,
,Tom,McGovern,Qubole,mcgovernfamily@me.com: mcgovernfamily@me.com,mcgovernfamily@me.com,
,Tony,Redding,TekLink International,tonyredding87@btinternet.com: tonyredding87@btinternet.com,tonyredding87@btinternet.com,
,Tony,Thuy,IBM,tony2e2e@yahoo.co.uk: tony2e2e@yahoo.co.uk,tony2e2e@yahoo.co.uk,
,Tracy,Beighton,salesforce.com,tracy.beighton@gmail.com: tracy.beighton@gmail.com,tracy.beighton@gmail.com,
,Tracy,Lamb,PlanITROI,TracyELamb@gmail.com: TracyELamb@gmail.com,TracyELamb@gmail.com,
,Trista,Clarke,The Car Phone Warehouse Group plc,Work: trista.clarke@bestbuy.co.uk,trista.clarke@bestbuy.co.uk,
,Veena,Dhillon,PayPal,veena_dhillon@yahoo.com: veena_dhillon@yahoo.com,veena_dhillon@yahoo.com,
,Vera,Wolf,Jive Software,vera-wolf@gmx.net: vera-wolf@gmx.net,vera-wolf@gmx.net,
,Vicki,Chan,Markit,vickizchan@gmail.com: vickizchan@gmail.com,vickizchan@gmail.com,
,Vincent,Van Acker,Toyota Motor Italia,Vincent.Van.Acker@Toyota-Europe.com: Vincent.Van.Acker@Toyota-Europe.com,Vincent.Van.Acker@Toyota-Europe.com,390660230.6: 390660230.6
,Vinne,Schifferstein Vidal,Pearson English,vinne.schifferstein@gmail.com: vinne.schifferstein@gmail.com,vinne.schifferstein@gmail.com,
,Vittorio,Guerci,RS Components,,,
,Vivek,Thadhani,Luxury Hotels Group,,,
,Volker,Tegtmeyer,Cisco,volker_tegtmeyer@hotmail.com: volker_tegtmeyer@hotmail.com,volker_tegtmeyer@hotmail.com,
,Warren,Ransome,Bytes Software Services,w.ransome@btinternet.com: w.ransome@btinternet.com,w.ransome@btinternet.com,
,Wei,Guan,Oracle,wguan99@yahoo.com: wguan99@yahoo.com,wguan99@yahoo.com,
,Wendy,Tarr,EY,WTarr@uk.ey.com: WTarr@uk.ey.com,WTarr@uk.ey.com,
,Will,Garton-Jones,Loxley Resources Ltd,,,
,William,Benn,WB Interactive,wjbenn@hotmail.com: wjbenn@hotmail.com,wjbenn@hotmail.com,
,Wim,Stoop,Jive Software,wim.stoop@gmail.com: wim.stoop@gmail.com,wim.stoop@gmail.com,
,Yana,Mazurova,MTS,Work: yamaz@mts.ru,yamaz@mts.ru,
,Yvette,Dainton,Saggezza,ydainton@hotmail.com: ydainton@hotmail.com,ydainton@hotmail.com,
,Zaf,Khan,Pentaho,zaffydoo@hotmail.com: zaffydoo@hotmail.com,zaffydoo@hotmail.com,
,Zarah,Al-Kudcy,ECB (English Cricket Board),,,
,Zoe,"Mandich, PhD, MBA",Arkadin,Zoe@bahrami.co.uk: Zoe@bahrami.co.uk,Zoe@bahrami.co.uk,
,Zuzanna 'Suz',Pasierbinska-Wilson,DataSift,zuzannawilson@gmail.com: zuzannawilson@gmail.com,zuzannawilson@gmail.com,
