PHOTO URL,FIRST NAME,LAST NAME,ORGANIZATION,EMAIL,EMAIL (PLAIN),PHONE
,Alex,Matei,Bupa,,,
,Andres,Martin Diana,Bupa,amdiana@gmail.com: amdiana@gmail.com,amdiana@gmail.com,
,Andrew,EASTON,Bupa,andrew.easton@bupa.com.sg: andrew.easton@bupa.com.sg,andrew.easton@bupa.com.sg,
,Anup,Kabra,Bupa,Work: registeronnet@gmail.com,registeronnet@gmail.com,
,Chris,Evans,AstraZeneca UK Limited,Work: Christopher.evans@astrazeneca.com,Christopher.evans@astrazeneca.com,
,Christopher P,Campbell,The Buckinghamshire Group,Work: chris.campbell@royalbucks.co.uk,chris.campbell@royalbucks.co.uk,"Work: +447768905450
Work: +441296678800"
,Colin,Shenoy,Bupa,colin@shenoy.org.uk: colin@shenoy.org.uk,colin@shenoy.org.uk,
,Daniel,Thull,Johnson & Johnson,Work: dthull@its.jnj.com,dthull@its.jnj.com,"Work: +415823153063
Work: +41797680025"
,Danny,Maddox,Intiva Health,None: danny@intivahealth.com,danny@intivahealth.com,
,David,Diamond,Getinge Group,Work: david.diamond@getinge.com,david.diamond@getinge.com,
,David,Prior,GlaxoSmithKline,davidsprior@gmail.com: davidsprior@gmail.com,davidsprior@gmail.com,
,David,Simpson,AstraZeneca UK Limited,Email: david.simpson1@astrazeneca.com,david.simpson1@astrazeneca.com,Mobile: +44 7824414811
https://media.licdn.com/mpr/mpr/shrinknp_400_400/AAEAAQAAAAAAAAlAAAAAJGIxZWZkNjUzLWE5ZjktNDcxYy05ODNiLTc2ZGQ2MWM3YmM4YQ.jpg,Dimitrios,Velmachos,Bupa,"Personal: dvelmachos@gmail.com
Work: dimitrios.velmachos@bupa.com","dvelmachos@gmail.com, dimitrios.velmachos@bupa.com","Work: +44 20 7656 2623
Mobile: +44 773 627 9631"
,Ian,Dunkin,GlaxoSmithKline,ian.m.dunkin@gsk.com: ian.m.dunkin@gsk.com,ian.m.dunkin@gsk.com,
,Jason,Swift,AstraZeneca UK Limited,Work: jason.swift@astrazeneca.com,jason.swift@astrazeneca.com,Global HQ: +44 20 7604 8000
,Jeordan,Legon,Novartis,jeordan@jlegon.com: jeordan@jlegon.com,jeordan@jlegon.com,
,Ken,Nessel,Pfizer,"Work: ken.nessel@pfizer.com
None: ken.nessel@pfizer.com","ken.nessel@pfizer.com, ken.nessel@pfizer.com",
,Kimball,Wilkins,Blue Shield of California,kimball.wilkins@blueshieldca.com: kimball.wilkins@blueshieldca.com,kimball.wilkins@blueshieldca.com,
,Laura,Bond,Alliance Boots GmbH,Laura.Bond@boots.co.uk: Laura.Bond@boots.co.uk,Laura.Bond@boots.co.uk,
,Lorenzo,DI Paola,Bupa,lor.dipaola@icloud.com: lor.dipaola@icloud.com,lor.dipaola@icloud.com,
,Lucy,Frith,GlaxoSmithKline,lf7222@yahoo.co.uk: lf7222@yahoo.co.uk,lf7222@yahoo.co.uk,
,Malik,Akhtar,Bayer HealthCare,malik.akhtar@bayer.com: malik.akhtar@bayer.com,malik.akhtar@bayer.com,
,Mark,Ramsey,GlaxoSmithKline,,,+1 817 304 9562: +1 817 304 9562
,Matthew,Lawrey-Baker,St Andrew's Healthcare,,,
https://media.licdn.com/mpr/mpr/shrinknp_400_400/p/6/005/053/177/36398db.jpg,Matthew,Salzmann,Pfizer,Work: matthew.salzmann@pfizer.com,matthew.salzmann@pfizer.com,
,Milind,Kamkolkar,Novartis,milind.kam@gmail.com: milind.kam@gmail.com,milind.kam@gmail.com,
,Noel,Ortiz,Novartis,noelortiz@gmail.com: noelortiz@gmail.com,noelortiz@gmail.com,
,Paul Zollinger-Read,Cbe,Bupa,pall.zollinger-read@bupa.com: pall.zollinger-read@bupa.com,pall.zollinger-read@bupa.com,
,Phil,Martucci,AstraZeneca UK Limited,Philip.Martucci@astrazeneca.com: Philip.Martucci@astrazeneca.com,Philip.Martucci@astrazeneca.com,
,Richard,Hollingsworth,GlaxoSmithKline,rhollingsworth@btinternet.com: rhollingsworth@btinternet.com,rhollingsworth@btinternet.com,
,Richard,Porter,AstraZeneca UK Limited,RichSelina@gmail.com: RichSelina@gmail.com,RichSelina@gmail.com,
,Robert,Harrison,DDB Tribal Healthcare,None: robert.harrison27@btinternet.com,robert.harrison27@btinternet.com,
,Roberto,Nard,Chartis Europe LTD,roberto.nard@aig.com: roberto.nard@aig.com,roberto.nard@aig.com,
,Saffron,Prior,AstraZeneca UK Limited,saffron.prior@astrazeneca.com: saffron.prior@astrazeneca.com,saffron.prior@astrazeneca.com,
https://media.licdn.com/mpr/mpr/shrinknp_400_400/p/4/000/12d/142/1f862bc.jpg,Sascha,Mundstein,Pfizer,Work: Sascha.Mundstein@pfizer.com,Sascha.Mundstein@pfizer.com,
,Simon,Roach,GlaxoSmithKline,Work: simon.m.roach@gsk.com,simon.m.roach@gsk.com,
,Steven,Woodward,AstraZeneca UK Limited,Work: Steven.woodward@astrazeneca.com,Steven.woodward@astrazeneca.com,
,Umran,Rafi,St Andrew's Healthcare,Work: URafi@standrew.co.uk,URafi@standrew.co.uk,"Switchboard: +44  1604 616000 
mobile: +44 7500 300 400 "
,Zog,Gibbens,Alliance Boots GmbH,zog.gibbens@boots.co.uk: zog.gibbens@boots.co.uk,zog.gibbens@boots.co.uk,7557319948: 00447557319948
