PHOTO URL,FIRST NAME,LAST NAME,ORGANIZATION,EMAIL,EMAIL (PLAIN),PHONE
,Adam,Butt,Emerald Group Publishing Limited,Work: abutt@emeraldinsight.com,abutt@emeraldinsight.com,
,Adam,Swidler,Google,aswidler@yahoo.com: aswidler@yahoo.com,aswidler@yahoo.com,
,Adesola,Akindele,More Media Company,asakindele@gmail.com: asakindele@gmail.com,asakindele@gmail.com,
,Ailert,Riemersma,Novim Media,Work: ailert@live.nl,ailert@live.nl,
,Alex,Chelmis,Sky,alex@chelmis.com: alex@chelmis.com,alex@chelmis.com,
,Alex,Kuhnel,Kantar Media,,,
,Alistair,Read,Google,None: arwread@gmail.com,arwread@gmail.com,
,Alkesh,"Shah, MBA, FCMI",GroupM,al@messaging.co.uk: al@messaging.co.uk,al@messaging.co.uk,
,Allan,Schoenberg,Bloomberg LP,allan.schoenberg@gmail.com: allan.schoenberg@gmail.com,allan.schoenberg@gmail.com,
,Allister,Frost,Hootsuite Media Inc.,,,
,Andrew,Deykin,Havas Media,andrew.deykin@gmail.com: andrew.deykin@gmail.com,andrew.deykin@gmail.com,
,Andrew,Durrant,Thomson Reuters,andrew.durrant@ubs.com: andrew.durrant@thomsonreuters.com,andrew.durrant@thomsonreuters.com,
,Andrew,Sanders,IPC Media,andrew.sanders@timeinc.com: andrew.sanders@timeinc.com,andrew.sanders@timeinc.com,
,Andrew,Tardogno,Argus Media,atardogno@gmail.com: atardogno@gmail.com,atardogno@gmail.com,
,Andy,Rogers,Mediatech Solutions,andy@rokkerconsulting.com: andy@rokkerconsulting.com,andy@rokkerconsulting.com,
,Angelena,Lee,Thomson Reuters,Work: angelenalee@gmail.com,angelenalee@gmail.com,
,Anita,Tadayon,Sky,anitatadayon@yahoo.com: anitatadayon@yahoo.com,anitatadayon@yahoo.com,
,Ashish,Jain,Sky,ashishjain1979@hotmail.com: ashishjain1979@hotmail.com,ashishjain1979@hotmail.com,
,Ashley,Cooper,Thomson Reuters,ash_mute@yahoo.co.uk: ash_mute@yahoo.co.uk,ash_mute@yahoo.co.uk,
,Ashley,Hindmarsh,BBC,ash+linked@best-scarper.co.uk: ash+linked@best-scarper.co.uk,ash+linked@best-scarper.co.uk,
,Ashvin,Varsani,Thomson Reuters,ashvin.varsani@thomsonreuters.com: ashvin.varsani@thomsonreuters.com,ashvin.varsani@thomsonreuters.com,
,Barak,Regev,Google,,,
,Ben,Barokas,Google,benbarokas@gmail.com: benbarokas@gmail.com,benbarokas@gmail.com,
,Ben,Dudley,Havas Media,ben_r_dudley@hotmail.com: ben_r_dudley@hotmail.com,ben_r_dudley@hotmail.com,
,Ben,Hewitt,Starcom MediaVest Group,benhewittuk@gmail.com: benhewittuk@gmail.com,benhewittuk@gmail.com,
,Beth,Piercy,PEI Media,beth.piercy@gmail.com: beth.piercy@gmail.com,beth.piercy@gmail.com,
,Bill,Kohler,DENTSU AEGIS NETWORK LTD.,williampaulkohler@yahoo.com: williampaulkohler@yahoo.com,williampaulkohler@yahoo.com,
,Bjoern,Negelmann,Kongress Media GmbH,bn@kongressmedia.de: bn@kongressmedia.de,bn@kongressmedia.de,
,Bob,Bailey,Thomson Reuters,bob.bailey@reuters.com: bob.bailey@reuters.com,bob.bailey@reuters.com,
,Bob,Grove,Edelman,Work: bob.grove@edelman.com,bob.grove@edelman.com,
,Brennan,Carley,Thomson Reuters,brennan.carley@protonadvisors.com: brennan.carley@protonadvisors.com,brennan.carley@protonadvisors.com,
,Brian,Coffey,Google,bcoffey@google.com: bcoffey@google.com,bcoffey@google.com,
,Brian,Ulm,DIRECTV,ulmbrian@gmail.com: ulmbrian@gmail.com,ulmbrian@gmail.com,
,Briony,Lammas,Incisive Media,,,
,Bruno,Bonacci,Channel 4,bonacci.bruno@gmail.com: bonacci.bruno@gmail.com,bonacci.bruno@gmail.com,
https://media.licdn.com/media/AAEAAQAAAAAAAAWyAAAAJDJkYzg2NTU2LTQzNTYtNDQ4OC05ZjZiLTc1ZDc3YzlhNGMyNg.jpg,Cait,O'Riordan,Financial Times,,,
,Cara,Delaney,Bloomberg LP,Work: c.delaney@bloomberg.com,c.delaney@bloomberg.com,
,Carl,Fernandes,iProspect (Dentsu Aegis Network),fernandes_carl@yahoo.co.uk: fernandes_carl@yahoo.co.uk,fernandes_carl@yahoo.co.uk,
,Caroline,Fuellberg,CloserStill Media,Work: caroline.fuellberg@closerstillmedia.com,caroline.fuellberg@closerstillmedia.com,
,Casey,Harwood,Engage Sports Media,caseypharwood@gmail.com: caseypharwood@gmail.com,caseypharwood@gmail.com,
,Charlie,Palmer,Channel 4,Work: cpalmer@channel4.co.uk,cpalmer@channel4.co.uk,
,Chitrajit,Chakraariti,Times of Money,chitrajitc@timesofmoney.com: chitrajitc@timesofmoney.com,chitrajitc@timesofmoney.com,
,Chris,Chapman,Centaur Media Plc,,,
,Chris,Gill,Marquis Media Partners LLP,chris.gill@gilltech.co.uk: chris.gill@gilltech.co.uk,chris.gill@gilltech.co.uk,
,Christian,Young,Intermediated Services Ltd,christian.young@dalesridge.co.uk: christian.young@dalesridge.co.uk,christian.young@dalesridge.co.uk,
,Christine,Ashton,Thomson Reuters,,,
https://media.licdn.com/mpr/mpr/shrinknp_400_400/AAEAAQAAAAAAAAXxAAAAJDFjYjYzNTU3LTcwMTktNDJhZi1iNmVlLWZjYWEyYzJhNjUzYw.jpg,Christopher,Thorogood,Telegraph Media Group,,,
,Ciaran,Doody,Thomson Reuters,ciaran.doody@thomsonreuters.com: ciaran.doody@thomsonreuters.com,ciaran.doody@thomsonreuters.com,
,Claudia,Palmer,Thomson Reuters,Work: claudia.palmer@thomsonreuters.com,claudia.palmer@thomsonreuters.com,"Work: +44 20 7542 7295
Mobile: +447919572516"
,Damian,Ryan,Mediaventura,dryan@mediaventura.com: dryan@mediaventura.com,dryan@mediaventura.com,
,Dan,Brooke,Channel 4,Work: dbrooke@channel4.co.uk,dbrooke@channel4.co.uk,
,Dan,Hosford,Google,dhosford81@gmail.com: dhosford81@gmail.com,dhosford81@gmail.com,
,Daniel,Fox,Sky,daniel.fox@theiet.org: daniel.fox@theiet.org,daniel.fox@theiet.org,
,Danielle,Ward,Thomson Reuters,ward.danielle@googlemail.com: ward.danielle@googlemail.com,ward.danielle@googlemail.com,
,Daniel,Watts,Next Dimension Media,daniel.watts@synergemrecruitment.com: daniel.watts@synergemrecruitment.com,daniel.watts@synergemrecruitment.com,
,Danish,Chan,Grey Australia,danishkc@gmail.com: danishkc@gmail.com,danishkc@gmail.com,
,Dan,Saunders,Google,dansaunders@google.com: dansaunders@google.com,dansaunders@google.com,
,Dan,West,FCB Inferno,dandelwest1@aol.com: dandelwest1@aol.com,dandelwest1@aol.com,
,Darren,Goldie,Havas Media,darren@darrengoldie.com: darren@darrengoldie.com,darren@darrengoldie.com,
,Darshan,Chandarana,Deloitte Digital,darsh63@hotmail.com: darsh63@hotmail.com,darsh63@hotmail.com,
,David,Armano,Edelman,davidarmano@gmail.com: davidarmano@gmail.com,davidarmano@gmail.com,
,David,Brain,Edelman,,,
,David,Fletcher,MEC,Work: David.Fletcher@mecglobal.com,David.Fletcher@mecglobal.com,
,David,Gardner,Tinyglobe,None: davega@tinyglobe.net,davega@tinyglobe.net,
,David,Goldsmith,Sky,david.goldsmith@skyiq.co.uk: david.goldsmith@skyiq.co.uk,david.goldsmith@skyiq.co.uk,
,David,Keene,Google,dkeene@google.com: dkeene@google.com,dkeene@google.com,
,David,Peller,Google,david@pellerpost.com: david@pellerpost.com,david@pellerpost.com,
,David,Wheeldon,Sky,david.wheeldon@bskyb.com: david.wheeldon@bskyb.com,david.wheeldon@bskyb.com,
,Diana,Janicki,TBWA PW,djanicki@btinternet.com: djanicki@btinternet.com,djanicki@btinternet.com,
,Doug,Ray,Carat,doug.ray@carat.com: doug.ray@carat.com,doug.ray@carat.com,
,Dr. Barnabas,"Acs, Ph.D.",Thomson Reuters,barnabas.acs@reuters.com: barnabas.acs@reuters.com,barnabas.acs@reuters.com,
,Drew,Winkelman,Hootsuite Media Inc.,winkelman@mac.com: winkelman@mac.com,winkelman@mac.com,
,Dr Shini,Somara,Sky,,,
,Dru,Masters,PRS for Music,Work: dru@drumasters.com,dru@drumasters.com,Work: 07758130013
,Dunstan,Rickard,Addvantage Media,dunstan_rickard@hotmail.com: dunstan_rickard@hotmail.com,dunstan_rickard@hotmail.com,
,Elisabeth,Ling,Elsevier,,,
,Emmanuel,Adeyemi,Financial Times,Work: emmanuel.adeyemi@ft.com,emmanuel.adeyemi@ft.com,
,Ezra,Cohen,Lucid Circus,Work: ezra@lucidcircus.com,ezra@lucidcircus.com,
,Francesco,Cara,SapientNitro,frakara@gmail.com: frakara@gmail.com,frakara@gmail.com,
,Fred,Bolza,Sony Music Entertainment,Federico.Bolza@sonymusic.com: Federico.Bolza@sonymusic.com,Federico.Bolza@sonymusic.com,
,Gary,Sheynkman,Abu Dhabi Media Company (ADM),gary@sheynk.com: gary@sheynk.com,gary@sheynk.com,
,Gavin,Whitechurch,Informa Telecoms & Media,gavin.whitechurch@informa.com: gavin.whitechurch@informa.com,gavin.whitechurch@informa.com,
,Geoff,Cubitt,Isobar U.S.,,,
,Georgina,Davidson,Incisive Media,g-davidson17@hotmail.co.uk: g-davidson17@hotmail.co.uk,g-davidson17@hotmail.co.uk,
,Gianluca,D'Aniello,Associated Press,Email:gdaniello@ap.org: gdaniello@ap.org,gdaniello@ap.org,"Mobile:: +1 (917) 628-0155
Work: +1 (212) 621-7182"
,Giles,Pavey,dunnhumby,giles.pavey@dunnhumby.com: giles.pavey@dunnhumby.com,giles.pavey@dunnhumby.com,2088329442: 2088329442
,Gina,Blaber,"O'Reilly Media, Inc.",gina@oreilly.com: gina@oreilly.com,gina@oreilly.com,
,Graham,Bryce,Bauer Media,graham.bryce@bauermedia.co.uk: graham.bryce@bauermedia.co.uk,graham.bryce@bauermedia.co.uk,
,Hannah,Mirza,MediaCom,hannah.evershed@gmail.com: hannah.evershed@gmail.com,hannah.evershed@gmail.com,
,Howell,Wong,JWT,howell.wong@gmail.com: howell.wong@gmail.com,howell.wong@gmail.com,
,Ian,Gibbs,The Guardian,Work: ian.gibbs@theguardian.com,ian.gibbs@theguardian.com,
,Ian,Springett,Mediaforce Group,ispringett@mediaforce.co.uk: ispringett@mediaforce.co.uk,ispringett@mediaforce.co.uk,
,Ilicco,Elia,DigitasLBi,ili@ilicco.com: ili@ilicco.com,ili@ilicco.com,
,Inessa,Collier,Bloomberg LP,icollier1@bloombert.net: icollier1@bloombert.net,icollier1@bloombert.net,2035259880: 2035259880
,Irina,Gaspar,Incisive Media,irina_gaspar@yahoo.com: irina_gaspar@yahoo.com,irina_gaspar@yahoo.com,
,Itay,Haber,Google,itay.haber@gmail.com: itay.haber@gmail.com,itay.haber@gmail.com,
,Jack T. Y.,Lin,MediaTek,,,
,James,Cantarella,Thomson Reuters,jjcantar@gmail.com: jjcantar@gmail.com,jjcantar@gmail.com,
,James,Medd,Hootsuite Media Inc.,james.medd@gmail.com: james.medd@gmail.com,james.medd@gmail.com,
,James,Ollunga,MediaVest,ollunga@gmail.com: ollunga@gmail.com,ollunga@gmail.com,
,James,Shepherd,Thomson Reuters,james.shepherd@thomsonreuters.com: james.shepherd@thomsonreuters.com,james.shepherd@thomsonreuters.com,
,Jan,Hagen,Thomson Reuters,jan.hager@thomsonreuters.com: jan.hager@thomsonreuters.com,jan.hager@thomsonreuters.com,8700426400: 8700426400
,Jason,Levin,Carat,jasonalevin@yahoo.com: jasonalevin@yahoo.com,jasonalevin@yahoo.com,
,JB,Brokaw,iProspect (Dentsu Aegis Network),jb.brokaw@iprospect.com: jb.brokaw@iprospect.com,jb.brokaw@iprospect.com,
,Jem,Lloyd-Williams,Vizeum UK,jem.lloyd-williams@vizeum.com: jem.lloyd-williams@vizeum.com,jem.lloyd-williams@vizeum.com,
,Jennifer,Draper,Ketchum,jennifer.draper@ketchumpleon.com: jennifer.draper@ketchumpleon.com,jennifer.draper@ketchumpleon.com,
,Joao,Costa,OsneyMedia,jay@osneymedia.com: jay@osneymedia.com,jay@osneymedia.com,
,Joe,Boorman,Sky,joe@joeboorman.com: joe@joeboorman.com,joe@joeboorman.com,
,Johan,van Dam,Bulldog Media,Work: info@bulldogmedia.nl,info@bulldogmedia.nl,
,John,Barnes,Incisive Media,john.barnes@incisivemedia.com: john.barnes@incisivemedia.com,john.barnes@incisivemedia.com,
,John,Cronogue,DENTSU AEGIS NETWORK LTD.,j.cronogue@att.net: j.cronogue@att.net,j.cronogue@att.net,
https://media.licdn.com/mpr/mpr/shrinknp_400_400/AAEAAQAAAAAAAAmHAAAAJGU3YWU5YzYwLTc3NmEtNDRmMy1iZWJkLTUwNTA2ZTgxZmE0Mg.jpg,John,Kundert,Financial Times,,,
,John,Mason,Bloomberg LP,john.mason@mail2web.com: john.mason@mail2web.com,john.mason@mail2web.com,
,John,O'Donovan,Financial Times,jod@badhangover.net: jod@badhangover.net,jod@badhangover.net,
,John,Telford,Channel 4,JTelford@Channel4.co.uk: JTelford@Channel4.co.uk,JTelford@Channel4.co.uk,
,Jonathan,Crawford,Thomson Reuters,jon.crawford@outlook.com: jon.crawford@outlook.com,jon.crawford@outlook.com,
,Jonathan,Lyon,DigitasLBi,jonathan.lyon@gmail.com: jonathan.lyon@gmail.com,jonathan.lyon@gmail.com,
,Jordan,Campbell,Ketchum,,,
,Josephine,Cennamo,DENTSU AEGIS NETWORK LTD.,Josephine.Cennamo@dentsuaegis.com: Josephine.Cennamo@dentsuaegis.com,Josephine.Cennamo@dentsuaegis.com,
,Joseph,Nathan,News UK,Work: joseph.nathan@news.co.uk,joseph.nathan@news.co.uk,
,Joseph,Smith,Hootsuite Media Inc.,joseph_smith@hotmail.fr: joseph_smith@hotmail.fr,joseph_smith@hotmail.fr,
,Julian,Elliott,DENTSU AEGIS NETWORK LTD.,"julian.elliott@dentsuaegis.com: julian.elliott@dentsuaegis.com
julian.elliott@dentsuaegis.com: julian.elliott@dentsuaegis.com","julian.elliott@dentsuaegis.com, julian.elliott@dentsuaegis.com",+44 7770 733310: +44 7770 733310
,Julian,Wicht,Bertelsmann,Work: julian.wicht@bertelsmann.de,julian.wicht@bertelsmann.de,
,,ka,Financial Times,None: kag@gmail.com,kag@gmail.com,
,Karen,Stacey,Digital Cinema Media,karen.stacey@dcm.co.uk: karen.stacey@dcm.co.uk,karen.stacey@dcm.co.uk,
,Katarina,Micuchova,CloserStill Media,k.micuchova@closerstillmedia.com: k.micuchova@closerstillmedia.com,k.micuchova@closerstillmedia.com,
,Kateryna,Ryzhova,Incisive Media,kateryna.ryz@gmail.com: kateryna.ryz@gmail.com,kateryna.ryz@gmail.com,
,Katie,Jenkins,Google,knjenkins@gmail.com: knjenkins@gmail.com,knjenkins@gmail.com,
,Kavita,Haldia,Bloomberg LP,kavita_haldia2001@yahoo.com: kavita_haldia2001@yahoo.com,kavita_haldia2001@yahoo.com,
,Keran,Boyd,The Media Briefing,Work: keran101@gmail.com,keran101@gmail.com,
,Kevin,Sulley,Thomson Reuters,kevsulley@googlemail.com: kevsulley@googlemail.com,kevsulley@googlemail.com,
,Kishor,Parmar,Asian Business Publications Ltd,kishor@abplgroup.com: kishor@abplgroup.com,kishor@abplgroup.com,
,Laura,Jennings,DENTSU AEGIS NETWORK LTD.,lauramorgan80@yahoo.co.uk: lauramorgan80@yahoo.co.uk,lauramorgan80@yahoo.co.uk,
,Linda,Murray,the Walt Disney Company,Work: linmichelm@me.com,linmichelm@me.com,
,Lindsay,Lichtenberg,Starcom MediaVest Group,lklichtenberg@gmail.com: lklichtenberg@gmail.com,lklichtenberg@gmail.com,
,Lorna,Candy,Incisive Media,lorna.candy@incisivemedia.com: lorna.candy@incisivemedia.com,lorna.candy@incisivemedia.com,
,Lucy,Barbor,DENTSU AEGIS NETWORK LTD.,grandfather22@hotmail.com: grandfather22@hotmail.com,grandfather22@hotmail.com,
,Magda,Piatkowska,Telegraph Media Group,Work: magda.piatkowska@telegraph.co.uk,magda.piatkowska@telegraph.co.uk,
,Manoj,Agrawal,Banking Frontiers,Work: manoj@bankingfrontiers.com,manoj@bankingfrontiers.com,91919867366111: 919004446025
,Manuela,Errico,Hootsuite Media Inc.,m_ela77@yahoo.it: m_ela77@yahoo.it,m_ela77@yahoo.it,
,Marcus,Reynolds,Progressive Digtal Media,,,
,Maria,Zverina,Facebook,maria@zverina.co.uk: maria@zverina.co.uk,maria@zverina.co.uk,
,Mark,Callender,Informa Telecoms & Media,mark.callender@informa.com: mark.callender@informa.com,mark.callender@informa.com,
,Mark,Hillary,Engage Business Media Ltd,mail@markhillary.com: mail@markhillary.com,mail@markhillary.com,
,Mark,Howe,Google,,,
,Mark,Lewis,Bloomberg LP,"markrmlewis@gmail.com: markrmlewis@gmail.com
mdl100468@gmail.com: mdl100468@gmail.com","markrmlewis@gmail.com, mdl100468@gmail.com",
,Mark,Lowe,Sky,mark.lowe@bskyb.com: mark.lowe@bskyb.com,mark.lowe@bskyb.com,
,Mark,Samuels,Samuels Media Limited,mark.samuels@gmail.com: mark.samuels@gmail.com,mark.samuels@gmail.com,
,Mark,Tindale,The Economist,mark.tindale1@btinternet.com: mark.tindale1@btinternet.com,mark.tindale1@btinternet.com,
,Martin,Glassborow,Sky,marting@spellen.org: marting@spellen.org,marting@spellen.org,
,Mary,Keane-Dawson,BIMA (British Interactive Media Association),mary@marykeanedawson.com: mary@marykeanedawson.com,mary@marykeanedawson.com,
,Matias,Sillanpaa,Facebook,matiasa@fb.com: matiasa@fb.com,matiasa@fb.com,+971 5228 31715: +971 5228 31715
,Matthias,Hussl,Hussl Media,Work: matthias.hussl@parx.de,matthias.hussl@parx.de,
,Matt,Hobby,Elsevier,mhobby1979@googlemail.com: mhobby1979@googlemail.com,mhobby1979@googlemail.com,
,Matt,Miller,DENTSU AEGIS NETWORK LTD.,matt.miller72@outlook.com: matt.miller72@outlook.com,matt.miller72@outlook.com,
,Maurits Le,Poole,Thomson Reuters,maurits.lepoole@thomsonreuters.com: maurits.lepoole@thomsonreuters.com,maurits.lepoole@thomsonreuters.com,
,Maz,Hayes,"Cognifide, a WPP company",maz.hayes@googlemail.com: maz.hayes@googlemail.com,maz.hayes@googlemail.com,
,Michael,Lau,Bloomberg LP,,,
,Michael,Rawlins,ESPN / The Walt Disney Company,michael.rawlins@gmail.com: michael.rawlins@gmail.com,michael.rawlins@gmail.com,
,Michael,Ridley,Exterion Media,Work: Michael.Ridley@exterionmedia.co.uk,Michael.Ridley@exterionmedia.co.uk,
,Mike,Altendorf,Financial Times,mike@thedorfs.co.uk: mike@thedorfs.co.uk,mike@thedorfs.co.uk,
,Mike,Cronk,Marquis Media Partners LLP,mike.cronk@btinternet.com: mike.cronk@btinternet.com,mike.cronk@btinternet.com,
,Mike,Hyde,Facebook,"personal: mike.hyde@gmail.com
Work: mph@fb.com","mike.hyde@gmail.com, mph@fb.com",
,Mike,Powell,Thomson Reuters,mike.ed.powell@gmail.com: mike.ed.powell@gmail.com,mike.ed.powell@gmail.com,
,Mike,Sagar,Next Dimension Media,sagarmike@hotmail.com: sagarmike@hotmail.com,sagarmike@hotmail.com,
,Mike,Young,DENTSU AEGIS NETWORK LTD.,mike_thomas_young@yahoo.co.uk: mike_thomas_young@yahoo.co.uk,mike_thomas_young@yahoo.co.uk,
,Milda,Gircyte,Mindshare,"None: milda.gircyte@kibernum.com
Work: mildagircyte@gmail.com","milda.gircyte@kibernum.com, mildagircyte@gmail.com",None: +56952483110
,Mirjana,Zuro,Bloomberg LP,angela_zg@hotmail.com: angela_zg@hotmail.com,angela_zg@hotmail.com,
,Mitul,Patel,Thomson Reuters,,,
,Moshe,Rasis,DENTSU AEGIS NETWORK LTD.,,,
,Nathan,Barling,iProspect (Dentsu Aegis Network),nathan.barling@iprospect.com: nathan.barling@iprospect.com,nathan.barling@iprospect.com,
,Neil,Davey,Sift Media,neil.davey@siftmedia.co.uk: neil.davey@siftmedia.co.uk,neil.davey@siftmedia.co.uk,
,Nick,Burcher,MediaCom,nickburcher@gmail.com: nickburcher@gmail.com,nickburcher@gmail.com,
,Nick,North,BBC,nick.north@bbc.co.uk: nick.north@bbc.co.uk,nick.north@bbc.co.uk,
,Nicole (Nikki),Bussard,SapientNitro,,,
,Nic,Sandhu,BBC,nic_sandhu@hotmail.co.uk: nic_sandhu@hotmail.co.uk,nic_sandhu@hotmail.co.uk,
,Nikhil,Gor,"Di5/TMS Limited, A Member Group of Heath Media",nikhilgor@rediffmail.com: nikhilgor@rediffmail.com,nikhilgor@rediffmail.com,
,Nilesh,Chavda,MediaAgility,nilesh.chavda@credit-suisse.com: nilesh.chavda@credit-suisse.com,nilesh.chavda@credit-suisse.com,
,Oded,Watts,Telegraph Media Group,owattsy@gmail.com: owattsy@gmail.com,owattsy@gmail.com,
,Oleksandr,Pryymak,Facebook,235@inmind.org: 235@inmind.org,235@inmind.org,
,Oliver,Southgate,Havas Media,,,
,Olivier,Gers,Starcom MediaVest Group,olivier@gers.tv: olivier@gers.tv,olivier@gers.tv,
,Orpheus,Warr,Channel 4,OWarr@Channel4.co.uk: OWarr@Channel4.co.uk,OWarr@Channel4.co.uk,+44 79 89 596277: +44 79 89 596277
,Paras,Sidapara,Thomson Reuters,sidapara@gmail.com: sidapara@gmail.com,sidapara@gmail.com,
,Paresh,"Mistry, CFA",Thomson Reuters,pareshkmistry@gmail.com: pareshkmistry@gmail.com,pareshkmistry@gmail.com,
,Paul,Dale,DENTSU AEGIS NETWORK LTD.,paul@thedales.uk.com: paul@thedales.uk.com,paul@thedales.uk.com,
,Penelope,Shaw,Apple,penelopeshaw@gmail.com: penelopeshaw@gmail.com,penelopeshaw@gmail.com,
,Philip,Almond,BBC,Work: phillip.almond@bbc.co.uk,phillip.almond@bbc.co.uk,
,Philip,Bird,BBC,philipsbird@hotmail.com: philipsbird@hotmail.com,philipsbird@hotmail.com,
,Philippe,Laco,the Walt Disney Company,philippe.laco@disney.com: philippe.laco@disney.com,philippe.laco@disney.com,
,Phillip,Ludlow,Deloitte Digital,phil@theludlows.co.uk: phil@theludlows.co.uk,phil@theludlows.co.uk,
,Plamena,Panova,Financial Times,None: plamena.panova@ft.com,plamena.panova@ft.com,
,rajarshi,roy,spero media concepts,raj.roy@gmail.com: raj.roy@gmail.com,raj.roy@gmail.com,
,Raj,Sobratee,Thomson Reuters,raj.sobratee@gmail.com: raj.sobratee@gmail.com,raj.sobratee@gmail.com,
,Rakha,Singh,Hara Media Ltd,rakha@haramedia.com: rakha@haramedia.com,rakha@haramedia.com,
,Ravi,Mattu,Financial Times,ravi.mattu@ft.com: ravi.mattu@ft.com,ravi.mattu@ft.com,
,Renaud,Di Francesco,SONY CORPORATION,"rdifrancesco@ymail.com: rdifrancesco@ymail.com
Work: renaud.difrancesco@eu.sony.com","rdifrancesco@ymail.com, renaud.difrancesco@eu.sony.com",Work: +44 779 5490384
,Rhidian,Jones,BBC,rhidian@rhidian.com: rhidian@rhidian.com,rhidian@rhidian.com,
,Rian,Smith,Hootsuite Media Inc.,rian.smith@hootsuite.com: rian.smith@hootsuite.com,rian.smith@hootsuite.com,
,Richard,Ashton,Sky,richardashton0@gmail.com: richardashton0@gmail.com,richardashton0@gmail.com,
,Richard,Davidson-Houston,Channel 4,richard@davidson-houston.com: richard@davidson-houston.com,richard@davidson-houston.com,
,Richard,Davis,DENTSU AEGIS NETWORK LTD.,"richardndavis80@gmail.com: richardndavis80@gmail.com
richard@valnet1.com: richard@valnet1.com","richardndavis80@gmail.com, richard@valnet1.com",
,Robert,Cavers,Thomson Reuters,,,
,Rob,Gurner,DENTSU AEGIS NETWORK LTD.,robertgurner@hotmail.com: robertgurner@hotmail.com,robertgurner@hotmail.com,
,Robin,Grant,We Are Social,robin.grant@wearesocial.net: robin.grant@wearesocial.net,robin.grant@wearesocial.net,
,Rob,Newlan,Facebook,rnewlan@googlemail.com: rnewlan@googlemail.com,rnewlan@googlemail.com,
,Rohit,Devani,Financial Times,Work: rmdevani@vossnet.co.uk,rmdevani@vossnet.co.uk,
,Rowena,Parsons,Sony Computer Entertainment Europe,rowena@rparsons.co.uk: rowena@rparsons.co.uk,rowena@rparsons.co.uk,
,Sara,Howers,Haymarket Media Group,Work: Sara.howers@haymarket.com,Sara.howers@haymarket.com,
,Sarita,Stefani,Thomson Reuters,sarita.stefani@gmail.com: sarita.stefani@gmail.com,sarita.stefani@gmail.com,
,Sean,Hayes,Incisive Media,sean.hayes@incisivemedia.com: sean.hayes@incisivemedia.com,sean.hayes@incisivemedia.com,
,Sean,McAvan,Navisite (A Time Warner Cable Company),smcavan@navisite.com: smcavan@navisite.com,smcavan@navisite.com,
,Sean,Ronan,AUDIO NETWORK LIMITED,S.Ronan@audionetwork.com: S.Ronan@audionetwork.com,S.Ronan@audionetwork.com,"+44 20 7566 1441: +44 20 7566 1441
+44 7881 108209: +44 7881 108209"
,Shailesh,Rao,Google,srao9386@gmail.com: srao9386@gmail.com,srao9386@gmail.com,
,Shailesh,Solanki,Asian Media & Marketing Group,shailesh@gg2.net: shailesh@gg2.net,shailesh@gg2.net,
,Shelly,Glennon,Google,shelly_glennon@yahoo.com: shelly_glennon@yahoo.com,shelly_glennon@yahoo.com,
,Shuai,Yuan,MediaGamma,sns@yuan-shuai.info: sns@yuan-shuai.info,sns@yuan-shuai.info,
,Shyama,Perera,One World Media - UK,pereraoffice@gmail.com: pereraoffice@gmail.com,pereraoffice@gmail.com,
,Simon,Wright,Sky,Work: simon.wright@sky.uk,simon.wright@sky.uk,
,Simon,Wright,Badoo,,,
,Skander,Ben Mansour,Mindshare,skander@benmansour.net: skander@benmansour.net,skander@benmansour.net,
,Sonya,Lennon,The Irish Times,stylist@eircom.net: stylist@eircom.net,stylist@eircom.net,
,STEPHANE,PERE,The Economist,Work: stephanepere@economist.com,stephanepere@economist.com,
,Stephen,Deadman,Facebook,Work: stephen@fb.com,stephen@fb.com,
,Steve,Simpson,Starcom MediaVest Group,Steve Simpson <steve.simpson@smvgroup.co.uk>: Steve Simpson <steve.simpson@smvgroup.co.uk>,Steve Simpson <steve.simpson@smvgroup.co.uk>,
,Stryker,McGuire,Bloomberg LP,stryker.mcguire@gmail.com: stryker.mcguire@gmail.com,stryker.mcguire@gmail.com,
,Stuart,Duncan,Bauer Media,stuart2707@mac.com: stuart2707@mac.com,stuart2707@mac.com,
https://media.licdn.com/mpr/mpr/shrinknp_400_400/p/3/005/033/08f/2bbd63e.jpg,Tanya,Cordrey,Schibsted Media Group,,,
,Tarek,Mohamed,Deloitte Digital,Work: tarek@mohamed.de,tarek@mohamed.de,
,Tim,Duckett,Apress Media LLC,tim@duckett.ch: tim@duckett.ch,tim@duckett.ch,
,Tim,Moreton,Apple,,,
,Tim,Taylor,Sky,tim.taylor@bskyb.com: tim.taylor@bskyb.com,tim.taylor@bskyb.com,
,Tim,Weller,Marimedia Ltd.,tim.weller@incisivemedia.com: tim.weller@incisivemedia.com,tim.weller@incisivemedia.com,
,Tim,Wright,Sony Pictures Entertainment,tim_wright@spe.sony.com: tim_wright@spe.sony.com,tim_wright@spe.sony.com,
,Tomas,Gonsorcik,VML,tomasgonsorcik@me.com: tomasgonsorcik@me.com,tomasgonsorcik@me.com,
,Tomas,Novotny,Raven Studio,None: novotny@ravenstudio.cz,novotny@ravenstudio.cz,
https://media.licdn.com/mpr/mpr/shrinknp_400_400/AAEAAQAAAAAAAARJAAAAJDNjMWI3NGU3LWYwN2UtNDcwOC1hNDI4LTE0ZjM4ZmYwOWM3ZA.jpg,Tom,Betts,Financial Times,,,
,Tom,Maddocks,Media Training Associates,,,
,Tom,Wright,Incisive Media,tomwrighthome@gmail.com: tomwrighthome@gmail.com,tomwrighthome@gmail.com,
,Tony,Jaskeran,GroupM,tonyjaskeran@hotmail.com: tonyjaskeran@hotmail.com,tonyjaskeran@hotmail.com,
,Trevor,Johnson,Facebook,trevor@fb.com: trevor@fb.com,trevor@fb.com,
,Ulf,Svensson,Bloomberg LP,ulf@imperitus.com: ulf@imperitus.com,ulf@imperitus.com,
,Vanessa,Jacob,Sky,Vanessa.Jacob@bskyb.com: Vanessa.Jacob@bskyb.com,Vanessa.Jacob@bskyb.com,
,Victoria,Swainson,Mediaforce Group,victoriaswainson@yahoo.co.uk: victoriaswainson@yahoo.co.uk,victoriaswainson@yahoo.co.uk,
,Vinton,Cerf,Google,vint@google.com: vint@google.com,vint@google.com,
,Vipul,Nagrath,Bloomberg LP,vnagrath@gmail.com: vnagrath@gmail.com,vnagrath@gmail.com,
,Virjinia,Alexieva,Signac.net,None: virjinia@signac.net,virjinia@signac.net,
,William,Morgan,Magic Media Works Limited,william.morgan@gmail.com: william.morgan@gmail.com,william.morgan@gmail.com,
,Yinka,Adeyemi,Bloomberg LP,,,
