PHOTO URL,FIRST NAME,LAST NAME,ORGANIZATION,EMAIL,EMAIL (PLAIN),PHONE
,Ahmad Jawid,Wahidi,Afghanistan International Bank (AIB),Work: jawid.wahidi@aib.af,jawid.wahidi@aib.af,
,Alexandre,Gaillard,InvestGlass,Work: axg@investglass.com,axg@investglass.com,
,Allison,Cayse,Aon Hewitt,Work: allison.cayse@mclagan.com,allison.cayse@mclagan.com,: 15135740220
,Ameya,Upadhyay,Omidyar Network India Advisors,Work: aupadhyay@omidyar.com,aupadhyay@omidyar.com,+912261187300: +919654774989
,Asad,Naqvi,Apis Partners,Work: asad.naqvi@apis.pe,asad.naqvi@apis.pe,+442036530510: +447775772844
,Bipin,Sahni,Wells Fargo,"bipins@wellsfargo.com: bipins@wellsfargo.com
Work: bipins@wellsfargo.com","bipins@wellsfargo.com, bipins@wellsfargo.com","4153714100: 4153714100
0119330: 4088887500"
,Brian,Behlendorf,Hyperledger Project,Work: brian@behlendorf.com,brian@behlendorf.com,
,Cian,Burke,HSBC Bank PLC,Work: cian.burke@hsbcgroup.com,cian.burke@hsbcgroup.com,+442079915000: +447795013757
,Damian,Maclnante,Citibank,Work: damian.macinante@citi.com,damian.macinante@citi.com,
,Danny,Aranda,Ripple,Work: danny@ripple.com,danny@ripple.com,
,David E.,Rutter,R3CEV,Work: david@r3cev.com,david@r3cev.com,+16466307421: +19087701689
,David,Parker,Economic Development Board,Work: david.parker@bahrainedb.com,david.parker@bahrainedb.com,
,Dennis,Flad,Ripple,Work: dennis@ripple.com,dennis@ripple.com,
,Dennis,Flad,Arevos,Work: dennis.flad@arevos.net,dennis.flad@arevos.net,
,Dilip.,Rao,Ripple,Work: dilip@ripple.com,dilip@ripple.com,
,D.L.,Shamanthakamani,Indian Banks' Association,Work: mani@iba.org.in,mani@iba.org.in,
,Dominoc,Hobson,Aon Hewitt,Work: dominic.hobson@mclagan.com,dominic.hobson@mclagan.com,+442070865145: +447825052412
,Edward,Budd,Deutsche Bank AG,Work: edward.budd@db.com,edward.budd@db.com,+442075451442: +447793308713
,Fabian,Vandenreydt,SWIFT,Work: fabian.vandenrydt@swift.com,fabian.vandenrydt@swift.com,
,Fares G.,Sawaya,Financial Institutions Banque Bemo Sal,Work: faressawaya@bemobank.com,faressawaya@bemobank.com,+9611992600: +9613655455
,Fernando,Matere,Microsoft,Work: fmatere@microsoft.com,fmatere@microsoft.com,Mobile: +5511983157352
,Franco,Morra,HSBC Bank PLC,Work: franco.morra@hsbcpb.com,franco.morra@hsbcpb.com,
,GAIL,CLARKE,,Work: gailc@bankservafrica.com,gailc@bankservafrica.com,526128212802192: +27826457846
,Gangesh,Ganesan,,Work: gangesh@peernova.com,gangesh@peernova.com,
,Gautam,Jain,Standard Chartered Bank,Work: gautamjain@sc.com,gautamjain@sc.com,+6565969294: +6581017172
,Gustavo Toledo,Paro,Microsoft,Work: gparo@microsoft.com,gparo@microsoft.com,+551155043622: +5511960676660
,Jan,Kupfer,B Unicredit,Work: jan.kupfer@unicredit.de,jan.kupfer@unicredit.de,+498937843329: +491728326341
,Jeremy,Welch,KPMG LLP,Work: jeremy.welch@kpmg.co.uk,jeremy.welch@kpmg.co.uk,+442073112527: +447969251040
,Jon,Lioyd,JP Morgan Chase,Work: jon.k.lloyd@jpmorgan.com,jon.k.lloyd@jpmorgan.com,
,Juma,Ahmadzada,INTERNATIONAL BANK OF AZERBAIJAN,Work: juma.ahmadzada.ibauk@btconneclcom,juma.ahmadzada.ibauk@btconneclcom,
,Karen Topping,Cone,Microsoft,Work: klone@microsoft.com,klone@microsoft.com,Mobile: +17815471150
,Ken,Tregidgo,Calastone,Work: ken.tregidgo@calastone.com,ken.tregidgo@calastone.com,
,lan,Kerr,Bolero International Ltd,Work: ian.kerr@bolero.net,ian.kerr@bolero.net,
,LIZ,LUMLEY,,Work: ll@rainmaking.io,ll@rainmaking.io,
,Liz,Oakes,"McKinsey & Company, Inc.United Kingdom",Work: liz_oakes@nnckinsey.com,liz_oakes@nnckinsey.com,+442079617642: +447583092367
,Luca,Corsini,Deutsche Bank AG,Work: luca.corsini@db.com,luca.corsini@db.com,+390240245754: +393357238063
,Marco,Attilio,SWIFT,Work: marco.attilio@swift.com,marco.attilio@swift.com,+6563478000: +6586688736
,Mark,Mcnulty,Citibank,Work: mark.mcnulty@citi.com,mark.mcnulty@citi.com,+12128165275: +19173627642
,Markus,Graf,F10,Work: markus.graf@f10.ch,markus.graf@f10.ch,
,Martin,Schilling,Ienditapp,Work: martin@lenditapp.com,martin@lenditapp.com,+18445365482: +41794447791
,Matteo,Rizzi,Omidyar Network UK Limited,Work: mrizzi@omidyar.com,mrizzi@omidyar.com,
,Niall,Cameron,HSBC Bank PLC,Work: niall.cameron@hsbcib.com,niall.cameron@hsbcib.com,+442079915652: +447584400871
,NIELS W.,HOUGAARD,W VP.DK,Work: nwh@vp.dk,nwh@vp.dk,+4543588888: +4529692831
,Pat,Patel,i2i Events Group The Studios,Work: pat@money2020.com,pat@money2020.com,: +447584006195
,Patrick,Griffin,Cg ripple,Work: patrick@ripple.com,patrick@ripple.com,
,Pawel,Widawski,Fintech Polan,Work: pwidawski@fintechpoland.com,pwidawski@fintechpoland.com,
,Percy,Batliwalla,Bank of America Merrill Lynch,Work: percy.batliwalla@baml.com,percy.batliwalla@baml.com,
,Peter,Randall,setl.io,Work: peter.randall@lett.io,peter.randall@lett.io,
,Philippe,Barbe,HSBC Bank PLC,Work: philippe.j.barbe@hsbc.com,philippe.j.barbe@hsbc.com,+442079919654: +447796703293
,Philippe,Ruault,BNP Paribas Securities Services,Work: philippe.ruault@bnpparibas.com,philippe.ruault@bnpparibas.com,+33158160446: +33670914815
,PRASANNA,VARADHARAJAN,E RICSSON,Work: one@changici.ty,one@changici.ty,+6567045500: +6597854839
,Raghu,Rao,PeerNova,Work: raghur@peernova.com,raghur@peernova.com,
,Rajasekhar,,State Bank Of India,Work: dgmfi.ibg@sbi.co.in,dgmfi.ibg@sbi.co.in,+912222740990: +919962361900
,Rajeswari,Kesavan,Deutsche Bank AG,Work: rajeswari.kesavan@db.com,rajeswari.kesavan@db.com,+912271804235: +919833206742
,Rajiv,Bhatia,,Work: bhatia.rajiv@gmail.com,bhatia.rajiv@gmail.com,+97148134200: +971556001423
,Ravi,Rajan,The (tearing (Orpordion Ol India Ttd.,Work: rrajan@ccilindia.co.in,rrajan@ccilindia.co.in,
,Simon,Streat,Bolero International Ltd,Work: simon.streat@bolero.net,simon.streat@bolero.net,+442077597000: +447983169160
,Stephen,Wilkinson,Scotiabank,Work: stephen.wilkinson@scotiabank.com,stephen.wilkinson@scotiabank.com,+442078265718: +447584682530
,Syed Shamim,Ahmed,The bank for a Changing World,Work: shamimahmed.syed@bnpparibas.com,shamimahmed.syed@bnpparibas.com,+97144248367: +971551097456
,Todd,Benzies,,Work: tbenzies@linuxfoundation.org,tbenzies@linuxfoundation.org,
,Tony,Brooks,HSBC Bank PLC,Work: tonybrooks@hsbc.com,tonybrooks@hsbc.com,+442079922276: +447920540141
,VILLE,SOINTU,Ericsson,Work: ville.sointu@eriesson.com,ville.sointu@eriesson.com,+97148134200: +971564101715
,Vivek,Ramachandran,HSBC Bank PLC,Work: vivek.ramachandran@hsbc.com,vivek.ramachandran@hsbc.com,02077189977: 07468705388
,Vlaclimir,Pajkovski,Cardlay°,Work: vp@cardlay.com,vp@cardlay.com,
,Yasmeen S. Al,Saffar,Economic Development Board,Work: yasmeen.alsa@fa.ib,yasmeen.alsa@fa.ib,
