PHOTO URL,FIRST NAME,LAST NAME,ORGANIZATION,EMAIL,EMAIL (PLAIN),PHONE
,Tiziano,Altieri,ZUERCHER KANTONALBANK,Work: tiziano.altieri@zkb.ch,tiziano.altieri@zkb.ch,41442922586: 41792152131
,Mohit,Aiyar,Zafin,Work: mohit.aiyar@zafin.com,mohit.aiyar@zafin.com,
,Yassine,Hamida,Yassine Ben Hamida,Work: yassine@infomaniak.ch,yassine@infomaniak.ch,
,Mike,Baldwin,Westpac Institutional Bank,Work: mbaldwin@westpac.com.au,mbaldwin@westpac.com.au,61261282545589: 400666591
,Steve,Ellis,Wells Fargo,Work: elliss@wellsfargo.com,elliss@wellsfargo.com,114153095553: 114153095553
,Vanessa,Barba,Wells Fargo,Work: Vanessa.Barba@wellsfargo.com,Vanessa.Barba@wellsfargo.com,19256032296: 19253482937
,Daniel,Ayala,Wells Fargo,Work: daniel.ayala@wellsfargo.com,daniel.ayala@wellsfargo.com,19256867466: 19255861277
,Douglas,Azar,Wealthinitiative,Work: Douglas@wealthinitiative.com,Douglas@wealthinitiative.com,
,Stephane,Bellac,WAVESTONE,Work: stephane.bellac@wavestone.ch,stephane.bellac@wavestone.ch,3522637741: 352621321452
,Phil,Ansley,Waters Technology,Work: phil.ansley@insivemedia.com,phil.ansley@insivemedia.com,
,Sultan,Mahmoud,WALL STREET EXCHANGE CENTRE LLC,Work: sultansa@wallstreet.ae,sultansa@wallstreet.ae,
,Nihit,Ahuja,Volante Technologies Inc.,Work: nihit@volantetech.com,nihit@volantetech.com,442031782970: 447595657591
,Raphael,Barisaac,UniCredit,Work: raphael.barisaac@unicredit.eu,raphael.barisaac@unicredit.eu,
,Mikhail,Alekseev,UniCredit,,,
,Owusu-Ansah,Awere,UNIBANK GHANA LTD,Work: oawere@unibankghana.com,oawere@unibankghana.com,233302216000: 233263009053
,Ronald,Akkermans,UBS Limited,Work: ronald.akkermans@ubs.com,ronald.akkermans@ubs.com,41442366136: 41792278903
,Jonathan,Bell,TXF,Work: jonathan.bell@txfmedia.com,jonathan.bell@txfmedia.com,442037355180: 447811135705
,Gökhan,Alper,TURKIYE VAKIFLAR BANKASI T.A.O SANAYI MAH ESKI BUYUKDERE CAD,Work: gokhanali.alper@vakifbank.com.tr,gokhanali.alper@vakifbank.com.tr,
,Gizem,Erarslan,TURKIYE SINAI KALKINMA BANKASI A.S,Work: erarslang@tskb.com.tr,erarslang@tskb.com.tr,902123345258: 905327301370
,M,Atilla,TURKIYE HALK BANKASI A.S,,,
,Eric,Barbier,TRANSFERTO,Work: eric.barbier@transfer-to.com,eric.barbier@transfer-to.com,
,Erkhembayar,Baltsukh,TRADE AND DEVELOPMENT BANK OF MONGOLIA,Work: corrbanking@tdbm.mn,corrbanking@tdbm.mn,97611319943: 97699110936
,Nick,Bender,Touch Associates,Work: nick.bender@touchassociates.com,nick.bender@touchassociates.com,
,Terje,Aas,Tieto,Work: Terje.aas@tieto.com,Terje.aas@tieto.com,
,Tal,Eisner,ThetaRay,Work: tal.eisner@ThetaRay.com,tal.eisner@ThetaRay.com,
,Huang,E-Chin,THE MONETARY AUTHORITY OF SINGAPORE,Work: huang_e-chin@mas.gov.sg,huang_e-chin@mas.gov.sg,
,Robert,Bell,The KlickEx Group,Work: Robert.Bell@KlickEx.com,Robert.Bell@KlickEx.com,
,Jim,Aramanda,The Clearing House,Work: jim.aramanda@theclearinghouse.org,jim.aramanda@theclearinghouse.org,
,Faruk,Ahmed,THE CITY BANK LIMITED,Work: faruk.ahmed@thecitybank.com,faruk.ahmed@thecitybank.com,880255096881: 8801730336789
,Rami,Atieh,Temenos,Work: ratieh@temenos.com,ratieh@temenos.com,
,Michèle,Anglade,Temenos,Work: manglade@temenos.com,manglade@temenos.com,3524260804305: 352621269966
,Jenny,Alexandrou,Temenos,Work: jalexandrou@temenos.com,jalexandrou@temenos.com,442074233736: 447901670747
,Vivek,Agarwal,Tech Mahindra,Work: va@techmahindra.com,va@techmahindra.com,
,Lee,Ailing,TAIWAN DEPOSITORY & CLEARING CORPORATION,,,
,Sebastien,Avot,Synechron,Work: sebastien.avot@synechron.com,sebastien.avot@synechron.com,
,Flemming Krath,Engedal,SYDBANK A/S,Work: fke@bankdata.dk,fke@bankdata.dk,
,Victor,Abbeloos,SWIFT,Work: victor.abbeloos@swift.com,victor.abbeloos@swift.com,
,Pieter,Apers,SWIFT,Work: Pieter.APERS@swift.com,Pieter.APERS@swift.com,
,Pat,Antonacci,SWIFT,Work: Pat.ANTONACCI@swift.com,Pat.ANTONACCI@swift.com,112124551947: 1
,Manish,Awasthi,SWIFT,Work: Manish.AWASTHI@swift.com,Manish.AWASTHI@swift.com,
,Louise,Agar,SWIFT,Work: Louise.AGAR@swift.com,Louise.AGAR@swift.com,326553140: 320473283246
,Julia,Barbuto,SWIFT,Work: Julia.BARBUTO@swift.com,Julia.BARBUTO@swift.com,41433365411: 41786830019
,Judit,Baracs,SWIFT,Work: Judit.BARACS@swift.com,Judit.BARACS@swift.com,431740402373: 436646362073
,Fabian,Banchiero,SWIFT,Work: Fabian.BANCHIERO@swift.com,Fabian.BANCHIERO@swift.com,12124551846: 13474632843
,Erica,Ahman,SWIFT,Work: Erica.AHMAN@swift.com,Erica.AHMAN@swift.com,46850895325: 46707266230
,Ed,Adams,SWIFT,Work: Edward.ADAMS@swift.com,Edward.ADAMS@swift.com,
,Clas,Aberg,Swedbank,Work: clas.aberg@swedbank.se,clas.aberg@swedbank.se,
,Tobias,Anckarman,SVENSKA HANDELSBANKEN,Work: toan07@handelsbanken.se,toan07@handelsbanken.se,
,Markus,Arkling,SVENSKA HANDELSBANKEN,Work: maar08@handelsbanken.se,maar08@handelsbanken.se,4687012724: 46761312724
,David,Belgum,Sureify,Work: David@sureify.com,David@sureify.com,
,Janos,Barberis,SuperCharger,Work: janos@fintech.hk,janos@fintech.hk,
,Yoshihisa,Abe,Sumitomo Mitsui Banking Corporation (SMBC),,,
,James,Bates,Sumitomo Mitsui Banking Corporation (SMBC),Work: james_bates@gb.smbcgroup.com,james_bates@gb.smbcgroup.com,
,Christina,Bendall,Strategic Market Access Ltd,Work: cbendall@strategicmarketaccess.com,cbendall@strategicmarketaccess.com,
,Manju,Agarwal,State Bank Of India,,,
,Dildar,Ansari,State Bank Of India,Work: d.ansari@sbi.co.in,d.ansari@sbi.co.in,912222740775: 919619917303
,Joe,Asamoah,Standard Bank Group,Work: joe.asamoah@standardbank.co.za,joe.asamoah@standardbank.co.za,
,Rouven,Ackermann,S&P Global Market Intelligence,Work: rouven.ackermann@spglobal.com,rouven.ackermann@spglobal.com,496933999258: 491722788363
,Hanne,Balling,SPAR NORD BANK A/S,Work: hab@sparnord.dk,hab@sparnord.dk,45401141734596300000: 4540114173
,Waiel,Qaimi,SOFTWARE DATEN SERVICE  (SDS) GMBH,Work: waiel.alqaimi@detecon.com,waiel.alqaimi@detecon.com,
,Simona,Alexandrescu,Societe Generale,,,
,Petr,Angelis,Societe Generale,,,
,Natalia,Alvarez,Societe Generale,Work: natalia.alvarez@sgcib.com,natalia.alvarez@sgcib.com,33142133485: 33688889183
,Juan Luis,Encinas Sanchez,"SOCIEDAD ESPANOLA DE SISTEMAS DE PAGO, S.A.",Work: jlencinas@iberpay.es,jlencinas@iberpay.es,
,Christos,Elefteriadis,SmartStream,Work: christos.elefteriadis@smartstream-stp.com,christos.elefteriadis@smartstream-stp.com,491736551510: 491736551510
,Mia,Allen,SmartStream,,,
,Cristina,Astore,SIA S.P.A.,Work: cristina.astore@sia.eu,cristina.astore@sia.eu,
,Sutapa,Amornvivat,"SIAM COMMERCIAL BANK PCL., THE",Work: sutapa.amornvivat@scb.co.th,sutapa.amornvivat@scb.co.th,
,Francois,Barthelemy,SETL Development Limited,Work: francois.barthelemy@setl.io,francois.barthelemy@setl.io,
,Susanne,Eis,SECB SWISS EURO CLEARING BANK GMBH,Work: susanne.eis@secb.de,susanne.eis@secb.de,491607740255: 491607740255
,Ruedi,Becker,SCHWEIZERISCHE NATIONALBANK,Work: ruedi.becker@snb.ch,ruedi.becker@snb.ch,
,Mikhail,Erenburg,SBERBANK,Work: myveselova@sberbank.ru,myveselova@sberbank.ru,
,Saeed,Assiri,SAUDI HOLLANDI BANK,Work: sassiri@shb.com.sa,sassiri@shb.com.sa,
,Mohammed,Al-Salhabi,SAUDI HOLLANDI BANK,,,
,Salah,Alsadhan,Saudi Arabian Monetary Agency,Work: ssadhan@sama.gov.sa,ssadhan@sama.gov.sa,
,Lama,AlSuhaibani,Saudi Arabian Monetary Agency,,,
,Hisham,Malik,Saudi Arabian Monetary Agency,Work: Hmalik@sama.gov.sa,Hmalik@sama.gov.sa,
,Phil,Beck,SAP,,,14122978921: 14129326087
,Jesper,Behr,SAP,Work: jesper.behr@sap.com,jesper.behr@sap.com,
,Evelina,Amanatidou,SAP,Work: evelina.amanatidou@sap.com,evelina.amanatidou@sap.com,
,Montserrat,Arnaiz,Santander,Work: marnaizc@gruposantander.com,marnaizc@gruposantander.com,3434675540944: 34675540944
,Rod,Beckstrom,Rod Beckstrom Group Inc,Work: rod@beckstrom.com,rod@beckstrom.com,
,Joost,Bergen,Reval Austria GmbH,Work: joost.bergen@reval.com,joost.bergen@reval.com,
,Stuart,Adshead,RBS,Work: Stuart.Adshead@rbs.co.uk,Stuart.Adshead@rbs.co.uk,
,Rohit,Agrawal,RBL BANK LTD.,Work: rohit.agrawal@rblbank.com,rohit.agrawal@rblbank.com,912243020659: 919619980456
,Sebastian,Becerra,RBC Royal Bank of Canada,Work: sebastian.becerra@rbc.com,sebastian.becerra@rbc.com,14169749955: 14164173814
,Jon,Einarsson,RB,Work: jonhelgi@rb.is,jonhelgi@rb.is,3546931005: 3546931005
,Fabian,Engler,Raiffeisen Switzerland,Work: fabian.engler@raiffeisen.ch,fabian.engler@raiffeisen.ch,41442267442: 41799529933
,Markus,Beck,Raiffeisen Schweiz Genossenschaft,Work: markus.beck@raiffeisen.ch,markus.beck@raiffeisen.ch,41712259356: 41794745399
,Christian,Ekl,Raiffeisen Bank International,Work: christian.ekl@rbinternational.com,christian.ekl@rbinternational.com,
,Salem,Naimi,QNB Group,Work: salem.alnaimi@qnb.com,salem.alnaimi@qnb.com,
,Omar,Alobaidli,QNB Group,Work: omar.alobaidli@qnb.com,omar.alobaidli@qnb.com,9740097444407260: 97477000762
,Fatma,Saidi,QNB Group,Work: fatma.qubaily@qnb.com.qa,fatma.qubaily@qnb.com.qa,
,Fatma,Baker,QNB Group,Work: fatma.albaker@qnb.com,fatma.albaker@qnb.com,
,Fatma,Abel,QNB Group,Work: fatma.abel@qnb.com,fatma.abel@qnb.com,
,Usha,Ananthasubramanian,PUNJAB NATIONAL BANK,Work: md@pnb.co.in,md@pnb.co.in,9126196468: 918130114444
,Zulhelfi,Abidin,"PT. BANK RAKYAT INDONESIA (PERSERO), Tbk",,,
,Paul,Bain,"PrimeRevenue, Inc.",Work: pjbain@primerevenue.com,pjbain@primerevenue.com,
,Samuel,Ackermann,PostFinance AG,Work: samuel.ackermann@postfinance.ch,samuel.ackermann@postfinance.ch,
,Timothy,Barber,Pitney Bowes,Work: tim.barber@pb.com,tim.barber@pb.com,441491416741: 447979735099
,Markus,Elger,PEGASYSTEMS INC.,Work: markus.elger@pega.com,markus.elger@pega.com,
,Hiroshi,Asao,PEGASYSTEMS INC.,Work: hiroshi.asao@pega.com,hiroshi.asao@pega.com,810332212455: 8108011809155
,John,Basquill,PaymentsCompliance,Work: johnb@paymentscompliance.com,johnb@paymentscompliance.com,
,David,Abbott,PayCommerce & Software AG,Work: dabbott@paycommerce.com,dabbott@paycommerce.com,
,Sona,Abbasova,PASHA Bank,Work: sona.abbasova@pashabank.az,sona.abbasova@pashabank.az,994124965000: 994502455849
,Suresh,Amerasekera,PAN OCEANIC BANK LIMITED,Work: suresha@pob.com.sb,suresha@pob.com.sb,67728033: 6777496646
,Michel,Akkermans,Pamica NV,Work: michel.akkermans@pamica.be,michel.akkermans@pamica.be,
,Riyad,Awwad,Palestine Monetary Authority,Work: rawwad@pma.ps,rawwad@pma.ps,970599672315: 9700599672315
,David,Bannister,Ovum,Work: david.bannister@ovum.com,david.bannister@ovum.com,
,Robert,Barlai,OTP BANK PLC.,Work: barlair@otpbank.hu,barlair@otpbank.hu,3612983252: 36309199891
,Roberto,Allison,Oracle,Work: bob.allison@oracle.com,bob.allison@oracle.com,112014520127: 12014520127
,Parvez,Ahmad,Oracle,Work: parvez.ahmed@oracle.com,parvez.ahmed@oracle.com,
,Petri,Aalto,OP-Services Ltd (Pohjola Bank),Work: petri.aalto@op.fi,petri.aalto@op.fi,
,Janan,Abdullatif,OMAN ARAB BANK SAOC,Work: Janan.Al-Abdullatif@oman-arabbank.com,Janan.Al-Abdullatif@oman-arabbank.com,96824754712: 96899855979
,Henning,Andersen,NYKREDIT BANK A/S,Work: hand@nykredit.dk,hand@nykredit.dk,4544551646: 4529401811
,Leila,El Kalai,NV IKEA SERVICE CENTRE SA,Work: leila.el.kalai@ikea.com,leila.el.kalai@ikea.com,
,Ralf,Baust,NTT Data,Work: ralf.baust@nttdata.com,ralf.baust@nttdata.com,
,Josep,Alvarez-Perez,NTT Data,Work: josep.alvarez@everis.com,josep.alvarez@everis.com,
,Domenico,Arena,NTT Data,Work: domenico.arena@nttdata.com,domenico.arena@nttdata.com,393666877050: 3666877050
,Christophe,Berger,NTT Data,Work: christophe.berger@nttdata.com,christophe.berger@nttdata.com,
,Lars,Ericsson,Nordea Limited,Work: lars.i.ericsson@nordea.com,lars.i.ericsson@nordea.com,46101563409: 46733215180
,Julie,Ellneby,Nordea Limited,Work: julie.ellneby@nordea.com,julie.ellneby@nordea.com,
,Ulrik,Andersen,Nordea Limited,Work: ulrik.andersen@nordea.com,ulrik.andersen@nordea.com,
,Daniel,Amsler,Nordea Limited,Work: daniel.amsler@nordea.com,daniel.amsler@nordea.com,: 358503287716
,Christel,Bagger,Nordea Limited,Work: christel.bagger@nordea.com,christel.bagger@nordea.com,
,Vic,Arulchandran,Nivaura,Work: vic@nivaura.com,vic@nivaura.com,: 447931536851
,Indranil,Bandyopadhyay,NEDBANK LIMITED,Work: indranilb@nedbank.co.za,indranilb@nedbank.co.za,
,Mahmoud,Alballug,NATIONAL COMMERCIAL BANK,Work: ballug@ncb.ly,ballug@ncb.ly,218913742142: 218923742142
,Luai,Bafail,NATIONAL COMMERCIAL BANK,Work: l.bafail@alahli.com,l.bafail@alahli.com,966126107086: 966568564967
,Manam,Kindi,NATIONAL BANK OF OMAN S.A.O.G,Work: alkindim@nbo.om,alkindim@nbo.om,
,Khaled,AlSayer,NATIONAL BANK OF KUWAIT S.A.K.P.,Work: khaledalsayer@nbk.com,khaledalsayer@nbk.com,96522595379: 99990297
,Sait,Abdulkarimov,National Bank of Kazakhstan,,,
,George,Armelinios,NATIONAL BANK OF GREECE SA,Work: armelinios.g@nbg.gr,armelinios.g@nbg.gr,
,Hesham,Elsafty,NATIONAL BANK OF EGYPT,Work: hesham.elsafty@nbe.com.eg,hesham.elsafty@nbe.com.eg,
,Sophea,Eng,NATIONAL BANK OF CAMBODIA,Work: engsophea@nbc.org.kh,engsophea@nbc.org.kh,85523723089: 855979711113
,Diana,Easterbrook,National Bank of Abu Dhabi,Work: Diana.Easterbrook@nbad.com,Diana.Easterbrook@nbad.com,
,Saher,Arar,National Bank of Abu Dhabi,,,
,Khalaf,Dhaheri,National Bank of Abu Dhabi,,,
,Frederic,Alcaras,Murex,Work: frederic.alcaras@murex.com,frederic.alcaras@murex.com,
,Vitus,Ammann,Monetas,Work: Vitus.Ammann@monetas.net,Vitus.Ammann@monetas.net,
,Daniel,Barrett,MITSUBISHI UFJ SECURITIES INTERNATIONAL PLC,Work: daniel.barrett@mufgsecurities.com,daniel.barrett@mufgsecurities.com,
,Valerio,Battelli,MISYS,Work: valerio.battelli@misys.com,valerio.battelli@misys.com,
,Imad,Haidar,MISYS,Work: imad.abh@misys.com,imad.abh@misys.com,
,Mohamed,Salam,"MISR FOR CENTRAL CLEARING, DEPOSITORY AND REGISTRY",Work: m.zagloul@mcsd.com.eg,m.zagloul@mcsd.com.eg,225971509: 201222106369
,Patrice,Amann,Microsoft,,,
,Juan,Amor,Microsoft,Work: juanjamo@microsoft.com,juanjamo@microsoft.com,
,Shevkumar,Beezloll,MAURITIUS COMMERCIAL BANK LIMITED,Work: kumar.beezloll@mcb.mu,kumar.beezloll@mcb.mu,
,Salah,Aljamal,MASRAF AL RAYAN,Work: salah.aljamal@alrayan.com,salah.aljamal@alrayan.com,97444235951: 97433065068
,Cristina,Belloni,London Stock Exchange Group,Work: cbelloni@lseg.com,cbelloni@lseg.com,3972426504: 393351041561
,Graziella,Bays,Lombard Odier Asset Management (Switzerland) SA,Work: graziella.bays@lombardodier.com,graziella.bays@lombardodier.com,41227099713: 41799675537
,Robert,Ellison,Lloyds Banking Group,Work: robert.ellison@lloydsbanking.com,robert.ellison@lloydsbanking.com,
,Samuel,Amoako,Lloyds Banking Group,Work: samuel.amoako@lloydsbanking.com,samuel.amoako@lloydsbanking.com,
,Ed,Aldorino,Lloyds Banking Group,Work: ed.aldorino@lloydsbanking.com,ed.aldorino@lloydsbanking.com,
,Daniel,Eggenschwiler,LGT BANK AG,,,423004232352297: 41788019425
,Joanne,Baker,LexisNexis Risk Solutions FL Inc.,Work: joanne.baker@lexisnexis.com,joanne.baker@lexisnexis.com,
,Stephen,Arnison,LEXISNEXIS RISK SOLUTIONS,Work: stephen.arnison@lexisnexis.com,stephen.arnison@lexisnexis.com,
,Leo,Attwood,LEXISNEXIS RISK SOLUTIONS,Work: leo.attwood@lexisnexis.com,leo.attwood@lexisnexis.com,
,Simon,Allison,Legal & General Investment Management,Work: simon.allison@lgim.com,simon.allison@lgim.com,
,Khalil,El Khoury,LEBANON AND GULF BANK S.A.L,Work: khalil.khoury@lgbbank.com,khalil.khoury@lgbbank.com,9611965250: 961
,Jeremy,Bell,LCH,Work: jeremy.bell@lch.com,jeremy.bell@lch.com,
,S,Aradottir,LANDSBANKINN HF,Work: sigridur.m.aradottir@landsbankinn.is,sigridur.m.aradottir@landsbankinn.is,
,Inga,Baldi,Landesbank Baden-Württemberg (LBBW),Work: Inga.Baldi@LBBW.de,Inga.Baldi@LBBW.de,
,Duaij,Alsaleh,KUWAIT CLEARING COMPANY S.A.K.,Work: dalsaleh@maqasa.com,dalsaleh@maqasa.com,
,R,Albayrak,KUVEYT TURK KATILIM BANKASI A.S.,,,
,Erdenedelger,Bavlai,KHAN BANK OF MONGOLIA,Work: erdenedelger.b@khanbank.com,erdenedelger.b@khanbank.com,97697699900274: 97699900274
,Grégory,Agez,Keensight Capital,Work: gagez@keensightcapital.Com,gagez@keensightcapital.Com,
,Marc,Elshout,KBC BANK N.V.,Work: marc.elshout@kbcsecurities.be,marc.elshout@kbcsecurities.be,3224294003: 32496575551
,Marie,Aquino,Kapronasia,Work: marie.aquino@kapronasia.com,marie.aquino@kapronasia.com,
,Rovshan,Allahverdiyev,KAPITAL BANK,Work: Rovshan.Allahverdiyev@kapitalbank.az,Rovshan.Allahverdiyev@kapitalbank.az,
,Natalya,Akentyeva,JSC 'Altyn Bank' SB of JSC 'Halyk Bank',Work: natalya.a@altynbank.kz,natalya.a@altynbank.kz,777273566222: 777772173358
,Soha,Ali,JP Morgan Chase,,,
,Sherif,Abdelsalam,JP Morgan Chase,,,
,Rohan,Amin,JP Morgan Chase,Work: rohan.m.amin@jpmchase.com,rohan.m.amin@jpmchase.com,
,Pravin,Advani,JP Morgan Chase,Work: pravin.advani@jpmorgan.com,pravin.advani@jpmorgan.com,
,Matthew,Bax,JP Morgan Chase,Work: matthew.bax@jpmorgan.com,matthew.bax@jpmorgan.com,
,James,Barclay,JP Morgan Chase,Work: james.n.barclay@jpmorgan.com,james.n.barclay@jpmorgan.com,33140154665: 33682550782
,Nurjami,Altynsaka,JOINT STOCK COMPANY HOUSE CONSTRUCTION,Work: altynsaka.n@hcsbk.kz,altynsaka.n@hcsbk.kz,772722793511: 7727287017869090
,Jean,Beaubois,"JOH. BERENBERG,GOSSLER AND CO KG",Work: louise.johnson@berenberg.com,louise.johnson@berenberg.com,442032077835: 447816993156
,Gad,Barlev,ISRAEL DISCOUNT BANK LTD,Work: gad.barlev@dbank.co.il,gad.barlev@dbank.co.il,97235146537: 491636645657
,Khondaker Md Munirul,Al-Mamoon,ISLAMI BANK BANGLADESH LTD HEAD OFFICE,Work: kmalam@islamibankbd.com,kmalam@islamibankbd.com,88029581871: 8801766665990
,Zeynep,Murr,ISBANK AG,Work: zeynep.murr@isbank.de,zeynep.murr@isbank.de,4900496929901220: 491725887796
,Ergun,Akkoc,ISBANK AG,Work: ergun.akkoc@isbank.de,ergun.akkoc@isbank.de,496929901102: 491632990111
,Melanie,Abromowitz,INVESTEC BANK (SWITZERLAND) AG,,,
,Luca,Bernasconi,INVESTEC BANK (SWITZERLAND) AG,Work: luca.bernasconi@investecbank.ch,luca.bernasconi@investecbank.ch,
,Ferdinando,Ametrano,INTESA SANPAOLO SPA,Work: ferdinando.ametrano@intesasanpaolo.com,ferdinando.ametrano@intesasanpaolo.com,
,Vittorio,Ballerio,Intesa Sanpaolo S.p.A.,Work: vittorio.ballerio@intesasanpaolo.com,vittorio.ballerio@intesasanpaolo.com,
,Massimo,Avellino,Intesa Sanpaolo S.p.A.,,,
,Gunel,Bakhshiyeva,INTERNATIONAL BANK OF AZERBAIJAN,Work: gunel.bakhshiyeva@ibar.az,gunel.bakhshiyeva@ibar.az,
,Lana,Bader,INTERNATIONAL BANK FOR RECONSTRUCTION AND DEVELOPMENT,Work: lbader@worldbank.org,lbader@worldbank.org,12024580714: 12028308188
,Tapan,Agarwal,Intellect,Work: tapan.a@intellectdesign.com,tapan.a@intellectdesign.com,
,Michelle,Alexander,Intellect,Work: michelle.alexander@intellectdesign.com,michelle.alexander@intellectdesign.com,
,Jean-Pierre,Arens,Intellect,Work: jeanpierre.arens@intellectdesign.com,jeanpierre.arens@intellectdesign.com,: 33609454020
,Guneet,Anand,Intellect,Work: guneet.anand@intellectdesign.com,guneet.anand@intellectdesign.com,
,Kazuhiko,Akagi,Intel Corporation,,,
,Mascha,Bekker,ING,,,: 31683645442
,Harpreet,Arora,Infosys,Work: Harpreet_Arora01@infosys.com,Harpreet_Arora01@infosys.com,
,Cody,Ankeny,Information Technology Industry Council,Work: cankeny@itic.org,cankeny@itic.org,
,Maria Rosa,Eiras,Industrial and Commercial Bank of China,Work: maria.eiras@icbc.com.ar,maria.eiras@icbc.com.ar,work: 54549111545782900
,Rudy,Benayoun,Industrial and Commercial Bank of China,Work: rudy.benayoun@fr.icbc.com.cn,rudy.benayoun@fr.icbc.com.cn,
,Prakash,Balakrishnan,INDUSIND BANK LIMITED,Work: prakash.balakrishnan@indusind.com,prakash.balakrishnan@indusind.com,912243680412: 919769960061
,Harikrishna Rao Bajpe,Rao,Indian Banks' Association,Work: harikrishnaraobn@canarabank.com,harikrishnaraobn@canarabank.com,91918022484262: 91919900504414
,Sundarlal,Ahire,IDBI BANK LIMITED,Work: sn.ahire@idbi.co.in,sn.ahire@idbi.co.in,912266552234: 919833166300
,Ravi,Balchandani,ICICI BANK CANADA,Work: ravi.balchandani@icicibank.com,ravi.balchandani@icicibank.com,14168477905: 14168735630
,Peter,Eeles,IBM,Work: peter.eeles@uk.ibm.com,peter.eeles@uk.ibm.com,: 447796331061
,Zelda,Anthony,IBM,Work: zelda@sg.ibm.com,zelda@sg.ibm.com,
,Vladimir,Alekseev,IBM,Work: alekseev@ru.ibm.com,alekseev@ru.ibm.com,
,Reza,Asgari,IBM,Work: Reza.Asgari@us.ibm.com,Reza.Asgari@us.ibm.com,
,Peter,Bearor,IBM,Work: peterbearor@us.ibm.com,peterbearor@us.ibm.com,
,Martina,Baumann,IBM,Work: MBAUMANN@UK.IBM.COM,MBAUMANN@UK.IBM.COM,
,Marc,Andrews,IBM,Work: marc.andrews@us.ibm.com,marc.andrews@us.ibm.com,
,Mahir,Gassim,IBM,Work: algassim@sa.ibm.com,algassim@sa.ibm.com,
,Luis,Castro,IBM,Work: ljbenitez@us.ibm.com,ljbenitez@us.ibm.com,: 19179717250
,Keith,Bear,IBM,Work: keith_bear@uk.ibm.com,keith_bear@uk.ibm.com,
,Jon,Asprey,IBM,Work: jon.asprey@uk.ibm.com,jon.asprey@uk.ibm.com,
,Gurvinder,Ahluwalia,IBM,Work: gurvinder.ahluwalia@us.ibm.com,gurvinder.ahluwalia@us.ibm.com,
,Francoise,Alabiso,IBM,Work: f_alabiso@fr.ibm.com,f_alabiso@fr.ibm.com,
,Oleg,Abdrashitov,Hyperledger Project,Work: oleg.a@altoros.com,oleg.a@altoros.com,13472484861: 1
,Musaifer,Alosaimi,HSBC Bank PLC,,,
,Stephen,Bayly,HSBC Bank PLC,Work: stephen.bayly@hsbcib.com,stephen.bayly@hsbcib.com,
,Philippe,Barbe,HSBC Bank PLC,Work: philippe.j.barbe@hsbc.com,philippe.j.barbe@hsbc.com,
,Ralph,Beckmann,HP Enterprise Services,,,
,Dana,Almadaeen,"HOUSING BANK FOR TRADE AND FINANCE, THE",Work: dal-mada'en@hbtf.com.jo,dal-mada'en@hbtf.com.jo,
,Shuhei,Aoki,"HITACHI, LTD.,",,,
,Marinos,Athanasiades,Hellenic Bank Public Company Ltd,Work: m.athanassiades@hellenicbank.com,m.athanassiades@hellenicbank.com,35722500667: 99572609
,Hakan,Aksünger,Helaba Landesbank Hessen-Thüringen,Work: hakan.aksuenger@helaba.de,hakan.aksuenger@helaba.de,
,Joanna,Babelek,HEDGEPOLE,Work: joanna.babelek@hedgepole.com,joanna.babelek@hedgepole.com,
,Selin,Alakustekin,Halkbank,Work: selin.alakustekin@halkbank.com.tr,selin.alakustekin@halkbank.com.tr,
,Farooq,Ahsanuddin,HABIB METROPOLITAN BANK LIMITED,Work: farooq.ahsanuddin@habibmetro.com,farooq.ahsanuddin@habibmetro.com,
,Tariq,Akbar,HABIB BANK LIMITED HEAD OFFICE,Work: tariq.akbar@hbl.com,tariq.akbar@hbl.com,
,Salamat,Bashir,HABIB BANK AG ZURICH,Work: s.bashir@habibbank.com,s.bashir@habibbank.com,410041442694564: 41795287941
,Christina,Adams,Geneva Press Club,Work: christina.adams@consultant.com,christina.adams@consultant.com,
,Stephanie,Amstutz,GAZPROMBANK (SWITZERLAND) LTD,,,
,Patrick,Allemann,Gatechain,Work: patrick.allemann@gatechain.com,patrick.allemann@gatechain.com,
,Luke,Antoniou,FX-MM,Work: lantoniou@russelpublishing.com,lantoniou@russelpublishing.com,
,Talal,El-Mawla,FRANSABANK S.A.L,Work: talal.mawla@fransabank.com,talal.mawla@fransabank.com,9611739634: 96170222905
,Salomon Ouriel,Amsellem,Flash Leman,,,
,Pascal,Aerens,FircoSoft,Work: pascal.aerens@fircosoft.com,pascal.aerens@fircosoft.com,
,Prabhu,Ekaraj,FIORANO SOFTWARE INC.,Work: prabhu.devikaraj@fiorano.com,prabhu.devikaraj@fiorano.com,9108040170036: 919986110522
,Steve,Ellis,Finextra,Work: 1===steve.ellis@finextra.com,1===steve.ellis@finextra.com,
,Serkan,Arslan,FINEKSUS,Work: serkan.arslan@fineksus.com,serkan.arslan@fineksus.com,902869870: 905322919996
,Emmanuel,Adeyemi,Financial Times,Work: emmanuel.adeyemi@ft.com,emmanuel.adeyemi@ft.com,
,Katherine,Emirosan,Financial IT,Work: katherine.emirosan@financialit.net,katherine.emirosan@financialit.net,
,Yousef,Alrugaibah,Fidelity International,Work: yousefalrugaibah@sabb.com,yousefalrugaibah@sabb.com,966112764495: 500610370
,Todd,Aadland,Federal Reserve Banks,,,
,Mohamed,Elbakhit,FAISAL ISLAMIC BANK,Work: m_elshekh@fibsudan.com,m_elshekh@fibsudan.com,249912395927: 249912395927
,Nicole,Allen,EY,,,
,Isaac,Arruebarrena,everis,Work: isaac.arruebarrena@everis.com,isaac.arruebarrena@everis.com,
,Haitham,Ashour,EUROPE ARAB BANK,Work: haitham.ashour@eabplc.com,haitham.ashour@eabplc.com,442077128817: 447557232295
,Melia Liane,Elbertsen,EUROPEAN STABILITY MECHANISM,Work: l.elbertsen@esm.europa.eu,l.elbertsen@esm.europa.eu,352621497644: 621497644
,Mark,Anderson,EURO PACIFIC BANK LIMITED,Work: marka@europacbank.com,marka@europacbank.com,
,Kerry,Alvarez,Euroclear,Work: kerry.alvarez@taskize.com,kerry.alvarez@taskize.com,442038747224: 4479600241954
,Kamillla,Asp,Ericsson,Work: kamilla.asp@ericsson.com,kamilla.asp@ericsson.com,
,Mozmel Abdalhanan,Abdelaziz,ELECTRONIC BANKING SERVICES CO LTD,Work: MOZMELALHNAN@EBS-SD.COM,MOZMELALHNAN@EBS-SD.COM,
,Joachim,Berg,EFiS EDI Finance Service AG,Work: Joachim.Berg@Paymentgroup.de,Joachim.Berg@Paymentgroup.de,490610398720: 15114009388
,Joseph,Bellofatto,ECS,Work: Joseph.Bellofatto@ecsfin.com,Joseph.Bellofatto@ecsfin.com,19148936088: 19736158133
,Jacob,Aruldhas,ECS,Work: jacob@ecsfin.com,jacob@ecsfin.com,
,Yasmeen,Alsaffar,Economic Development Board of Bahrain,Work: yasmeen.alsaffar@bahrainedb.com,yasmeen.alsaffar@bahrainedb.com,
,Marc Bayle,Jessé,ECB (European Central Bank),Work: marc.bayle@ecb.int,marc.bayle@ecb.int,
,Fahed,Hijleh,Eastnets,Work: fabuhijleh@eastnets.com,fabuhijleh@eastnets.com,96265679616: 795844660
,Rohit,Bammi,Earthport,Work: rohit.bammi@earthport.com,rohit.bammi@earthport.com,
,Matthias,Ehringer,"DZ Bank AG, Deutsche Zentral - Genosenschaftsbank",Work: matthias.ehringer@dzbank.de,matthias.ehringer@dzbank.de,
,Lisa,Argento,DTCC,Work: largento@dtcc.com,largento@dtcc.com,
,Christophe,Amez,Dow Jones,Work: christophe.amez@dowjones.com,christophe.amez@dowjones.com,442032175006: 447990560684
,Felitas,Aguilar,Dovetail,Work: felitas.aguilar@dovetailsystems.com,felitas.aguilar@dovetailsystems.com,
,Sujata,Albrigtsen,DNB BANK ASA,,,
,Daniel,Awe,DIAMOND BANK PLC Victoria Island,Work: dawe@diamondbank.com,dawe@diamondbank.com,
,Raymond,Ban,Diamis,Work: raymond.ban@atos.net,raymond.ban@atos.net,
,Matthew,Addison,D+H,,,
,Rudolf,Effing,Deutsche Bank AG,Work: rudolf.effing@db.com,rudolf.effing@db.com,12122509610: 16466448150
,Vikas,Arora,Deutsche Bank AG,Work: vikas.arora@db.com,vikas.arora@db.com,
,Stanislas,Beneteau,Deutsche Bank AG,Work: stanislas.beneteau@db.com,stanislas.beneteau@db.com,
,Joseph,Barnes,Deutsche Bank AG,Work: joseph.d.barnes@db.com,joseph.d.barnes@db.com,12122505854: 16463355128
,Frank,Aldenhoff,Deutsche Bank AG,Work: frank.aldenhoff@db.com,frank.aldenhoff@db.com,496991040116: 491733445269
,Joseph,Alt,"Deloitte & Touche, LLP",Work: jalt@deloitte.com,jalt@deloitte.com,
,Nadia,Andersen,Deloitte,Work: nandersen@deloitte.ie,nandersen@deloitte.ie,
,Tony,Agostinho,Dekabank Deutsche Girozentrale,Work: tony.agostinho@deka.de,tony.agostinho@deka.de,496971473127: 491705770597
,Patrick,Edwards,Dassault Systemes,Work: patrick.edwards@3ds.com,patrick.edwards@3ds.com,19173250603: 19173250603
,Michael,Arup,Danske Bank,Work: miar@danskebank.dk,miar@danskebank.dk,
,Salomão,Antunes,Crowdprocess,Work: sca@crowdprocess.com,sca@crowdprocess.com,
,Suleyman,Erol,Creditwest Bank Ltd.,Work: suleyman.erol@creditwestbank.com,suleyman.erol@creditwestbank.com,
,Nusret,Altinbas,Creditwest Bank Ltd.,Work: nusret.altinbas@creditwestbank.com,nusret.altinbas@creditwestbank.com,903926780000: 905338316000
,Ibrahim,Alqaisi,Credit Suisse Group,Work: ibrahim.alqaisi@credit-suisse.com,ibrahim.alqaisi@credit-suisse.com,41443334328: 41798483398
,Senol,Aloglu,CREDIT EUROPE BANK N.V.,,,
,Ertan,Aras,CREDIT EUROPE BANK N.V.,Work: ertan.aras@crediteurope.nl,ertan.aras@crediteurope.nl,
,Josep,Argelich,Credit Andorra,Work: jargelich@creditandorra.ad,jargelich@creditandorra.ad,
,Sanaa,Bellamine,Credit Agricole Du Maroc International,Work: bellamine@creditagricole.ma,bellamine@creditagricole.ma,212522452512: 212661768557
,Etienne,Bernard,Credit Agricole CIB,Work: etienne.bernard@ca-cib.com,etienne.bernard@ca-cib.com,33157872267: 33778643843
,Nisar,Ahmed,"Corrtec, LLC",Work: nahmed@corrtec.com,nahmed@corrtec.com,9234521545: 923332169200
,Michiel,Beimers,COOPERATIEVE RABOBANK U.A.,Work: Michiel.Beimers@rabobank.com,Michiel.Beimers@rabobank.com,
,Sam,Aziz,"Complex Systems, Inc.",,,
,Leidy,Amparo,"Complex Systems, Inc.",,,
,Nick,Aronson,Commonwealth Bank of Australia,,,
,Marc,Aertgeerts,COMMISSION EUROPEENNE (DG XIX/03),Work: Marc.Aertgeerts@ec.europa.eu,Marc.Aertgeerts@ec.europa.eu,
,Tassilo,Amtage,Commerzbank AG,Work: tassilo.amtage@commerzbank.com,tassilo.amtage@commerzbank.com,
,Rene,Beike,Commerzbank AG,Work: rene.beike@commerzbank.com,rene.beike@commerzbank.com,496913627455: 491743314108
,Michael,Benner,Commerzbank AG,Work: michael.benner@commerzbank.com,michael.benner@commerzbank.com,496913623510: 491726171087
,Shady,El-Gazzar,"COMMERCIAL INTERNATIONAL BANK, SAE",Work: shady.elgazzar@cibeg.com,shady.elgazzar@cibeg.com,20020237472281: 201001625224
,Leul,Abay,COMMERCIAL BANK OF ETHIOPIA,,,
,Hassan,Redha,Commercial Bank of Dubai,Work: hassan@cbd.ae,hassan@cbd.ae,97140097142121800: 971400971509557000
,Stéphane,El Gharbi,Clearstream Banking,Work: stephane.el.gharbi@clearstream.com,stephane.el.gharbi@clearstream.com,35224332795: 352621199355
,Nathalie,Baltus,Clearstream Banking,Work: nathalie.baltus@clearstream.com,nathalie.baltus@clearstream.com,
,Steven,Bash,CITY NATIONAL BANK,Work: steven.bash@cnb.com,steven.bash@cnb.com,12136738807: 14152600857
,Marcus,Austin,Citi,,,
,Vojislav,Belic,CIS d.o.o,Work: vojislav@cis-eu.net,vojislav@cis-eu.net,381214725380: 38163504174
,Richard,Anton,CIBC,,,
,Michael,Acierto,China Systems,Work: michaelacierto@chinasystems.com,michaelacierto@chinasystems.com,
,Digby,Bennett,China Systems,Work: digby@chinasystems-me.com,digby@chinasystems-me.com,
,Chris,Allan,CHICAGO MERCANTILE EXCHANGE,Work: christopher.allan@cmegroup.com,christopher.allan@cmegroup.com,13129301874: 3122823608
,Fred,Alpsten,CGI,Work: fred.alpsten@cgi.com,fred.alpsten@cgi.com,
,Moawia,Ali,CENTRAL BANK OF SUDAN,Work: moawia.ali@cbos.gov.sd,moawia.ali@cbos.gov.sd,
,Masoud,Owfy,CENTRAL BANK OF OMAN,,,
,Khaitham Abdullah Majid,Saifi,CENTRAL BANK OF OMAN,,,
,Suleiman,Barau,"CENTRAL BANK OF NIGERIA,ABUJA",Work: sbarau@cbn.gov.ng,sbarau@cbn.gov.ng,2348069555650: 2348051000091
,Ibrahim,Hashidu,"CENTRAL BANK OF NIGERIA,ABUJA",Work: bhibrahim@cbn.gov.ng,bhibrahim@cbn.gov.ng,
,Khaled,Alaftas,CENTRAL BANK OF LIBYA,Work: klaftas@cbl.gov.ly,klaftas@cbl.gov.ly,213346607: 218912186585
,Marcelo,Aragao,Central Bank of Brazil,,,
,Samvel,Arakelyan,Central Bank of Armenia,Work: sarakelyan@cba.am,sarakelyan@cba.am,
,Idoya,Aramendi,"CECABANK, S.A.",Work: psifi@cecabank.es,psifi@cecabank.es,
,Narinder,Auluck,Capgemini Financial Services,Work: narinder.auluck@capgemini.com,narinder.auluck@capgemini.com,
,Marcos,Garcia,Capgemini Financial Services,Work: marcos.alonso-garcia@capgemini.com,marcos.alonso-garcia@capgemini.com,
,Mangalath Gopalakrishnan,Ajayan,"CANARA BANK TM SECTION,B WING,PLOT NO C-14 ,BKC",Work: gmdit@canarabank.com,gmdit@canarabank.com,
,Frederick,Belford,Calypso Technology,Work: dennis_belford@calypso.com,dennis_belford@calypso.com,
,Philippe,Bens,CACEIS,Work: Philippe.bens@caceis.com,Philippe.bens@caceis.com,
,Jean-Francois,Abadie,CACEIS,Work: jean-francois.abadie@caceis.com,jean-francois.abadie@caceis.com,
,Robert,Aberman,Business@Sibos,Work: robert@robertaberman.co.uk,robert@robertaberman.co.uk,
,Dia,Othman,BURGAN BANK S.A.K.,Work: dothman@burgan.com,dothman@burgan.com,
,Wolelaw,Alemu,BUNNA INTERNATIONAL BANK S.C,Work: bibisd@bunnabanksc.com,bibisd@bunnabanksc.com,251111580828: 911626480
,Dauren,Bekbergenov,Bunge SA,Work: Dauren.bekbergenov@bunge.com,Dauren.bekbergenov@bunge.com,
,May,El-Gemayel,BSL Bank s.a.l.,Work: maya.azzi@bsl.com.lb,maya.azzi@bsl.com.lb,96101980343: 96103380557
,Elias,Alouf,BSL Bank s.a.l.,Work: elias.alouf@bsl.com.lb,elias.alouf@bsl.com.lb,96101980343: 9619613691459
,Peter,Benzie,Broadridge Financial Solutions,Work: peter.benzie@broadridge.com,peter.benzie@broadridge.com,
,David,Becker,Broadridge Financial Solutions,Work: david.becker@broadridge.com,david.becker@broadridge.com,
,Ruth,Adler,BREMER LANDESBANK Kreditanstalt Oldenburg,Work: ruth.adler@bremerlandesbank.de,ruth.adler@bremerlandesbank.de,
,Rob,Eberle,Bottomline Technologies,Work: jburgeson@bottomline.com,jburgeson@bottomline.com,
,John,Ballantyne,Bottomline Technologies,Work: JBallantyne@bottomline.com,JBallantyne@bottomline.com,
,David,Benarroch,Bottomline Technologies,Work: DBenarroch@bottomline.com,DBenarroch@bottomline.com,
,Michael,Bellacosa,BNY Mellon,Work: michael.bellacosa@bnymellon.com,michael.bellacosa@bnymellon.com,
,Howard,Bascom,BNY Mellon,Work: howard.bascom@bnymellon.com,howard.bascom@bnymellon.com,
,Shuji,Abe,BNP Paribas,Work: shuji.abe@japan.bnpparibas.com,shuji.abe@japan.bnpparibas.com,
,Shamim,Ahmed,BNP Paribas,Work: shamimahmed.syed@bnpparibas.com,shamimahmed.syed@bnpparibas.com,97144248367: 971551097456
,Philippo,Bano,BNP Paribas,Work: Philippo.bano@us.bnpparibas.com,Philippo.bano@us.bnpparibas.com,12124717046: 6463343785
,Maria,Barmaki,BNP Paribas,Work: maria.barmaki@bnpparibas.com,maria.barmaki@bnpparibas.com,330140146885: 661651970
,Dominique,Ansiaux,BNP Paribas,Work: dominique.ansiaux@bnpparibas.com,dominique.ansiaux@bnpparibas.com,
,Dante,Arcamone,BNP Paribas,Work: dante.arcamone@bnpparibas.com,dante.arcamone@bnpparibas.com,330155778430: 33662541936
,Jesús,Benito,BME,Work: jbenito@grupobme.es,jbenito@grupobme.es,
,Fatima,Akdim,BGFI INTERNATIONAL,Work: f.akdim@bgfi.fr,f.akdim@bgfi.fr,33760278124: 3333760278124
,Irina,Antonova,BELORUSSIAN-RUSSIAN BELGAZPROMBANK JOINT STOCK,Work: antonova@bgpb.by,antonova@bgpb.by,
,Martin,Bellin,BELLIN,Work: martin.bellin@bellin.com,martin.bellin@bellin.com,
,Steve,Allen,Barclays Bank PLC,Work: steve.allen@barclays.com,steve.allen@barclays.com,
,Mohammed,Egily,BANQUE SAUDI FRANSI HEAD OFFICE,Work: emohammed@alfransi.com.sa,emohammed@alfransi.com.sa,
,Saadoun,AlSaadoun,BANQUE SAUDI FRANSI HEAD OFFICE,Work: salsaadoun@alfransi.com.sa,salsaadoun@alfransi.com.sa,966112891311: 966505442483
,Khaled,AlToukhi,BANQUE SAUDI FRANSI HEAD OFFICE,Work: kaltoukhi@alfransi.com.sa,kaltoukhi@alfransi.com.sa,
,Jonathan,Elkins,BANQUE NATIONALE DU CANADA,Work: jonathan.elkins@bnc.ca,jonathan.elkins@bnc.ca,
,David,Bergeron,BANQUE NATIONALE DU CANADA,Work: david.bergeron@bnc.ca,david.bergeron@bnc.ca,
,Fieni Eba Yaha Laure,Assamoi,BANQUE NATIONALE D'INVESTISSEMENT,Work: laure.assamoi@bni.ci,laure.assamoi@bni.ci,22522520316605: 22522501295615
,Fawzi,El Dahshan,BANQUE MISR,Work: fawzyae@banquemisr.com,fawzyae@banquemisr.com,
,Nathalie,Barbuscia,BANQUE LOMBARD ODIER ET CIE SA,Work: n.barbuscia@lombardodier.com,n.barbuscia@lombardodier.com,
,Lysiane,Back,Banque et Caisse d'Epargne de l'Etat,,,
,Hanane,El Boury,BANQUE CENTRALE POPULAIRE,Work: helboury@cpm.co.ma,helboury@cpm.co.ma,212522469491: 212618534583
,Omar,Ghraoui,BANQUE BEMO SAUDI FRANSI S.A.,Work: Oghraoui@bbsfbank.com,Oghraoui@bbsfbank.com,
,Osvaldo,Bernales,BANQUE ALGERIENNE DU COMMERCE EXTERIEUR S.A.,Work: O.BERNALES@BACE.CH,O.BERNALES@BACE.CH,
,Marius,Andrew,Bank Windhoek,Work: AndrewMa@bankwindhoek.com.na,AndrewMa@bankwindhoek.com.na,264612991662: 264811297759
,Uemit,Akbulut,BANK VONTOBEL AG,Work: uemit.akbulut@vontobel.ch,uemit.akbulut@vontobel.ch,
,Tomoko,Asoh,Bank of Tokyo-Mitsubishi UFJ,,,
,Takayuki,Akita,Bank of Tokyo-Mitsubishi UFJ,,,
,Sayaka,Ando,Bank of Tokyo-Mitsubishi UFJ,,,
,Kazuya,Asatsuji,Bank of Tokyo-Mitsubishi UFJ,,,
,Justin,August,Bank of Tokyo-Mitsubishi UFJ,,,
,Nithaya,Awojumpa,BANK OF THAILAND,,,
,Mahmoud,El-Shawa,BANK OF PALESTINE PLC,Work: mahmoudshawa@bankofpalestine.com,mahmoudshawa@bankofpalestine.com,970599377758: 970599377758
,Rushdi,Alghalayini,BANK OF PALESTINE PLC,Work: rghalayini@bankofpalestine.com,rghalayini@bankofpalestine.com,
,Husam,Awwad,BANK OF PALESTINE PLC,Work: husam.awwad@bankofpalestine.com,husam.awwad@bankofpalestine.com,970022946700: 9700599040201
,Hasan,Afifi,BANK OF PALESTINE PLC,Work: hasan.afifi@bankofpalestine.com,hasan.afifi@bankofpalestine.com,
,Sung,Ahn,BANK OF KOREA,,,
,Kennedy,Adu,BANK OF GHANA,Work: kennedy.adu@bog.gov.gh,kennedy.adu@bog.gov.gh,
,Joseph,Akunyumu-Tetteh,BANK OF GHANA,Work: joseph.akunyumu@bog.gov.gh,joseph.akunyumu@bog.gov.gh,233302665252: 233208200750
,Helena,Acquah-Labi,BANK OF GHANA,Work: helena.labi@bog.gov.gh,helena.labi@bog.gov.gh,
,Christian,Belisle,BANK OF CANADA,Work: cbelisle@bankofcanada.ca,cbelisle@bankofcanada.ca,16137828495: 16138785694
,Venkat,Es,Bank of America Merrill Lynch,Work: venkat.es@baml.com,venkat.es@baml.com,
,Percy,Batliwalla,Bank of America Merrill Lynch,Work: percy.batliwalla@baml.com,percy.batliwalla@baml.com,
,Louisa,Auton,Bank of America Merrill Lynch,,,
,Dhiraj,Bajaj,Bank of America Merrill Lynch,Work: dhiraj.r.bajaj@baml.com,dhiraj.r.bajaj@baml.com,
,Seyed Mostafa,Tekyeh,Bank Melli Iran,Work: m_asadi@bmi.ir,m_asadi@bmi.ir,982123583107: 989121404690
,Sharon,Eli,BANK LEUMI LE-ISRAEL B.M,Work: sharon.beneli@bankleumi.co.il,sharon.beneli@bankleumi.co.il,
,Masoud,Atashi,BANK KESHAVARZI,Work: Atashi@agri-Bank.com,Atashi@agri-Bank.com,
,Philippe,Andris,"BANK JULIUS BAER AND CO.LTD.,ZURICH",Work: philippe.andris@juliusbaer.com,philippe.andris@juliusbaer.com,
,Daniel,Eberhart,Bank J. Safra Sarasin Ltd,Work: daniel.eberhart@jsafrasarasin.com,daniel.eberhart@jsafrasarasin.com,
,Mark,Beasley,Bank J. Safra Sarasin Ltd,Work: mark.beasley@jsafrasarasin.com,mark.beasley@jsafrasarasin.com,
,Daniel,Belfer,Bank J. Safra Sarasin Ltd,Work: daniel.belfer@jsafrasarasin.com,daniel.belfer@jsafrasarasin.com,
,Manoj,Agrawal,Banking Frontiers,Work: manoj@bankingfrontiers.com,manoj@bankingfrontiers.com,91919867366111: 919004446025
,Torbjorn,Ericsson,BANKGIROCENTRALEN BGC AB,Work: torbjorn.ericsson@bankgirot.se,torbjorn.ericsson@bankgirot.se,
,Morten,Bech,Bank for International Settlements,Work: morten.bech@bis.org,morten.bech@bis.org,41612808923: 41763508923
,Saleh,Habib,BANK AL BILAD,Work: SAlHabib@Bankalbilad.com,SAlHabib@Bankalbilad.com,
,Saad,Drees,BANK AL BILAD,Work: SI.AlDrees@Bankalbilad.com,SI.AlDrees@Bankalbilad.com,
,Yildirim,Ardahanli,BANKA KOMBETARE TREGTARE SH.A.,Work: yardahanli@bkt.com.al,yardahanli@bkt.com.al,35542281490: 355672012999
,Jayson,Enriquez,BANGKO SENTRAL NG PILIPINAS,Work: ENRIQUEZJL@BSP.GOV.PH,ENRIQUEZJL@BSP.GOV.PH,
,Rolando,Bermas,BANGKO SENTRAL NG PILIPINAS,Work: rubermas@bsp.gov.ph,rubermas@bsp.gov.ph,6323024184: 639175431128
,Tapana,Aksaranan,BANGKOK BANK PUBLIC COMPANY LIMITED,Work: tapana.aks@bbl.co.th,tapana.aks@bbl.co.th,
,Nicolas,Arbogast,BANGKOK BANK PUBLIC COMPANY LIMITED,Work: nicolas.geo@bbl.co.th,nicolas.geo@bbl.co.th,
,Vitor,Assis,Banco Safra SA,Work: vitor.assis@safra.com.br,vitor.assis@safra.com.br,
,Jose,Abella,BANCO POPULAR ESPANOL,Work: jmabella@bancopopular.es,jmabella@bancopopular.es,34915208322: 34608794316
,Martín Crisanto,Ebe Mba,BANCO NACIONAL DE GUINEA ECUATORIAL (BANGE),Work: garcia.rafael@outlook.com,garcia.rafael@outlook.com,
,Jose Valentin,Eyama,BANCO NACIONAL DE GUINEA ECUATORIAL (BANGE),Work: valentin.eyama@bannge.com,valentin.eyama@bannge.com,
,Manuel,Li,BANCO NACIONAL DE COSTA RICA,Work: mabellan@bncr.fi.cr,mabellan@bncr.fi.cr,
,Gabriel Augusto,Silva,BANCO NACIONAL DE ANGOLA,Work: gsilva@bna.ao,gsilva@bna.ao,
,Eunice,Alexandre,"BANCO MILLENNIUM ATLANTICO, S.A.",Work: eunice.alexandre@atlantico.ao,eunice.alexandre@atlantico.ao,
,Francesca,Alessndrello,"BANCO DE VENEZUELA, S.A. BANCO UNIVERSAL",Work: francesca_alessandrello@banvenez.com,francesca_alessandrello@banvenez.com,
,María Teresa,Gonzalez,BANCO DE ESPANA,Work: mayte.arraez@bde.es,mayte.arraez@bde.es,
,José,Almeida,"BANCO COMERCIAL PORTUGUES, LISBOA",Work: jmalmeida@millenniumbcp.pt,jmalmeida@millenniumbcp.pt,
,Patricia,Ackermann,BANCO ABC BRASIL S.A.,Work: patricia.ackermann@abcbrasil.com.br,patricia.ackermann@abcbrasil.com.br,551131702313: 5511999832676
,Mario,Erba,BANCA POPOLARE DI SONDRIO,Work: mario.erba@popso.it,mario.erba@popso.it,
,Jeanine,Banks,Axway,Work: jbanks@axway.com,jbanks@axway.com,
,David,Attenborough,AxiomSL,Work: dattenborough@axiomsl.com,dattenborough@axiomsl.com,442038234600: 447919478621
,Steven,Beck,ASIAN DEVELOPMENT BANK,,,
,Haraldur Gudni,Eidsson,ARION BANK,Work: haraldur.eidsson@arionbanki.is,haraldur.eidsson@arionbanki.is,
,Maram,Al-Jazireh,ARAB BANK PLC,Work: maram.al-jazireh@arabbank.com.jo,maram.al-jazireh@arabbank.com.jo,
,Mohamed,Ketbi,ARAB BANKING CORPORATION BSC,Work: mohamed.alketbi@bank-abc.com,mohamed.alketbi@bank-abc.com,97317543426: 97336999934
,Julian,Ashall,ARAB BANKING CORPORATION BSC,Work: Julian.Ashall@bank-abc.com,Julian.Ashall@bank-abc.com,
,Shaun,Behan,Aqua Global Solutions,Work: shaun@aqua-global-solutions.com,shaun@aqua-global-solutions.com,442087631042: 4407775852013
,Siter,Ali,Appian,,,
,David,Andrzejek,Apigee,Work: david@apigee.com,david@apigee.com,: 16507404381
,Sebastiano,Arena,ANZ Banking Group Ltd,Work: sam.arena@anz.com,sam.arena@anz.com,
,Inna,Akopdzhanova,AMSTERDAM TRADE BANK N.V.,Work: i.akopdzhanova@atbank.nl,i.akopdzhanova@atbank.nl,
,Samina,Ansari,American Express,Work: samina.ansari@aexp.com,samina.ansari@aexp.com,
,Erol,Bakkalbasi,ALTERNATIFBANK A.S,Work: erol.bakkalbasi@abank.com.tr,erol.bakkalbasi@abank.com.tr,
,Mansour,Alasiri,Al-Rajhi Banking & Inv. Corp.,Work: alasirima@alrajhibank.com.sa,alasirima@alrajhibank.com.sa,
,Hussam,Itai,Al-Rajhi Banking & Inv. Corp.,Work: abuitaiha@alrajhibank.com.sa,abuitaiha@alrajhibank.com.sa,966112114469: 966543333025
,Zein,Abdallah,Allied Engineering Group,Work: zabdallah@aeg-mea.com,zabdallah@aeg-mea.com,
,Sorina,Bera,Allevo,Work: sorina.bera@allevo.ro,sorina.bera@allevo.ro,
,Muna,Basheir,ALJAZEERA SUDANESE JORDANIAN BANK,Work: MUNA.SALIH@ALJAZEERABANK.COM.SD,MUNA.SALIH@ALJAZEERABANK.COM.SD,249969140140: 249912315303
,Layla,Al-Neama,AL AHLI BANK OF KUWAIT K.S.C.P,Work: lailaa@abkuwait.com,lailaa@abkuwait.com,96522401917: 96599815362
,Trevor,Bailey,Ahli Bank QSC,Work: trevor.bailey@ahlibank.com.qa,trevor.bailey@ahlibank.com.qa,
,Mazen,Alghanem,Ahli Bank QSC,Work: mazen.alghanem@ahlibank.com.qa,mazen.alghanem@ahlibank.com.qa,
,Umesh,Adhikary,Aditya Birla Group,Work: umesh.adhikary@adityabirla.com,umesh.adhikary@adityabirla.com,
,Haytham,Elmaayergi,ADIB,Work: haytham.elmaayergi@adib.com,haytham.elmaayergi@adib.com,9710501057130: 501057130
,Minakshi,Ali,ADIB,Work: ma.ali@adib.com,ma.ali@adib.com,
,Wijay,Asirwatham,ACI Worldwide,,,
,Sarkis,Akmakjian,Accuity,Work: sarkis.akmakjian@accuity.com,sarkis.akmakjian@accuity.com,
,Michal,Bazarnik,Accenture,Work: michal.bazarnik@accenture.com,michal.bazarnik@accenture.com,
,Christian,Altrock,Accenture,Work: christian.altrock@accenture.com,christian.altrock@accenture.com,49899308168212: 491755762004
,Mohamed,El Sayed,ABU DHABI ISLAMIC BANK - EGYPT,Work: mohamed.elsayed@adib.ae,mohamed.elsayed@adib.ae,227984036: 201002154330
,Malik,Awan,ABU DHABI INVESTMENT AUTHORITY,Work: abr.ad@adia.ae,abr.ad@adia.ae,
,Sultan,AlRomaithi,Abu Dhabi Global Market,Work: sultan.alromaithi@adgm.com,sultan.alromaithi@adgm.com,
,Karim,El Khadem,ABU DHABI COMMERCIAL BANK,Work: karim.elkhadem@adcb.com,karim.elkhadem@adcb.com,97126973435: 971506568916
,Damian,Austin,ABC INTERNATIONAL BANK PLC,Work: Damian.austin@bank-abc.com,Damian.austin@bank-abc.com,
,Denis,Ecknauer,ABB Asea Brown Boveri Ltd,Work: denis.ecknauer@cn.abb.com,denis.ecknauer@cn.abb.com,
,Ernst,Berger,ABB Asea Brown Boveri Ltd,Work: ernst.berger@ch.abb.com,ernst.berger@ch.abb.com,
,Tsige,Ali,ABAY BANK S.C.,Work: tsige.ayalew@abaybank.com.et,tsige.ayalew@abaybank.com.et,251115570769: 251930366277
,Tanya,Andreaysan,,Work: Tanya.Andreasyan@knect365.com,Tanya.Andreasyan@knect365.com,
,Pedro,Batista,,,,
