FIRST NAME,LAST NAME,JOB ROLE,ORGANIZATION,EMAIL,EMAIL (PLAIN)
Abdellah,Jaafar,Innovation & partnerships,Legrand Electric Ltd,Work: abdellah.jaafar@legrand.fr,abdellah.jaafar@legrand.fr
Abigail,Brierley,CIO / IT Director,Bidvest 3663,brierleyabigail@yahoo.co.uk: brierleyabigail@yahoo.co.uk,brierleyabigail@yahoo.co.uk
Ajit,Jaokar,Co-author - Digital world in 2030 community/report,European Internet Foundation - EIF,ajit.jaokar@futuretext.com: ajit.jaokar@futuretext.com,ajit.jaokar@futuretext.com
Alan,Raw,Global Digital Business,Universal Music,alan.raw@umusic.com: alan.raw@umusic.com,alan.raw@umusic.com
Alan,Walsh,"Finance Manager, IT Business Transformation Programme",Shell,,
Alberto,Souviron,Digital Media Specialist,Lloyds Register,asouviron@gmail.com: asouviron@gmail.com,asouviron@gmail.com
Alessandro,Baroni,CIO,Equens,,
Alex,Batlin,Senior Innovation Manager at UBS's FinTech Innovation Lab,UBS Limited,Work: alex.batlin@ubs.com,alex.batlin@ubs.com
Alex,Butler,"Chair, Digital Transformation Strategy Group",RIBA,,
Alex,Matei,Digital mHealth Manager,Bupa,,
Al-Noor,Ramji,Chief Digital Officer,Prudential Plc,Work: alnoorramji@me.com,alnoorramji@me.com
Amol,Natu,Director Digital Commerce,Etisalat,amolnatu@yahoo.com: amolnatu@yahoo.com,amolnatu@yahoo.com
Andre,Le Roux,General Manager in CDT (Connected Digital Technologies),Shell,andre.leroux@shell.com: andre.leroux@shell.com,andre.leroux@shell.com
Andrew,Pattinson,Head of Digital Development,Tesco Bank,apattinson@mac.com: apattinson@mac.com,apattinson@mac.com
Andrew,Sanders,Digital Business Director,IPC Media,andrew.sanders@timeinc.com: andrew.sanders@timeinc.com,andrew.sanders@timeinc.com
Andrew,Sloper,Head of Digital Authentication,JP Morgan Chase,andrew@sloper.me: andrew@sloper.me,andrew@sloper.me
Annette,Moody,Group IT Governance & Innovation Director,Serco,annettemoody@hotmail.com: annettemoody@hotmail.com,annettemoody@hotmail.com
Anthony,Green,"CIO, Russia and CIS",KPMG,anthgreen@gmail.com: anthgreen@gmail.com,anthgreen@gmail.com
Anthony (Tony),Vaden,VP and Chief Information Officer (CIO),ABC Supply,vadenal@gmail.com: vadenal@gmail.com,vadenal@gmail.com
Aref,Al-Ramli,"VP, Head Of Electronic Banking & Innovation",Mashreq,arefr@mashreq.com: arefr@mashreq.com,arefr@mashreq.com
Arnaud,Zeitoun,"Global Head, Transformation",BNP Paribas,Work: arnaud.zeitoun@uk.bnpparibas.com,arnaud.zeitoun@uk.bnpparibas.com
Ash,Roots,Director of Digital,Direct Line Group,ashjtroots@gmail.com: ashjtroots@gmail.com,ashjtroots@gmail.com
ash,sethi,Senior Digital Account Manager in Residence @ E.ON,Charterhouse (Bringing ideas to life),ashveen@yahoo.com: ashveen@yahoo.com,ashveen@yahoo.com
Avi,Mitra,Group CIO,Kenya Commercial Bank,amitra@kcb.co.ke: amitra@kcb.co.ke,amitra@kcb.co.ke
Baki,Irmak,Head of Digital Business,,Work: bakiirmak@me.com,bakiirmak@me.com
Bansi,Shah,Business Transformation & Change Director,aSource Global Limited,bansishah99@hotmail.com: bansishah99@hotmail.com,bansishah99@hotmail.com
Barry,Maybank,Head of Digital Experience,Hewlett-Packard,,
Ben,Grinell,Managing Director and Global Lead of the Technology and Digital Service Line at North Highland,North Highland,Work: ben.grinnell@northhighland.com,ben.grinnell@northhighland.com
Benjamin,Bettenbender,"Director, Internal Digital Communication",Prudential Plc,bbettenbender@gmail.com: bbettenbender@gmail.com,bbettenbender@gmail.com
Ben,Kelly,Professional Head of Digital Health,Nuffield Health,ben.m.kelly1@gmail.com: ben.m.kelly1@gmail.com,ben.m.kelly1@gmail.com
Bianca,Koenig,Senior Manager Innovation Marketing,Deutsche Telekom AG,Work: bianca.koenig@telekom.de,bianca.koenig@telekom.de
Bill,Limond,"Global Interim CIO, Business Digital Transformation & Recovery Program Director; Digital Dr, Advisor",Platina Solutions Global Ltd,Work: BLimond@Limond.com,BLimond@Limond.com
Bipin,Sahni,WSG - Head of Innovation and R&D,Wells Fargo,"bipins@wellsfargo.com: bipins@wellsfargo.com
Work: bipins@wellsfargo.com","bipins@wellsfargo.com, bipins@wellsfargo.com"
Birendra,Agarwal,CIO Commercial Banking (Markets and Transaction Banking),Lloyds Banking Group,birendra.agarwal@envision.net: birendra.agarwal@envision.net,birendra.agarwal@envision.net
Brad,Fitchew,Business Development & Digital Manager,Sustainable Restaurant Association,brad@fitchew.co.uk: brad@fitchew.co.uk,brad@fitchew.co.uk
Brian,Jensen,"Managing Partner, Innovation | Co-director of the Customer Lab","OgilvyOne Worldwide, Ltd",brian.jensen@gmail.com: brian.jensen@gmail.com,brian.jensen@gmail.com
Cait,O'Riordan,CIO and Chief Products Officer,Financial Times,,
Carlos M.,Mendez,"Social Media, Content & Conversation - BBVA Innovation Center",BBVA,carlos.mendez.perez@gmail.com: carlos.mendez.perez@gmail.com,carlos.mendez.perez@gmail.com
Carlos Moreno,Fuentes,"VP, Digital Brand Protection",WISekey SA,cmoreno@wiskey.com: cmoreno@wiskey.com,cmoreno@wiskey.com
Caroline,Cater,Global Digital Marketing Director,The Coca-Cola Company,,
Carolyn,Brown,CIO,Durham University,CarolynTBrown@gmail.com: CarolynTBrown@gmail.com,CarolynTBrown@gmail.com
Chad E.,Iverson,"Director, Digital Platform Architecture",Fidelity International,civerson916@gmail.com: civerson916@gmail.com,civerson916@gmail.com
Charles,Ewen,Director of Information Technology and CIO,Met Office,dartmoor@gmail.com: dartmoor@gmail.com,dartmoor@gmail.com
Charlotte,Beckett,Head of Digital,Four Communications,charlottebeckett2@yahoo.co.uk: charlottebeckett2@yahoo.co.uk,charlottebeckett2@yahoo.co.uk
Chris,Ballinger,CFO and Head of Innovation,Toyota Financial Services,Work: chris.ballinger@tri.global,chris.ballinger@tri.global
Chris,Bramwell,CIO Consumer Service Improvement,BT,christopher_bramwell@hotmail.com: christopher_bramwell@hotmail.com,christopher_bramwell@hotmail.com
Chris,Huls,Blockchain Specialist,COOPERATIEVE RABOBANK U.A.,"Work: chris_huls@hotmail.com
Work: Chris.Huls@rabobank.nl","chris_huls@hotmail.com, Chris.Huls@rabobank.nl"
Claire,Ruggiero,Innovation Director,Lloyds Register,Work: claire.ruggiero@lr.org,claire.ruggiero@lr.org
Clare,Clark,Internal Digital Communications Manager,Rolls-Royce,,
Cliff (CJ),Baitsholts,Account Executive: IBM Collaboration Solutions & Digital Experience,IBM,cbaitsh@us.ibm.com: cbaitsh@us.ibm.com,cbaitsh@us.ibm.com
Clive,White,Transformation Director,RSA,clivewhite@mac.com: clivewhite@mac.com,clivewhite@mac.com
Colin,Cesvette,Marketing Digital Project Manager (Contract),KPMG,colin.cesvette@jamaica-breeze.com: colin.cesvette@jamaica-breeze.com,colin.cesvette@jamaica-breeze.com
Colin,Hayhurst,Innovations Partnership Fellow,University of Sussex,colinhayhurst@gmail.com: colinhayhurst@gmail.com,colinhayhurst@gmail.com
Colin,Platt,Global Markets Innovation - Blockchain Lead,BNP Paribas,work: colin.platt@uk.bnpparibas.com,colin.platt@uk.bnpparibas.com
Colin,Shenoy,CIO Bupa Global Market Unit,Bupa,colin@shenoy.org.uk: colin@shenoy.org.uk,colin@shenoy.org.uk
Colin,Towers,Co-Founder and CIO,TowersHolt,colin.towers@towersholt.com: colin.towers@towersholt.com,colin.towers@towersholt.com
Colin,Windsor,CIO/COO,Truphone,,
Coral,Stanion-Nazeri,Digital Services Manager,Action for Children,coral@digit-ally.com: coral@digit-ally.com,coral@digit-ally.com
Craig,Hepburn,"Global Director, Digital & Social Media Microsoft Mobile",Microsoft,,
Daniel,Arrowsmith,Head of Digital Development,LexisNexis,Work: daniel.arrowsmith@lexisnexis.co.uk,daniel.arrowsmith@lexisnexis.co.uk
Danny,Wootton,Innovation and IP Director,CGI,danny.wootton@cgi.com: danny.wootton@cgi.com,danny.wootton@cgi.com
Dan,Phipps,"Head of Digital Platform Operations, Release Management and Digital Centres of Excellence",HSBC Bank PLC,,
Dan,West,Senior Digital Strategist & Innovations Manager,FCB Inferno,dandelwest1@aol.com: dandelwest1@aol.com,dandelwest1@aol.com
Darren,Armitage,Head of Technology Innovation EMEA,SABMiller plc,"darrenarmitage@me.com: darrenarmitage@me.com
Work: Darren.armitage@ab-INBEV.com","darrenarmitage@me.com, Darren.armitage@ab-INBEV.com"
Darren,Goucher,Innovation Analyst,HSBC Bank PLC,darrengoucher@gmail.com: darrengoucher@gmail.com,darrengoucher@gmail.com
Darren,Price,Group CIO & Group Exec Member,RSA Group,darren.price@gcc.rsagroup.com: darren.price@gcc.rsagroup.com,darren.price@gcc.rsagroup.com
Darryl,Isip,"Director, Digital Private Banking",Credit Suisse Group,darrylisip@gmail.com: darrylisip@gmail.com,darrylisip@gmail.com
Dave,Fleming,"Director, Head of Technology & Design, Citi Innovation Lab",Citi,dave.j.fleming@gmail.com: dave.j.fleming@gmail.com,dave.j.fleming@gmail.com
David,Dunbar,Head of Digital Workplace,Nationwide Building Society,Work: david.dunbar@nationwide.co.uk,david.dunbar@nationwide.co.uk
David,Gorman,Pgdip Global Blockchain Lab Enablement,IBM,Work: gormand@uk.ibm.com,gormand@uk.ibm.com
David,Le,Head of Innovation - LBG Innovation Labs,Lloyds Banking Group,"David.Le@lloydsbanking.com: David.Le@lloydsbanking.com
david-le@mail.com: david-le@mail.com
David.Le@lloydsbanking.com: David.Le@lloydsbanking.com","David.Le@lloydsbanking.com, david-le@mail.com, David.Le@lloydsbanking.com"
David,Page,"Executive Director, Digital Transition",Visa Europe,davidpage27@yahoo.co.uk: davidpage27@yahoo.co.uk,davidpage27@yahoo.co.uk
David,Parkinson,"Head of Digital for Africa, Middle East & India",Nissan Motor Corporation,David.Parkinson@nissan-nmuk.co.uk: David.Parkinson@nissan-nmuk.co.uk,David.Parkinson@nissan-nmuk.co.uk
David,Simpson,Senior Director - Global Digital Capabilities,AstraZeneca UK Limited,Email: david.simpson1@astrazeneca.com,david.simpson1@astrazeneca.com
David,Strachan,"Product Manager, IBM Digital Experience on Cloud",IBM,david.strachan@mac.com: david.strachan@mac.com,david.strachan@mac.com
Davina,Quarterman,Senior Manager - Innovation & Tools,John Wiley and Sons,dquarterman@wiley.com: dquarterman@wiley.com,dquarterman@wiley.com
Dougie,Henderson,Head Emerging Products & Innovation - Africa,Visa,,
Doug,MacKay,"Director, Business Innovation",JFive,doug_mackay@me.com: doug_mackay@me.com,doug_mackay@me.com
Edward,Budd,Chief Digital Officer,Deutsche Bank AG,Work: edward.budd@db.com,edward.budd@db.com
Elliot,Antrobus-Holder,Group Head of Digital Product,TUI Group,Work: elliot.antrobusholder@specialistholidays.com,elliot.antrobusholder@specialistholidays.com
Elzbieta,Tomkiewicz,Business Development Manager - Digital and Innovation,PwC Polska,ela.tomkiewicz@gmail.com: ela.tomkiewicz@gmail.com,ela.tomkiewicz@gmail.com
Emma,Goddard,Group Digital Product Manager,Metal Bulletin,emmadevine@gmail.com: emmadevine@gmail.com,emmadevine@gmail.com
Fergus,Boyd,Group Director of Digital & IT,Yotel,,
Fernando,Campos,Microsoft Digital Transformation Lead,Microsoft,,
Filippo,Catalano,Chief Digital Operations Officer,Nestle S.A.,plippo@hotmail.com: plippo@hotmail.com,plippo@hotmail.com
Freddie,McMahon,Director of Strategy and Innovation,Anomaly42 Limited,work: fmcmahon8@gmail.com,fmcmahon8@gmail.com
Gabriel,Ossi,Open Innovation,UniCredit,gabriel.ossi@unicredit.eu: gabriel.ossi@unicredit.eu,gabriel.ossi@unicredit.eu
Gaetan,Egloff,"Chief Digital Officer, MD Vietnam Development Lab",WISekey SA,GEGLOFF@WISEKEY.COM: GEGLOFF@WISEKEY.COM,GEGLOFF@WISEKEY.COM
Gerard,Richardson,Digital Collaboration Lead,SABMiller,gedrichardson@hotmail.com: gedrichardson@hotmail.com,gedrichardson@hotmail.com
Gerry,Brown,Senior Analyst - Customer Engagement & Digital Technology,Ovum,gerry_brown@btinternet.com: gerry_brown@btinternet.com,gerry_brown@btinternet.com
Graham,Benson,CIO,rentalcars.com,,
Graham,Kellen,"Head of Digital, Corporate & Distribution IT",Schroders,,
Greg,Jenkins,Digital Business Partner,Three,greg.jenkins@three.co.uk: greg.jenkins@three.co.uk,greg.jenkins@three.co.uk
Gurvinder,Ahluwalia,CTO Technical Solutioning - Cloud & Blockchain,IBM,Work: gurvinder.ahluwalia@us.ibm.com,gurvinder.ahluwalia@us.ibm.com
Hans,Fugers,Manager CIO-Office,Alliander,Work: hans.fugers@gmail.com,hans.fugers@gmail.com
Helmut,Sussbauer,Head of Innovation Management,Deutsche Telekom AG,h.sussbauer@telekom.de: h.sussbauer@telekom.de,h.sussbauer@telekom.de
Howell,Wong,Head of Digital,JWT,howell.wong@gmail.com: howell.wong@gmail.com,howell.wong@gmail.com
Hugo,Pinto,Innovation Officer | IBM Interactive Experience CoC,IBM,hugo@hugomcpinto.com: hugo@hugomcpinto.com,hugo@hugomcpinto.com
Ian,Davis,"Account Director - Banking, Payment & Digital",GfK NOP,,
Ian,Shields,"CIO UK, Ireland & South Africa",PepsiCo,"icshields@yahoo.co.uk: icshields@yahoo.co.uk
Work: ian.shields@pepsico.com","icshields@yahoo.co.uk, ian.shields@pepsico.com"
Ilona,Simpson,"CIO in Residence, Senior Advisor and Venture Partner",ARIADNE CAPITAL,Work: ilona.simpson@me.com,ilona.simpson@me.com
Irene C L,Ng,"Director, International Institute of Product & Service Innovation (IIPSI)","WMG, University of Warwick",irene.cl.ng@gmail.com: irene.cl.ng@gmail.com,irene.cl.ng@gmail.com
Jaco,Fok,Manager Technology & Innovation Excellence,Shell,,
Jags,Rao,Blockchain Workstream Lead,Swiss Reinsurance Company Ltd.,"Work: jagadeesha.rao@gmail.com
None: jags@europe.com","jagadeesha.rao@gmail.com, jags@europe.com"
James,Robbins,Chief Information Office (CIO),Drax Group plc,,
Jane,Wharton,"Function Manager CIO, Defence Equipment",UK Ministry of Defence,None: jjanewharton@aol.com,jjanewharton@aol.com
Jaroslaw,Michalczuk,IT innovation,Atradius,Work: jaroslaw.michalczuk@atradius.com,jaroslaw.michalczuk@atradius.com
Jem,Lloyd-Williams,Executive Director of Product and Innovation,Vizeum UK,jem.lloyd-williams@vizeum.com: jem.lloyd-williams@vizeum.com,jem.lloyd-williams@vizeum.com
Jennifer,Wachtel,"Executive Director, Digital Marketing & Strategy",CME Group,jenwachtel@gmail.com: jenwachtel@gmail.com,jenwachtel@gmail.com
Jeremy,Muras,Digital Director,Lion Capital,jeremymuras@hotmail.com: jeremymuras@hotmail.com,jeremymuras@hotmail.com
Joe,Awni,"Computer Programmer, Blockchain Engineer",CBD,None: joe.awni@gmail.com,joe.awni@gmail.com
Joe,Morrison,Head of Business Improvement & Innovation,Plan UK,jmorrison79@hotmail.com: jmorrison79@hotmail.com,jmorrison79@hotmail.com
John,Barnes,"Managing Director, Digital & Tech",Incisive Media,john.barnes@incisivemedia.com: john.barnes@incisivemedia.com,john.barnes@incisivemedia.com
John,Clarke,"Partner - RCP, TMT & Digital & TBM/ITFM",EY,john.clarke157@btopenworld.com: john.clarke157@btopenworld.com,john.clarke157@btopenworld.com
John,Hanna,Head of Digital Innovation,Majid Al Futtaim,john.hanna@maf.ae: john.hanna@maf.ae,john.hanna@maf.ae
John,Hatwell,"Head of Digital Engagement, Global Retail Banking and Wealth Management at HSBC",HSBC Bank PLC,Work: john.hatwell@hsbc.com,john.hatwell@hsbc.com
John,Hereward Shaw,Head of R&D and Innovation,Direct Line Group,,
Jonathan,Webster,Chief Digital Officer,Lloyds Banking Group,,
Jon,Block,Controller of Commercial Digital Products,ITV,jonblock1@gmail.com: jonblock1@gmail.com,jonblock1@gmail.com
Josep,Amoros,Head of Innovation and Monetization,Banco Sabadell,josep.amoros@gmail.com: josep.amoros@gmail.com,josep.amoros@gmail.com
Josep,Celaya,Director Corporativo de Innovación (Chief Innovation Officer),Mapfre,,
Josh,Bottomley,Global Head of Digital at HSBC,HSBC Bank PLC,Work: josh.bottomley@hsbc.com,josh.bottomley@hsbc.com
Julian,March,"SVP, Editorial & Innovation",NBC News,julian.march@gmail.com: julian.march@gmail.com,julian.march@gmail.com
Julian,Wilson,Head of Mobile Innovation,Barclays Bank PLC,julian.wilson@barclays.com: julian.wilson@barclays.com,julian.wilson@barclays.com
Justin,Conry,"Head of Transformation,Board Member",Three,Work: justin.conry@three.ie,justin.conry@three.ie
Kari,Jordan,"Head of Innovation, Downstream",Shell,Work: kari.jordan@shell.com,kari.jordan@shell.com
Karl,Happe,CIO Insurance Related Strategies,Allianz Group,Work: karl.happe@allianzgi.com,karl.happe@allianzgi.com
Kate,Arkless Gray,Digital Communities Editor,Wellcome Trust,radiokate+in@gmail.com: radiokate+in@gmail.com,radiokate+in@gmail.com
Kaushalya,Somasundaram,"Director, Innovation and Investments",HSBC Bank PLC,kaushalya.somasundaram@hsbc.com: kaushalya.somasundaram@hsbc.com,kaushalya.somasundaram@hsbc.com
Kevin,Hinde,"Director of Digital Systems, Science & Scholarly",Macmillan Science and Education,kevin.hinde@gmail.com: kevin.hinde@gmail.com,kevin.hinde@gmail.com
Kiran,Ganesh,Executive Director - CIO Head of Investment Advice Solutions,UBS Limited,kiran.ganesh@ubs.com: kiran.ganesh@ubs.com,kiran.ganesh@ubs.com
Laura,Bond,Senior Innovation Partnerships Manager,Alliance Boots GmbH,Laura.Bond@boots.co.uk: Laura.Bond@boots.co.uk,Laura.Bond@boots.co.uk
Laura,Merling,VP Digital Experience,AT&T,laura.merling@gmail.com: laura.merling@gmail.com,laura.merling@gmail.com
Leda,Glyptis,"Director, EMEA Innovation",BNY Mellon,,
Leo,Ryan,Global Head of Innovation and Partnerships; Social@Ogilvy,Ogilvy & Mather Advertising,None: leo.ryan@ogilvy.com,leo.ryan@ogilvy.com
Louis,Carbonnier,Head of Digital Agency,Euler Hermes Credit France,,
Lucy,Barbor,Group Digital Director,DENTSU AEGIS NETWORK LTD.,grandfather22@hotmail.com: grandfather22@hotmail.com,grandfather22@hotmail.com
Malcolm,Salisbury,Manager External Research & Innovation,Shell,,
Manish,Awasthi,Head of Strategic Arch and Innovation,SWIFT,Work: Manish.AWASTHI@swift.com,Manish.AWASTHI@swift.com
Manoj,Mamachan,Business Innovation Manager,Robert Bosch GmbH,Work: Manoj.Mamachan@in.bosch.com,Manoj.Mamachan@in.bosch.com
Marco,Ottolini,Head of Fashion & Retail Innovation,DS Group,marco@ottolini.com: marco@ottolini.com,marco@ottolini.com
Mark,Gibbons,EMEA Chief Information Officer (CIO),BNY Mellon,,
Mark,O'Neill,Head of Innovation and Delivery,Government Digital Service,fallingbadgers@gmail.com: fallingbadgers@gmail.com,fallingbadgers@gmail.com
Martin,Beake,Senior Digital Project Manager,Barclays Bank PLC,martin.beake@moongazy.com: martin.beake@moongazy.com,martin.beake@moongazy.com
Matt,Peers,CIO,Linklaters,"matt.peers100@gmail.com: matt.peers100@gmail.com
matt.peers100@gmail.com: matt.peers100@gmail.com","matt.peers100@gmail.com, matt.peers100@gmail.com"
Maurizio,Pilu,VP Digital Innovations CTO Office,Lloyds Register,Work: maurizio.pilu@lr.org,maurizio.pilu@lr.org
Max,Kalis,Innovation Culture & Events Manager,Lloyds Banking Group,maxwhkalis@gmail.com: maxwhkalis@gmail.com,maxwhkalis@gmail.com
Meera,Mistry,"Associate, Wealth Transformation Programme",HSBC Bank PLC,Work: meera.mistry@hsbc.com,meera.mistry@hsbc.com
Michael,Ibbitson,CIO,Gatwick Airport,m.ibbitson@gmail.com: m.ibbitson@gmail.com,m.ibbitson@gmail.com
Michelle,Teufel,Head of Digital Strategy,Arrow Electronics,Personal: teufelm@gmail.com,teufelm@gmail.com
Miles,Hillier,"Sales Fulfilment Lead, Digital Sales",Royal Bank of Scotland,miles.hillier@rbs.co.uk: miles.hillier@rbs.co.uk,miles.hillier@rbs.co.uk
Morteza,Mahjour,CIO,Lloyds Banking Group,,
Naim,Kazmi,"Head of Architecture, Methodology and Innovation",Lloyds Banking Group,,
Neha,Kaushik,"Vice President & Head, Digital Acquisitions COE, EMEA",Citi,nehakaushik@gmail.com: nehakaushik@gmail.com,nehakaushik@gmail.com
Neil,Howard,Digital Design Manager,Sensata Technologies,njhoward@theiet.org: njhoward@theiet.org,njhoward@theiet.org
Niall,Cameron,Global Head Of Corporate and Institutional Digital,HSBC Bank PLC,Work: niall.cameron@hsbcib.com,niall.cameron@hsbcib.com
Niall,O'Gorman,Interim - Global Digital Transformation Lead Coffee,Mondelez International,niall.ogorman@gmail.com: niall.ogorman@gmail.com,niall.ogorman@gmail.com
Nick,Doddy,Head of Strategy & Innovation,Deutsche Bank AG,nick.doddy@db.com: nick.doddy@db.com,nick.doddy@db.com
Nick,Grove,Founder / Innovation,NXT 2 PAY,ngrove@twincentric.com: ngrove@twincentric.com,ngrove@twincentric.com
Nick,Jones,Head of Digital & CSR,Visa Europe,nickmacjones@gmail.com: nickmacjones@gmail.com,nickmacjones@gmail.com
Nick,Sawyer,Bi Transformation Lead,Sainsbury's,'nick.sawyer@sainsburys.co.uk': 'nick.sawyer@sainsburys.co.uk','nick.sawyer@sainsburys.co.uk'
Nicolas,Arbogast,Head of Lending Digital Transformation,BANGKOK BANK PUBLIC COMPANY LIMITED,Work: nicolas.geo@bbl.co.th,nicolas.geo@bbl.co.th
Nikola,Tchouparov,Head of Blockchain Strategy,Tramonex,Work: nikola.tchouparov@tramonex.com,nikola.tchouparov@tramonex.com
Pascal,Aerens,Head of Innovation,FircoSoft,Work: pascal.aerens@fircosoft.com,pascal.aerens@fircosoft.com
Patricio,Colombo,Head of IT & Systems (CIO),The Jamie Oliver Group,patricio@colombo.me.uk: patricio@colombo.me.uk,patricio@colombo.me.uk
Paul,Campbell,Head of Cash & Liquidity Transformation,BANGKOK BANK PUBLIC COMPANY LIMITED,,
Paul,Cooper,CIO,Burton biscuits,,
Paul,Heybourne,"Innovation, Research & Demonstration Lab Manager",Aviva plc,paul.heybourne@aviva.co.uk: paul.heybourne@aviva.co.uk,paul.heybourne@aviva.co.uk
Paul,Hood,"Digital Director, London",Archant,paul.hood@archant.co.uk: paul.hood@archant.co.uk,paul.hood@archant.co.uk
Pepe,Moder,,,,
Peter,Edwards,CIO,Domestic & General,Work: peedwards@gmail.com,peedwards@gmail.com
Peter,Neufeld,"Executive Director, Digital Advisory, Europe, Middle East, India and Africa",EY,peter@marteauinc.com: peter@marteauinc.com,peter@marteauinc.com
Philippe,Ruault,Chief Innovation and Digital Officer (Head Of IDLab),BNP Paribas Securities Services,Work: philippe.ruault@bnpparibas.com,philippe.ruault@bnpparibas.com
Phil,Jones,CIO,Prudential Plc,,
Phil,Knight,Chief Architect - Digital,Lloyds Banking Group,peknight@hotmail.com: peknight@hotmail.com,peknight@hotmail.com
Raman,Bhatia,"Head of Digital, UK at HSBC Retail Banking and Wealth Management",HSBC Bank PLC,Work: raman.bhatia@hsbc.com,raman.bhatia@hsbc.com
Rene,Honig,"VP Strategy, Portfolio & Innovation",Shell,,
Richard,Davidson-Houston,Head of All 4 and Digital Content,Channel 4,richard@davidson-houston.com: richard@davidson-houston.com,richard@davidson-houston.com
Richard,Walsh,Either as transformational Head of IT or Programme Manager,Looking for my next opportunity,mr.rjwalsh@gmail.com: mr.rjwalsh@gmail.com,mr.rjwalsh@gmail.com
Roberto,Hortal,Head of Digital,EDF Energy,rhortal@gmail.com: rhortal@gmail.com,rhortal@gmail.com
Rob,Harding,Chief Information Officer (CIO),Capital One,robert.harding@capitalone.com: robert.harding@capitalone.com,robert.harding@capitalone.com
Rob,Hussey,"CIO, Retirement",Mercer,rob.hussey@mercer.com: rob.hussey@mercer.com,rob.hussey@mercer.com
Robin,Stagg,Innovation Manager,Allianz Group,"robin.stagg@allianz.co.uk: robin.stagg@allianz.co.uk
robin.stagg@allianz.co.uk: robin.stagg@allianz.co.uk","robin.stagg@allianz.co.uk, robin.stagg@allianz.co.uk"
Roger,Townsend,Innovation Manager,EDF Energy,Work: roger.townsend@edfenergy.com,roger.townsend@edfenergy.com
Roland,Klemann,"Senior Director, Service Provider Transformation Group",Cisco Systems,roland@null.net: roland@null.net,roland@null.net
Rosendo,Travieso,Head of Digital Product Management,Westfield,rosendo@travieso.org: rosendo@travieso.org,rosendo@travieso.org
Ruth Foxe,Blader,"Fintech Investor, Allianz Digital Corporate Ventures",Allianz Group,,
Sahil,Verma,Business Transformation Director,Regus,sahil_verma@ymail.com: sahil_verma@ymail.com,sahil_verma@ymail.com
Sam,Keegan,"Senior Scientist, Open Innovation","Kraft Foods Global, Inc.",samuel.keegan@mdlz.com: samuel.keegan@mdlz.com,samuel.keegan@mdlz.com
Sarah Rachel,Jones,Senior Manager - Digital Content,American Express,,
Sean,Gilchrist,Managing Director Commercial Digital,Lloyds Banking Group,,
Serge,Taborin,Global Digital Innovation Director,Aviva plc,"serge.taborin@aviva.com: serge.taborin@aviva.com
serge_taborin@hotmail.com: serge_taborin@hotmail.com","serge.taborin@aviva.com, serge_taborin@hotmail.com"
Shailen,Joshi,Head of Digital Communications,Lloyds Banking Group,shailen77@hotmail.co.uk: shailen77@hotmail.co.uk,shailen77@hotmail.co.uk
Shane,Williams,"WM Digital Transformation, Crypto 2.0",UBS Limited,"swilli40@hotmail.com: swilli40@hotmail.com
Work: shane.williams@ubs.com","swilli40@hotmail.com, shane.williams@ubs.com"
Sridhar,Sethuraman,Digital SME & HSBC Implementation Lead,eWise,sridhar@customerbright.com: sridhar@customerbright.com,sridhar@customerbright.com
Stathis,Souvaliotis,CIO for HR and IT Director,BP,stathis.souvaliotis@bp.com: stathis.souvaliotis@bp.com,stathis.souvaliotis@bp.com
Stefania,Vigna,Innovation Unit - Research & Methodology,Intesa Sanpaolo,stefania.vigna@intesasanpaolo.com: stefania.vigna@intesasanpaolo.com,stefania.vigna@intesasanpaolo.com
Steven,O'Connor,Strategic Transformation Project Manager,"American International Group, Inc.",steven.o'connor@aig.com: steven.o'connor@aig.com,steven.o'connor@aig.com
Steve,Phillips - Social Media Consultant,"VP, Social Media - Design and Digital Office",Barclays Bank PLC,stevekphillips@gmail.com: stevekphillips@gmail.com,stevekphillips@gmail.com
Stuart,Chalmers,Director of Digital,BRE (Building Research Establishment),None: stuart.chalmers@gmail.com,stuart.chalmers@gmail.com
Stuart,Duncan,Director of Digital Content,Bauer Media,stuart2707@mac.com: stuart2707@mac.com,stuart2707@mac.com
Surinder,Kooner,Head of Innovation,Allianz Group,Work: surinder.kooner@allianz.co.uk,surinder.kooner@allianz.co.uk
Sven,Denecken,SVP Product Management and Co-Innovation S/4HANA,SAP,sven.denecken@sap.com: sven.denecken@sap.com,sven.denecken@sap.com
Tariq,Rasul,Global Programme Manager - Digital Transformation,HSBC Bank PLC,tariq.rasul@touchpointsolutions.co.uk: tariq.rasul@touchpointsolutions.co.uk,tariq.rasul@touchpointsolutions.co.uk
Tim,Bangemann,CIO Office,Deka Investment,Work: tim.bangemann@gmail.com,tim.bangemann@gmail.com
Tim,Miller,"Chief Operating Officer, HSBC Digital Solutions",HSBC Bank PLC,,
Tom,Ablewhite,Senior Business & Digital Strategist,Havas Work Club,tablewhite@hotmail.com: tablewhite@hotmail.com,tablewhite@hotmail.com
Tom,Castle,"Programme Manager, KYC and Onboarding, Digital Technology and Engineering Services - Vice President",Royal Bank of Scotland,tom_greenwich@yahoo.co.uk: tom_greenwich@yahoo.co.uk,tom_greenwich@yahoo.co.uk
Tom,Dalglish,"SVP, Global Head of Transformation",SmartStream Technologies,tommy.dalglish@gmail.com: tommy.dalglish@gmail.com,tommy.dalglish@gmail.com
Tommy,Parker,Digital Innovation Lead,Ki Performance,twp15@hotmail.co.uk: twp15@hotmail.co.uk,twp15@hotmail.co.uk
Tushar,Patel,CIO and Managing Director,HFIM,tpatel@hfim.com: tpatel@hfim.com,tpatel@hfim.com
Vignesh,Raja,Innovation,Viktor Koenig,Work: vignesh@vk.ae,vignesh@vk.ae
Vipul,Nagrath,CIO Enterprise Solutions,Bloomberg LP,vnagrath@gmail.com: vnagrath@gmail.com,vnagrath@gmail.com
Vivek,Viswanathan,"Digital Manager, Loans",Lloyds Banking Group,vivek3005@gmail.com: vivek3005@gmail.com,vivek3005@gmail.com
Wil,Harris,Head of Digital,Condé Nast Publications,will.harris@condenast.co.uk: will.harris@condenast.co.uk,will.harris@condenast.co.uk
Yann,Ruello,Head of TV & Entertainment Innovation,Orange,yann@ruello.fr: yann@ruello.fr,yann@ruello.fr
Yemi,Fagbenro,Digital Transformation Architect,Diageo,,
Yuri,Sebregts,EVP Innovation/R&D and CTO,Shell,Work: y.sebregts@shell.com,y.sebregts@shell.com
Zaka,Mian,Digital transformation director & Retail CIO,Lloyds Banking Group,Zaka.Mian@LloydsTSB.co.uk: Zaka.Mian@LloydsTSB.co.uk,Zaka.Mian@LloydsTSB.co.uk
