FIRST NAME,LAST NAME,ORGANIZATION,JOB ROLE,EMAIL,EMAIL (PLAIN)
Adrian,Daniel,NewDay,Head of Data Architecture,adrian.daniel@dunnhumby.com: adrian.daniel@newday.co.uk,adrian.daniel@newday.co.uk
Agnieszka,Michalik,Nokia,Senior Data Architect,inesami@gmail.com: inesami@gmail.com,inesami@gmail.com
Ahmet,Temizsoy,Standard & Poor's,Director - Data Strategy & Operations,temizsoyahmet@gmail.com: temizsoyahmet@gmail.com,temizsoyahmet@gmail.com
Aki,Matsushima,Royal Mail,Data Scientist (Senior Manager),akimatsushima@gmail.com: akimatsushima@gmail.com,akimatsushima@gmail.com
Alain,Ouk Glickman,Orange Group,VP Analytics,Work: alain.glickman@orange-ftgroup.com,alain.glickman@orange-ftgroup.com
Alan,Covall,Lloyds Banking Group,Head of Market Data,alancovall@aol.com: alancovall@aol.com,alancovall@aol.com
Alan,Priestley,Intel Corporation,Cloud & Big Data Analytics Solutions Marketing Director,alan.priestley@t-online.de: alan.priestley@t-online.de,alan.priestley@t-online.de
Alasdair,Anderson,HSBC Bank PLC,Head of Group Big Data Services,alasdair.anderson@gmail.com: alasdair.anderson@gmail.com,alasdair.anderson@gmail.com
Alberto,Villari,Ricoh Europe,Data Governance Manager,Personal: alberto.villari@ricoh-europe.com,alberto.villari@ricoh-europe.com
Alessandro,Allodi,Shell,Chief Data Officer,Work: a.allodi@shell.com,a.allodi@shell.com
Alessandro,Bulfone,Mediobanca,Chief Data Officer,Work: alessandro.bulfone@mediobanca.com,alessandro.bulfone@mediobanca.com
Alex,Glaser,PIERCE PROTOCOLS LIMITED,Data Scientist,alexglaser1973@gmail.com: alexglaser1973@gmail.com,alexglaser1973@gmail.com
Alex,Timbs,AOL International,"Head of Data & Attribution, International at AOL","Work: alex.timbs@teamaol.com
Work: alex.timbs@oath.com","alex.timbs@teamaol.com, alex.timbs@oath.com"
Alpesh,Desai,IHG - InterContinental Hotels Group,Director/Enterprise Architect - Data Services,desaiak@gmail.com: desaiak@gmail.com,desaiak@gmail.com
Alun,Jones,Kone Cranes,Data Scientist,Alun Jones <alun.jones@konecranes.com>: Alun Jones <alun.jones@konecranes.com>,Alun Jones <alun.jones@konecranes.com>
Anantha,Prasad,HSBC Bank PLC,"Global Head, Data Governance and Head, Data & Information Management EMEA",Work: anantha.prasad@hsbc.com,anantha.prasad@hsbc.com
Andreas,Braun,Allianz Group,"Head, Global Data & Analytics","ANDREAS.BRAUN1@ALLIANZ.COM: ANDREAS.BRAUN1@ALLIANZ.COM
ANDREAS.BRAUN1@allianz.com: ANDREAS.BRAUN1@allianz.com","ANDREAS.BRAUN1@ALLIANZ.COM, ANDREAS.BRAUN1@allianz.com"
Andrew,Deykin,Havas Media,Head of Data,andrew.deykin@gmail.com: andrew.deykin@gmail.com,andrew.deykin@gmail.com
Andrew,Hall,BNP Paribas,Head of Data Fabric,Andrew.J.HALL@uk.bnpparibas.com: Andrew.J.HALL@uk.bnpparibas.com,Andrew.J.HALL@uk.bnpparibas.com
Andrew,Maclaren,NATIONAL HEALTH SERVICES (NHS),Executive Director - Information & Analytics,acmaclaren@gmail.com: acmaclaren@gmail.com,acmaclaren@gmail.com
Andrew,Mann,The Co-operative Group,Customer Director- Food / Customer Data Director - Group,,
Andrew,McMurtrie,Direct Line Group,Head of Data Science,Work: andrew.mcmurtrie@directlinegroup.co.uk,andrew.mcmurtrie@directlinegroup.co.uk
Andrew,Trigg,Land Registry,Head of Data,andrew.trigg@landregistry.gsi.gov.uk: andrew.trigg@landregistry.gsi.gov.uk,andrew.trigg@landregistry.gsi.gov.uk
Anil,Kumar,AIG Europe Limited,Insurance Risk/Data Analyst,anilshere@gmail.com: anilshere@gmail.com,anilshere@gmail.com
Anna,Zeiter,eBay International AG,Chief Data Officer,Work: azeiter@ebay.com,azeiter@ebay.com
Antonio,Alvarez,ISBAN,"Head of Data innovation at Isban UK, Santander group",aalvarez.internet@gmail.com: aalvarez.internet@gmail.com,aalvarez.internet@gmail.com
Anya,Ziskina,L'Oreal,"Head of Data Strategy and Analytics, Digital L'Oreal UKI",anna.ziskina@gmail.com: anna.ziskina@gmail.com,anna.ziskina@gmail.com
Asif,Nadeem,Provident Financial Group UK & ROI,Head of Data Strategy and Delivery,asif.nadeem@provident.co.uk: asif.nadeem@provident.co.uk,asif.nadeem@provident.co.uk
Aswyn,Saktoe-Veenenbos,T-Mobile Netherlands,Manager Marketing Database Intelligence,Work: aswyn.saktoe-veenenbos@t-mobile.nl,aswyn.saktoe-veenenbos@t-mobile.nl
Barry,Green,Bank of Ireland,Chief Data Officer,"Work: barry.green@bankofireland.com
Work: Barry.Green@BOI.com","barry.green@bankofireland.com, Barry.Green@BOI.com"
Barry,Panayi,Amlin,Chief Data Officer,"Work: bpanayi@gmail.com
Work: barry.p@amlinc.com
Work: barry.panayi@amlin.com","bpanayi@gmail.com, barry.p@amlinc.com, barry.panayi@amlin.com"
Ben,Dudley,Havas Media,Head of Data Modelling,ben_r_dudley@hotmail.com: ben_r_dudley@hotmail.com,ben_r_dudley@hotmail.com
Bert,van de Haar,ING,Chief Data Officer,Work: bert.van.de.haar@ing.nl,bert.van.de.haar@ing.nl
Bo,Boisen,HSBC Bank PLC,Program Director - Regulatory and Risk Analytics,bboisen@gmail.com: bboisen@gmail.com,bboisen@gmail.com
Boris,Huard,Experian,"UK&I Managing Director, Experian Data Quality",borishuard@hotmail.com: borishuard@hotmail.com,borishuard@hotmail.com
Brennan,Carley,Thomson Reuters,Global Head of Enterprise Platform and Enterprise Analytics Business,brennan.carley@protonadvisors.com: brennan.carley@protonadvisors.com,brennan.carley@protonadvisors.com
Brian,Bissett,XL Catlin,Chief Data Officer,None: Brian.Bissett@catlin.com,Brian.Bissett@catlin.com
Brijesh,Balakrishnan,MESH The Experience Agency,Chief Data Officer,Work: brijeshbalakrishnan@meshexperience.com,brijeshbalakrishnan@meshexperience.com
Bruno,Bonacci,Channel 4,BigData Architect in R&D,bonacci.bruno@gmail.com: bonacci.bruno@gmail.com,bonacci.bruno@gmail.com
Carole,McCourt,Sage,Data Quality Manager,carolemccourtdqm@outlook.com: carolemccourtdqm@outlook.com,carolemccourtdqm@outlook.com
Caroline,Carruthers,,Chief Data Officer,,
Charles,Cai,BP p.l.c. (Trading Division),Head of Data Science Technology,,
Charles,Gadalla,SAP,"Director, Advanced Analytics (Predictive Analysis)",charles.gadalla@gmail.com: charles.gadalla@gmail.com,charles.gadalla@gmail.com
Chris,Johnson,HSBC Bank PLC,"Senior Product Manager, Market Data Services",chris.johnson@hsbc.com: chris.johnson@hsbc.com,chris.johnson@hsbc.com
Christian Wiese,Svanberg,Danish National Police,"Chief Privacy Officer, Head of Data Protection Unit",,
Christine,De Tourniel,BNP Paribas,Chief Data Officer - CIB ITO,christinedetourniel@me.com: christinedetourniel@me.com,christinedetourniel@me.com
Christophe,le Lannou,Data Learning,Smart Analytics - Data Science,cll@datalearning.eu: cll@datalearning.eu,cll@datalearning.eu
Claire,Jessop,Leeds Building Society,Head of Data Governance,c.l.jessop@btopenworld.com: c.l.jessop@btopenworld.com,c.l.jessop@btopenworld.com
Corey,Cardine,HSBC Bank PLC,Global Head Risk Analytics FCC,,
Daniel,Dinnyes,Barclays Bank PLC,Scala / Big Data Specialist (Contract),dinnyesd@gmail.com: dinnyesd@gmail.com,dinnyesd@gmail.com
Daniel,Nelson,Ocado Technology,Head of Data,daniel.nelson@ocado.com: daniel.nelson@ocado.com,daniel.nelson@ocado.com
Daniel,Ryan,Swiss Re,Head of R&D - Life&Health & Big Data,daniel_ryan@swissre.com: daniel_ryan@swissre.com,daniel_ryan@swissre.com
Daniel,Thull,Johnson & Johnson,Chief Data Officer,Work: dthull@its.jnj.com,dthull@its.jnj.com
Dan,Johnson,HSBC,Chief Data Officer,"Personal: dan.johnson@handfulofpebbles.com
Work: dan.johnson@hsbc.com","dan.johnson@handfulofpebbles.com, dan.johnson@hsbc.com"
Dan,Kellett,Capital One,Director of Data Science,Dan.Kellett@capitalone.com: Dan.Kellett@capitalone.com,Dan.Kellett@capitalone.com
Darren,Siddle,HSBC Bank PLC,Data Lead - AMG - Big Data and Group Data Management Programme,darrensiddle@hotmail.com: darrensiddle@hotmail.com,darrensiddle@hotmail.com
David,Asfaha,Addison Lee,Data Scientist,davidasfaha@gmail.com: davidasfaha@gmail.com,davidasfaha@gmail.com
David,Coughlin,Dell EMC,"HPC, Open Source Cloud and Big Data Sales",davec@f2s.com: davec@f2s.com,davec@f2s.com
David,Fletcher,MEC,Chief Data Officer,Work: David.Fletcher@mecglobal.com,David.Fletcher@mecglobal.com
David,Hayes,Santander,Chief Data Officer,david.hayes@santander.com: david.hayes@santander.com,david.hayes@santander.com
David,Joyce,Sage,Data and Analytics Manager,david.joyce@sage.com: david.joyce@sage.com,david.joyce@sage.com
David,Lang,Lloyd's of London,Chief Data Officer,davidmlang@btinternet.com: davidmlang@btinternet.com,davidmlang@btinternet.com
David,May,Vodafone Group Public Limited Company,Global Customer Analytics Capabilities - Senior Manager,d_j_may@hotmail.com: d_j_may@hotmail.com,d_j_may@hotmail.com
David,Pardoe,Hays,Group Head of Data Science,david.pardoe@aig.com: david.pardoe@aig.com,david.pardoe@aig.com
David,Pears,M&G,Head of Data & Integration,,
David,Rhee,adidas group,Global Marketing Analytics,"wdaveonline@gmail.com: wdaveonline@gmail.com
None: david.rhee@adidas.com","wdaveonline@gmail.com, david.rhee@adidas.com"
David,Watkins,RSA,Chief Data Officer,davidjwatkins@gmail.com: davidjwatkins@gmail.com,davidjwatkins@gmail.com
David,Wilton,Admiral Group Plc,Data Scientist,dave_wilton@hotmail.com: dave_wilton@hotmail.com,dave_wilton@hotmail.com
Denys,Medin,RELX Group,Head of Data / CDO,denys.medin@icis.com: denys.medin@icis.com,denys.medin@icis.com
Derek,Dempsey,FICO,"Director, Data Science Centre of Excellence",derek.dempsey@fico.com: derek.dempsey@fico.com,derek.dempsey@fico.com
Dimitrios,Velmachos,Bupa,"Group Chief Actuary, Head of Big Data & Analytics","Personal: dvelmachos@gmail.com
Work: dimitrios.velmachos@bupa.com","dvelmachos@gmail.com, dimitrios.velmachos@bupa.com"
Domenico,Picone,BlackRock,"Head of Mortgage Analytics, European Mortgage Strategies",domenicopicone@hotmail.com: domenicopicone@hotmail.com,domenicopicone@hotmail.com
Dorian,McCree,Vodafone Group Public Limited Company,Data Analytics,Work: dorian.mccree@vodafone.com,dorian.mccree@vodafone.com
Dries,de Dauw,AG Insurance,Head of Customer and Data Analytics,,
Dr. Przemyslaw,Rymaszewski,Zurich Insurance Company Ltd.,Predictive Analytics Program Manger,przemyslaw.rymaszewski@zurich.com: przemyslaw.rymaszewski@zurich.com,przemyslaw.rymaszewski@zurich.com
Ed,Wiley,Sears Holdings Corporation,Chief Data Scientist; DVP Pricing,Ed.Wiley@BoulderStrategicAnalytics.com: Ed.Wiley@BoulderStrategicAnalytics.com,Ed.Wiley@BoulderStrategicAnalytics.com
Eleanor,Brown,Prudential Plc,"Senior Analytics Manager, Group Finance",Work: eleanor.brown@prudential.co.uk,eleanor.brown@prudential.co.uk
Elisabeth,Ling,Elsevier,SVP Analytics,,
Eloy,Sasot,Sodexo,Chief Data Officer,"None: esasot@newscorp.com
Work: esasot@yahoo.com","esasot@newscorp.com, esasot@yahoo.com"
Emanuele,Quintarelli,EY,"Social Enterprise and Social Analytics, EMEIA Enterprise Intelligence Center of Excellence",emanuele.quintarelli@gmail.com: emanuele.quintarelli@gmail.com,emanuele.quintarelli@gmail.com
Emma,Ede,M&G,Head of Data Governance,,
Eran,Cypris,Kohl's Department Stores,Data Warehouse Architect,eran@myidea.com: eran@myidea.com,eran@myidea.com
Erkin,Oksel,Citi,Big Data - Digital Controls Manager,erkin.oksel@citi.com: erkin.oksel@citi.com,erkin.oksel@citi.com
Eulogio,Barragan,GE Capital,Enterprise Data Leader,None: eulogio.barragan@ge.com,eulogio.barragan@ge.com
Eurydice,Lafferayrie,JobTeaser.com,Chief Data Officer,Work: eurydice.lafferayrie@jobteaser.com,eurydice.lafferayrie@jobteaser.com
Evgeny,Vinogradov,Yandex.Money,Head of Data Warehouse and Analytical Services Development Department,dm_jonny@mail.ru: dm_jonny@mail.ru,dm_jonny@mail.ru
Fabio Alexander,Corzo,HSBC Bank PLC,Head Group Business Data Architecture,fabio.corzo@hsbc.com: fabio.corzo@hsbc.com,fabio.corzo@hsbc.com
Ferdinand,De Grijs,ABN Amro Group,Head of Application and Data Architecture,,
Francesca,De Finis,The Coca-Cola Company,Marketing Director EEMEA - The McDonald's Division at The Coca-Cola Company,Work: https://it.linkedin.com/in/francesca-de-finis-a742031,https://it.linkedin.com/in/francesca-de-finis-a742031
Fredi,Lienhardt,Swiss Re,"VP, Big Data & Smart Analytics Centre Mgr",fredi@lienhardt.es: fredi@lienhardt.es,fredi@lienhardt.es
Gareth,Martin,Hewlett-Packard,Big Data Analytics Lead EMEA,"garethmartini@gmail.com: garethmartini@gmail.com
gareth.martin@atos.net: gareth.martin@atos.net
gareth.martin@atosorigin.com: gareth.martin@atosorigin.com","garethmartini@gmail.com, gareth.martin@atos.net, gareth.martin@atosorigin.com"
Garry,Manser,Visa Europe,Head of Data Governance,,
Garry,Williams,Aberdeen Asset Management,Deputy Global Head of Performance & Data Services,Garry.Williams@aberdeen-asset.com: Garry.Williams@aberdeen-asset.com,Garry.Williams@aberdeen-asset.com
Gary,Goldberg,Mizuho International,Chief Data Officer,Work: gary.goldberg@uk.mizuho-sc.com,gary.goldberg@uk.mizuho-sc.com
Gauthier,Labalette,PayPal,"Director, EMEA Marketing Analytics",labalette@gmail.com: labalette@gmail.com,labalette@gmail.com
Gert,Harren,HolidayCheck AG,Head of Data Management,mail@gertharren.de: mail@gertharren.de,mail@gertharren.de
Giles,Pavey,dunnhumby,Chief Data Scientist,giles.pavey@dunnhumby.com: giles.pavey@dunnhumby.com,giles.pavey@dunnhumby.com
Giuseppe,Gaviani,CACI Ltd,"Account Manager, Market Databases Group",ggaviani@gmail.com: ggaviani@gmail.com,ggaviani@gmail.com
Giuseppe,Vettigli,Cambridge Energy Data Lab,Data Scientist,giuseppe.vettigli@camenergydatalab.com: giuseppe.vettigli@camenergydatalab.com,giuseppe.vettigli@camenergydatalab.com
Graeme,Mcdermott,Addison Lee,Chief Data Officer,Work: graeme.mcdermott@addisonlee.com,graeme.mcdermott@addisonlee.com
Graeme,Sherrington,Amlin,Enterprise Data Architect (Interim),graeme.sherrington@allianzgi.com: graeme.sherrington@allianzgi.com,graeme.sherrington@allianzgi.com
Gunnar,Peters,Admiral Group Plc,Head of Data and MI,,
Guoxian,Yang,CapSo Inc.,Chief Data Scientist,gyang@tcd.ie: gyang@tcd.ie,gyang@tcd.ie
Hany,Choueiri,State Street Global Advisors Limited,Chief Data Officer,"h_choueiri@hotmail.com: h_choueiri@hotmail.com
None: HChoueiri@StateStreet.com","h_choueiri@hotmail.com, HChoueiri@StateStreet.com"
Hariprasad,Akkineni,Barclays Bank PLC,VP - Risk Reporting and Analytics Architect/Lead,,
Hari,Sekhon,Investment Bank,Hadoop / Big Data Architect (Contract),"hari.sekhon@uk.bnpparibas.com: hari.sekhon@uk.bnpparibas.com
harisekhon@gmail.com: harisekhon@gmail.com","hari.sekhon@uk.bnpparibas.com, harisekhon@gmail.com"
Heather,Savory,Office for National Statistics,Deputy National Statistician and Director General for Data Capability,"None: heather.savory@btinternet.com
Work: hsavory.jemba2004@london.edu","heather.savory@btinternet.com, hsavory.jemba2004@london.edu"
Helen,Crooks,Lloyd's of London,Chief Data Officer,Work: helen.crooks@lloyds.com,helen.crooks@lloyds.com
Henrik,Atteryd,,,,
Howard,Barber,Standard Life,Head of CRM and Analytics,,
Hugues,Le Bars,Neopost,Chief Data Officer (CDO),h.lebars@neopost.com: h.lebars@neopost.com,h.lebars@neopost.com
Iqbal,Adjali,LV=,Head of Analytics,iqbal.adjali@btinternet.com: iqbal.adjali@btinternet.com,iqbal.adjali@btinternet.com
James,Hanscomb,tenthavenue,Chief Data Officer,jameshanscomb@hotmail.com: jameshanscomb@hotmail.com,jameshanscomb@hotmail.com
James,McAlister,Winterbourne Healthcare,Director of Analytics,jamesaccounting@gmail.com: jamesaccounting@gmail.com,jamesaccounting@gmail.com
James,Ollunga,MediaVest,Associate Director of Analytics,ollunga@gmail.com: ollunga@gmail.com,ollunga@gmail.com
Jason,Levin,Carat,"VP, Director of Data Analytics",jasonalevin@yahoo.com: jasonalevin@yahoo.com,jasonalevin@yahoo.com
Jean,Ruiz,International Air Transport Association,"Head, Travel Intelligence, Industry Data, FDS",Work: jeanr@iata.org,jeanr@iata.org
jedidiah,francis,CSC - Computer Sciences Corporation,Lead Data Scientist,jedidiah.francis@gmail.com: jedidiah.francis@gmail.com,jedidiah.francis@gmail.com
Jeremy,Posner,Synechron,Senior Director - Data Management and Strategy,,
Jimmy,Hosang,Direct Line Group,Insight and Analytics Manager,jimmyhosang@gmail.com: jimmyhosang@gmail.com,jimmyhosang@gmail.com
Johan,Vallin,TeliaSonera,Data Scientist at Advanced Analytics in centre of insights,vallin@kth.se: vallin@kth.se,vallin@kth.se
John,Allen,Deutsche Bank AG,"Chief Architect, Data Analytics and Big Data",john.howard.allen@gmail.com: john.howard.allen@gmail.com,john.howard.allen@gmail.com
John,Telford,Channel 4,Enterprise Data Architect,JTelford@Channel4.co.uk: JTelford@Channel4.co.uk,JTelford@Channel4.co.uk
Jonathan,Hodges,Pearson North America,"Chief Architect, Adaptive Learning and Analytics",hodgesz@gmail.com: hodgesz@gmail.com,hodgesz@gmail.com
Jonathan,Mansley,Aviva plc,"Head of Data, Analytics and Insight",manslej@NORWICH-UNION.CO.UK: manslej@NORWICH-UNION.CO.UK,manslej@NORWICH-UNION.CO.UK
Jon,Catling,Las Vegas Sands Corp.,Director Global Data Architecture,,
Jon,Moxham,British Red Cross,Chief Data Officer,"Work: jmoxham@redcross.org.uk
Work: JMoxham@redcross.org.uk","jmoxham@redcross.org.uk, JMoxham@redcross.org.uk"
Joseph,Rice,Twitter,Head of data sales,jrice@twitter.com: jrice@twitter.com,jrice@twitter.com
Joshua,Aburrow-Newman,Markerstudy Insurance,Junior Data Scientist.,JAburrow-Newman@markerstudy.com: JAburrow-Newman@markerstudy.com,JAburrow-Newman@markerstudy.com
JP,Rangaswami,Deutsche Bank AG,Chief Data Officer,jobsworth@me.com: jobsworth@me.com,jobsworth@me.com
Juha,Ylikoski,TeliaSonera Finland,Head of Analytics Consumer Business,Work: juha.ylikoski@teliasonera.com,juha.ylikoski@teliasonera.com
Julian,Dorado,M&G,Director of Data Management,,
Julian,Elliott,DENTSU AEGIS NETWORK LTD.,Chief Data Officer,"julian.elliott@dentsuaegis.com: julian.elliott@dentsuaegis.com
julian.elliott@dentsuaegis.com: julian.elliott@dentsuaegis.com","julian.elliott@dentsuaegis.com, julian.elliott@dentsuaegis.com"
Julia,Sutton,HSBC Bank PLC,Group Customer Data Strategy,julia.x.sutton@hsbc.com: julia.x.sutton@hsbc.com,julia.x.sutton@hsbc.com
Katelyn,Hynes,Deutsche Bank AG,CDO,Work: katelyn.hynes@db.com,katelyn.hynes@db.com
Keith,Holmes,RSA,Head of Digital Analytics and Data,keithdh80@hotmail.com: keithdh80@hotmail.com,keithdh80@hotmail.com
Kemal,Cetin,Diageo,"Vice President GDBS - Commercial, Marketing, Analytics",kemalcetin77@gmail.com: kemalcetin77@gmail.com,kemalcetin77@gmail.com
Kevin,Mayles,The Open University,Head of Analytics,Work: kevin.mayles@open.ac.uk,kevin.mayles@open.ac.uk
Kevin,Smith,Willis,Head of Data Architecture,,
Kevin,Sulley,Thomson Reuters,Head of Data Architecture,kevsulley@googlemail.com: kevsulley@googlemail.com,kevsulley@googlemail.com
Keyur,Mehta,Betfair,Data Warehouse Specialist,keyur_mehta@yahoo.com: keyur_mehta@yahoo.com,keyur_mehta@yahoo.com
Kirill,Pankratov,Zurich Insurance Company Ltd.,Global Head of Business Analytics & Market Research,"kirill.pankratov@rogers.com: kirill.pankratov@rogers.com
kirill.pankratov@zurich.com: kirill.pankratov@zurich.com","kirill.pankratov@rogers.com, kirill.pankratov@zurich.com"
Kjersten Margaret,Moody,Unilever,"Vice President, Information and Analytics",kjersten_moody@yahoo.com: kjersten_moody@yahoo.com,kjersten_moody@yahoo.com
Kostas,Perifanos,Mail Online at Daily Mail,Data Scientist,kostas.perifanos@gmail.com: kostas.perifanos@gmail.com,kostas.perifanos@gmail.com
Kris,Jack,RELX Group,Head of Data Science,mrkrisjack@gmail.com: mrkrisjack@gmail.com,mrkrisjack@gmail.com
Kristina,Collins,Lloyds Banking Group,MI Data Analyst,kriscollins1@hotmail.co.uk: kriscollins1@hotmail.co.uk,kriscollins1@hotmail.co.uk
Lars,Slagboom,ABN Amro Group,Head of Data Management,,
Lauren,Sager Weinstein,Transport for London,Head of Analytics,laurensagerweinstein01@tfl.gov.uk: laurensagerweinstein01@tfl.gov.uk,laurensagerweinstein01@tfl.gov.uk
Lisa,Jebodhsingh,InterContinental Hotels Group (IHG),"Director Performance Analytics, Global Sales & Marketing",lisa.jebodhsingh@gmail.com: lisa.jebodhsingh@gmail.com,lisa.jebodhsingh@gmail.com
Lorraine,Waters,HSBC Bank PLC,HSBC Deputy Chief Data Officer and Global Head of Data Governance,lorraine.waters@hsbcib.com: lorraine.waters@hsbcib.com,lorraine.waters@hsbcib.com
Louise,Gibson-Bolton,IQPC,Big Data & Analytics Portfolio Director,lulugbolton@googlemail.com: lulugbolton@googlemail.com,lulugbolton@googlemail.com
Luke,Anamourlis,MetLife Alico,VP - Global CRM & Analytics Director,luke@anamourlis.co.uk: luke@anamourlis.co.uk,luke@anamourlis.co.uk
Maciej,Piwoni,Sage,Global Analytics Manager,Work: maciej.piwoni@sage.com,maciej.piwoni@sage.com
Mahendra,Jape,GE Capital,Director and Data Governance Leader,work: mahendra.jape@ge.com,mahendra.jape@ge.com
Manu,Kumar,Vodafone Group Public Limited Company,"Head, Targeting, Optimization and Data Science",manu.a.kumar@gmail.com: manu.a.kumar@gmail.com,manu.a.kumar@gmail.com
Marc-Olivier,Pittner,local.ch,CDO,tvpittner@gmail.com: tvpittner@gmail.com,tvpittner@gmail.com
Mark,Howden,ICBC Standard Bank,Client Data,mark.howden@icbcstandard.com: mark.howden@icbcstandard.com,mark.howden@icbcstandard.com
Mark,Musson,HSBC Bank PLC,Big Data Architect,mark@musson.co.za: mark@musson.co.za,mark@musson.co.za
Mark,Ramsey,GlaxoSmithKline,Chief Data Officer (CDO),,
Mark,Say,Volkswagen Group,Group Head of CRM & Customer Data,mark.say@volkswagen.co.uk: mark.say@volkswagen.co.uk,mark.say@volkswagen.co.uk
Mark,Whitehorn,the University of Dundee,Professor of Analytics,,
Martin,Glassborow,Sky,Infrastructure Delivery Manager - Storage and Data,marting@spellen.org: marting@spellen.org,marting@spellen.org
Martin,Mitchell,M&G,Chief Data Architect,martinmitch@gmail.com: martinmitch@gmail.com,martinmitch@gmail.com
Matthew,Keylock,"Mars, Incorporated.",Head of Data & Analytics,mdkeylock@gmail.com: mdkeylock@gmail.com,mdkeylock@gmail.com
Max,Jolly,Vodafone Group Public Limited Company,Head of Analytics,,
Meredith,Ross,Credit Suisse Group,Vice President - Reference Data,rossmeredith@gmail.com: rossmeredith@gmail.com,rossmeredith@gmail.com
Michael,Foley,EMC,"Director, Data Science",mifoley@me.com: mifoley@me.com,mifoley@me.com
Michael,O'Donohue,British Gas,Director of Insight and Data,,
Michael,Ridley,Exterion Media,Chief Data Officer,Work: Michael.Ridley@exterionmedia.co.uk,Michael.Ridley@exterionmedia.co.uk
Michael,Servaes,Army,Chief Data Officer,Work: michaelservaes@aol.com,michaelservaes@aol.com
Mike,Hyde,Facebook,Head of Data Science (for the Workplace Enterprise),"personal: mike.hyde@gmail.com
Work: mph@fb.com","mike.hyde@gmail.com, mph@fb.com"
Mike,Keig,West Bromwich Building Society,Data & Analysis Controller,,
Mike,O'Donohue,Camelot,Chief Data Officer,None: Michaelodonohue@hotmail.com,Michaelodonohue@hotmail.com
Mike,Stanley,NFU Mutual,Marketing Data Analyst,michael.stanley315@gmail.com: michael.stanley315@gmail.com,michael.stanley315@gmail.com
Monica,Gargantini,Pirelli,Data Driven Business Innovation Lead,"Personal: moni10e@yahoo.it
Work: Monica.gargantini@pirelli.com","moni10e@yahoo.it, Monica.gargantini@pirelli.com"
Naga,moparthy,London,Big Data Developer,nagabrahmammoparthy@gmail.com: nagabrahmammoparthy@gmail.com,nagabrahmammoparthy@gmail.com
Natalino,Busa,ING,Enterprise Data Architect,,
Nigel,Davis,Willis,Analytics IT Director,nwalderdavis@yahoo.co.uk: nwalderdavis@yahoo.co.uk,nwalderdavis@yahoo.co.uk
Nigel,Matthews,HSBC Bank PLC,Group Data Management Programme Director,nimatthe@me.com: nimatthe@me.com,nimatthe@me.com
Norma,Dove-Edwin,British American Tobacco,Head of Global Data Services,"norma_Dove-Edwin@bat.com: norma_Dove-Edwin@bat.com
Work: norma.dove.edwin@googlemail.com
None: norma.dove.edwin@gmail.com","norma_Dove-Edwin@bat.com, norma.dove.edwin@googlemail.com, norma.dove.edwin@gmail.com"
Norman,Stuertz,Credit Suisse,Chief Data Officer,Work: norman.stuertz@credit-suisse.com,norman.stuertz@credit-suisse.com
Oleksandr,Pryymak,Facebook,Data Scientist,235@inmind.org: 235@inmind.org,235@inmind.org
Parveen,Downer,Harley Academey,Head of Programmes and Data,Work: parveen@harleyacademy.com,parveen@harleyacademy.com
Paul,Brook,Dell EMC,EMEA Data Analytics Director,"Paul_brook@dell.com: Paul_brook@dell.com
None: paul.brook@dell.com","Paul_brook@dell.com, paul.brook@dell.com"
Paul,Cullender,HSBC,Chief Data Officer,Work: paul.cullender@hsbc.com,paul.cullender@hsbc.com
Paul,Jones,Barclays Bank PLC,"Chief of Staff, Data Systems & Insights",pauldanieljones@gmail.com: pauldanieljones@gmail.com,pauldanieljones@gmail.com
Paul,Linnane,Utiligroup,Head of Data Analytics,paul.liannane@utiligroup.com: paul.liannane@utiligroup.com,paul.liannane@utiligroup.com
Paul,van Haver,TechSoup Global,"Vice President, Global Data Services",pvh@vanhaver.com: pvh@vanhaver.com,pvh@vanhaver.com
Paul,White,Royal Mail,Head of Data & Information Architecture,johnny.uk@icloud.com: johnny.uk@icloud.com,johnny.uk@icloud.com
Penny,Maystone,Capita Employee Benefits,"Director of Tracing, Data and Software Services",penny.maystone@capita.co.uk: penny.maystone@capita.co.uk,penny.maystone@capita.co.uk
Peter,Enright,Cambridge University Press,Senior Data and Marketing Services Manager,peter.enright@rocketmail.com: peter.enright@rocketmail.com,peter.enright@rocketmail.com
Peter,Jackson,The Pensions Regulator,Head of Data,,
Phil,Archer,W3C,Data Activity Lead,phil@philarcher.org: phil@philarcher.org,phil@philarcher.org
Philip,Gunn,AIB Merchant Services,Director Strategic Revenue and Data,"gunnp@eircom.net: gunnp@eircom.net
phil.gillieg@yahoo.com: phil.gillieg@yahoo.com","gunnp@eircom.net, phil.gillieg@yahoo.com"
Phillip,Radley,BT,Chief Data Architect,Work: phillip.radley@bt.com,phillip.radley@bt.com
Pierre,du Toit,Vitality (UK),Head of Big Data Analytics,,
Piethein,Strengholt,ABN Amro Group,Chief Architect & Data Management (CADM) | Data Management,Work: piethein.strengholt@nl.abnamro.com,piethein.strengholt@nl.abnamro.com
Rajdeep,Mukherjee,Zurich Insurance Company Ltd.,Head of Big Data,,
Ramesh,Bhandari,Etisalat,Product Management & Marketing Manager - Datacenter & Cloud Services,rameshbhandari@gmail.com: rameshbhandari@gmail.com,rameshbhandari@gmail.com
Raul,Cruces,Santander,Chief Data Officer,,
Raveendra,Bharadwaj,Deutsche Bank AG,Director | Head of Data Architecture | Global Transaction Banking,Work: raveendra.bharadwaj@db.com,raveendra.bharadwaj@db.com
Ravi,Bhatt,Santander,Big Data Architect,ravimbhatt@gmail.com: ravimbhatt@gmail.com,ravimbhatt@gmail.com
Ravinder,Bhadhal,Man,Global Head of Commercial Management and Market Data,ravinder.bhadhal@gmail.com: ravinder.bhadhal@gmail.com,ravinder.bhadhal@gmail.com
Reza,Khorshidi,AIG Europe Limited,"Head of Quantitative Analytics, EMEA",reza.khorshidi@aig.com: reza.khorshidi@aig.com,reza.khorshidi@aig.com
Richard,Benjamins,Telefonica,Group Director BI & Big Data for Internal Exploitation,vrbenjamins@gmail.com: vrbenjamins@gmail.com,vrbenjamins@gmail.com
Richard,Ellison,CYBG (Clydesdale Bank),Chief Data Officer,"Work: richar.ellison@cbonline.co.uk
Work: richard.ellison@cybg.com","richar.ellison@cbonline.co.uk, richard.ellison@cybg.com"
Richard,Hart,Tyco Fire & Security,European Data Centre Technical Architect,RHart100@gmail.com: RHart100@gmail.com,RHart100@gmail.com
Richard,Pilling,Intel Corporation,"Director, Big Data & Analytics",rich@thepillings.net: rich@thepillings.net,rich@thepillings.net
Richard,Porter,AstraZeneca UK Limited,Principal Enterprise Architect (Information & Data),RichSelina@gmail.com: RichSelina@gmail.com,RichSelina@gmail.com
Richard,Shelton,Auto Trader,Data & Insight Programme Manager,,
Rick,Robinson,Amey,"IT Director, Smart Data and Technology",dr.rick.robinson@gmail.com: dr.rick.robinson@gmail.com,dr.rick.robinson@gmail.com
Riikka,Turunen,Sanoma,"Director, Data Protection and Privacy",riikkaeturunen@hotmail.com: riikkaeturunen@hotmail.com,riikkaeturunen@hotmail.com
Robert,Michael,Carillion,"Head of Demand, Performance & Analytics",Robert.Michael@btopenworld.com: Robert.Michael@btopenworld.com,Robert.Michael@btopenworld.com
Roberto,Maranca,GE Capital,Chief Data Officer,"personal: ocapitan@hotmail.com
lloyds: roberto.maranca@lloydsbanking.com
Work: R.maranca@outlook.com","ocapitan@hotmail.com, roberto.maranca@lloydsbanking.com, R.maranca@outlook.com"
Rob,Wijhenke,ABN Amro Group,Head of Data Innovation and Analytics,,
Rod,Moyse,Aviva plc,Head Of Analytics,moyser2001@yahoo.co.uk: moyser2001@yahoo.co.uk,moyser2001@yahoo.co.uk
Rowena,Parsons,Sony Computer Entertainment Europe,Data Architect/Data Modeller,rowena@rparsons.co.uk: rowena@rparsons.co.uk,rowena@rparsons.co.uk
Russell,Marsh,Process Excellence Network (PEX Network - a division of IQPC),Advisory Board Member - Big Data& Analytics,russell.marsh@gmail.com: russell.marsh@gmail.com,russell.marsh@gmail.com
Rutang,Thanawalla,HSBC Bank PLC,Risk Manager / Head of Portfolio Analytics,,
Santhosh,Pillai,ABN Amro Group,Chief Architect & Data Management,,
Scott,Clendaniel,MarketOne International,Director of Marketing Sciences/ Lead Data Scientist,SClendaniel@MarketOne.com: SClendaniel@MarketOne.com,SClendaniel@MarketOne.com
Scott,Krueger,Skyscanner,Data Architect,Work: scottk@skyscanner.net,scottk@skyscanner.net
Seamus,Murphy,AIB Plc,Chief Data Officer,,
Sean,Cornwell,Travelex,Chief Data Officer,,
Sean,Hayes,Incisive Media,Group Head of Data,sean.hayes@incisivemedia.com: sean.hayes@incisivemedia.com,sean.hayes@incisivemedia.com
Shahin,Nassiri,Barclays Bank PLC,"Director, CTO F.O. Risk and Analytics Architect",Shahin.Nassiri@gmail.com: Shahin.Nassiri@gmail.com,Shahin.Nassiri@gmail.com
Shannon,Walker,Deutsche Bank AG,Enterprise Data Architect,"Personal: shannonswalker@yahoo.com
Work: shannon.walker@db.com","shannonswalker@yahoo.com, shannon.walker@db.com"
Sharon,Keogh,AIB Plc,"Head of Data Strategy & Control, Chief Data Office",sharon.e.keogh@aib.ie: sharon.e.keogh@aib.ie,sharon.e.keogh@aib.ie
Sharon,Palmer,Willis,"Divisional Director, Head of Spatial Analytics",slpalmer75@yahoo.co.uk: slpalmer75@yahoo.co.uk,slpalmer75@yahoo.co.uk
Shaun,Waterman,Royal Bank of Scotland,Data Infrastructure Lead,shaun.waterman@new-criteria.com: shaun.waterman@new-criteria.com,shaun.waterman@new-criteria.com
Sjaun,Wong,Comic Relief,Head of Digital Analytics and Insights,,
Skander,Ben Mansour,Mindshare,Head of Data Science,skander@benmansour.net: skander@benmansour.net,skander@benmansour.net
Somita,Yogi,Royal Mail,Chief Data Officer,Personal: somita123@yahoo.co.in,somita123@yahoo.co.in
Stefan,Franczuk,Cognizant Technology Solutions,Big Data Architect - UK Practice Lead,stefan_franczuk@hotmail.com: stefan_franczuk@hotmail.com,stefan_franczuk@hotmail.com
STEPHANE,PERE,The Economist,Chief Data Officer,Work: stephanepere@economist.com,stephanepere@economist.com
Stephen,Magora,Credit Suisse,Chief Data Officer,Work: stephen.magora@credit-suisse.com,stephen.magora@credit-suisse.com
Steve,Boland,INTERSERVEfm LTD,"Head of AR, Data & Information",steve.boland@interserve.com: steve.boland@interserve.com,steve.boland@interserve.com
Steven,Bennett,Lloyds Banking Group,Information Technology Business Partner,,
Steven,Collings,Zoopla Property Group,Head of Data & Analytics,steven.collings@zpg.co.uk: steven.collings@zpg.co.uk,steven.collings@zpg.co.uk
Steven,Pimblett,wejo ltd,COO & CDO,"steve.pimblett@yahoo.co.uk: steve.pimblett@yahoo.co.uk
None: steve.pimblett@wejo.com","steve.pimblett@yahoo.co.uk, steve.pimblett@wejo.com"
Steven,Quinby,Network Rail,Head of Data Collection Services,steven.quinby@networkrail.co.uk: steven.quinby@networkrail.co.uk,steven.quinby@networkrail.co.uk
Steve,Vanourny,State Street Global Advisors Limited,Senior Vice President - Head of Investment Analytics,svanourny@gmail.com: svanourny@gmail.com,svanourny@gmail.com
Steve,Wright,John Lewis Partnership,Chief Data Officer,"Work: steve_wright@johnlewis.com
Work: steve.x.wright@johnlewis.co.uk","steve_wright@johnlewis.com, steve.x.wright@johnlewis.co.uk"
Stuart,Gillies,Credit Suisse Group,Reference Data Workstream Manager,sgillies01@yahoo.co.uk: sgillies01@yahoo.co.uk,sgillies01@yahoo.co.uk
Stuart,Pearson,Aimia Inc,VP Product Management - Global Analytics Products,stuart.j.pearson@talk21.com: stuart.j.pearson@talk21.com,stuart.j.pearson@talk21.com
Susan,Wegner,Deutsche Telekom AG,"Vice President Smart Data Analytics&Communication, Big Data, Telekom Innovation Laboratories",wegners@telekom.de: wegners@telekom.de,wegners@telekom.de
Syed,Moonis,EnterCard,"Director, Group Analytics",moonis62@gmail.com: moonis62@gmail.com,moonis62@gmail.com
Tharinda,Premasiri,Robi Axiata Limited,General Manager - Customer Analytics & Profiling,tharinda.premasiri@gmail.com: tharinda.premasiri@gmail.com,tharinda.premasiri@gmail.com
Thomas,Lee-Warren,Royal Mail,"Director, Technology Data Group (BI, Commercial Insight, & Analytics)",tlw@oculustech.com: tlw@oculustech.com,tlw@oculustech.com
Toby,Woolfe,International Business Machines,"Information Agenda - Big Data Automotive and Industrial Sector Sales Leader, Europe",toby_woolfe@hotmail.com: toby_woolfe@hotmail.com,toby_woolfe@hotmail.com
Tom,Beattie,British Gas,Head of Enterprise Data Operations,beattie.tom@googlemail.com: beattie.tom@googlemail.com,beattie.tom@googlemail.com
Tom,Betts,Financial Times,Chief Data Officer,,
Tom,Callaert,SOCIETY FOR WORLDWIDE INTERBANK FINANCIAL TELECOMMUNICATION SCRL,Commercial Manager Compliance Analytics,,
Tom,Channing,Sony Mobile Communications,"Head, Strategic Analytics",Work: tom.channing@eu.sony.com,tom.channing@eu.sony.com
Tom,Penney,London Borough of Merton,Strategy & Analytics Adult Social Care,tom@socialkemistri.com: tom@socialkemistri.com,tom@socialkemistri.com
Tony,Gosling,,Consulting,Work: tony.gosling@paconsulting.com,tony.gosling@paconsulting.com
Tony,Jaskeran,GroupM,Director- Data and Analytics Services,tonyjaskeran@hotmail.com: tonyjaskeran@hotmail.com,tonyjaskeran@hotmail.com
Ulla,Kruhse-Lehtonen,Sanoma,"VP, Customer Insight and Analytics",ullakl@yahoo.com: ullakl@yahoo.com,ullakl@yahoo.com
Umran,Rafi,St Andrew's Healthcare,Head of Data,Work: URafi@standrew.co.uk,URafi@standrew.co.uk
Veena,Dhillon,PayPal,Head of Marketing Analytics UK,veena_dhillon@yahoo.com: veena_dhillon@yahoo.com,veena_dhillon@yahoo.com
Victor,Hu,QBE Insurance,"Head, Data Science",Work: victor.hu@qbe.com,victor.hu@qbe.com
Vittorio,Guerci,RS Components,Head of Marketing Systems and Data,,
Vlasios,Vasileiou,Zopa,Chief Data Officer,Work: vlasios.vasileiou@zopa.com,vlasios.vasileiou@zopa.com
Volker,Bott,Deutsche Bank AG,"Senior Product Manager Internal Reporting, Business Intelligence and Big Data",volker.bott@gmx.de: volker.bott@gmx.de,volker.bott@gmx.de
Yuanyuan,Liu,AIG Europe Limited,"Manager, Quantitative Analytics",personal: lyy_bit934@msn.com,lyy_bit934@msn.com
Zog,Gibbens,Alliance Boots GmbH,Enterprise Architect (Analytics & Data),zog.gibbens@boots.co.uk: zog.gibbens@boots.co.uk,zog.gibbens@boots.co.uk
