PHOTO URL,FIRST NAME,LAST NAME,JOB ROLE,ORGANIZATION,EMAIL,EMAIL (PLAIN),PHONE
,Guenter,Schaertl,Structuring,Commerzbank AG,Work: guenter.schaertl@commerzbank.com,guenter.schaertl@commerzbank.com,Work: 496913643272
,Jean-Jacques,Jouanna,IT Programme Manager,Shell,"jjouanna@gmail.com: jjouanna@gmail.com
Work: jean-jacques.jouanna@shell.com","jjouanna@gmail.com, jean-jacques.jouanna@shell.com",
,Jo,Burns,CEO,BluZinc,burns.joanne@gmail.com: burns.joanne@gmail.com,burns.joanne@gmail.com,
,Katelyn,Hynes,CDO,Deutsche Bank AG,Work: katelyn.hynes@db.com,katelyn.hynes@db.com,Work: 02075455725
,Marina,Mielczarek,Supervisor Data Administrator,HEDGEPOLE,Work: marina.mielczarek@hedgepole.com,marina.mielczarek@hedgepole.com,Work: +48 61 841 01 12
,Markus,Bechler,Energy Consultant,Freelance,Work: MBechler@gmx.de,MBechler@gmx.de,Work: 072466107
,Mia,Farlam,Global BRM,Xerox Corporation,mia.farlam@xerox.com: mia.farlam@xerox.com,mia.farlam@xerox.com,Work: 01895843375
,Nigel,Woodward,Founder,WW Financial Market Services ltd,nswoodward@btinternet.com: nswoodward@btinternet.com,nswoodward@btinternet.com,Work: 01892 724595
