FIRST NAME,LAST NAME,ORGANIZATION,JOB ROLE,LAST ACTIVITY
Andres,Martin Diana,Bupa,Partnership Lead for WHO/ITU global mHealth,Taya Vernon sent isCDO Drinks Invite #3 to Dimitrios Velmachos
Andy,Gardner,R3Guard.com,CEO,Taya Vernon sent Webinar Invite #3 - Behaving Digitally to Andy Gardner
Angelena,Lee,Thomson Reuters,"Senior Manager, Channel Marketing EMEA",Mike Powell opened June Newsletter Campaign
George,Theocharides,CIIM,Associate Professor of Finance,Hassan Waqar sent January Blockchain Meetup - Invite #1 to George Theocharides
Henry,Obatomi,Flw,Senior Developer,Hassan Waqar sent Feb 2017 Newsletter to Henry Obatomi
James,Whitehurst,Natwest,Assistant Relationship Manager,Hassan Waqar sent January Blockchain Meetup - Invite #1 to James Whitehurst
John,Scott,Voyage Manager - Travel Tracking and Travel Security Service,CEO,John Scott opened June Newsletter Campaign
Juan,García Moreno,Pozuelo de Alarcon,BM,Hassan Waqar sent Feb 2017 Newsletter to Juan García Moreno
Kehinde,Olofinmoyin,QAGuys Ltd,Software Developer,Kehinde Olofinmoyin opened January 2017 Newsletter Campaign
Ketan,Shah,City Software International Ltd,IT Consultant,Ketan Shah opened January 2017 Newsletter Campaign
Marinella,Georghiadou,Cyprus Securities and Exchange Commission,Officer,Hassan Waqar sent January Blockchain Meetup - Invite #1 to Marinella Georghiadou
Mukrram,Ali,MahiFX,Senior FX Sales,Mukrram Ali opened Webinar - Be Digital or Die Invite (Oct) Campaign
Neil,Bowden,Dell EMC,Sales Engineer,Alpesh Doshi completed task - Finalise Contract
R. Paul,Singh,"Espresso Logic, Inc.",CEO,Taya Vernon sent Webinar Invite #3 - Behaving Digitally to R. Paul Singh
Sohini,Roy,Stoneford Consulting,"Co-Founder, Principal",Hassan Waqar sent January Blockchain Meetup - Invite #1 to Sohini Roy
Timo,Itälä,Aalto University,PhD Candidate,Timo Itälä opened January Blockchain Meetup - Invite #1 Campaign
tom,aldridge,own,owner,Hassan Waqar sent Feb 2017 Newsletter to tom aldridge
Tony,Henderson,Microsoft,"Business Lead Europe for Content Protection, Microsoft PlayReady",Alpesh Doshi completed task - Follow up with Peter Sketch on Partnership and Carlson Wagonlit
Vassilis,Xanthopoulos,Eurobank,Global Markets Private Banking Sales Dealer,Hassan Waqar sent January Blockchain Meetup - Invite #1 to Vassilis Xanthopoulos
Vicente,Quesada,Finance Business School,,Vicente Quesada opened January Blockchain Meetup - Invite #1 Campaign
