PHOTO URL,FIRST NAME,LAST NAME,ORGANIZATION,EMAIL,EMAIL (PLAIN),PHONE
,Andreas,Braun,Allianz Group,"ANDREAS.BRAUN1@ALLIANZ.COM: ANDREAS.BRAUN1@ALLIANZ.COM
ANDREAS.BRAUN1@allianz.com: ANDREAS.BRAUN1@allianz.com","ANDREAS.BRAUN1@ALLIANZ.COM, ANDREAS.BRAUN1@allianz.com",+49 172 6562298: +49 172 6562298
,Bill,Clarke,The Technology Roadmap Group,Work: BClarke0828@gmail.com,BClarke0828@gmail.com,
,Chris,Hill,Unilever,"personal: cjhconsultancy@gmail.com
Work: chris.hill@unilever.com","cjhconsultancy@gmail.com, chris.hill@unilever.com",Work: 07775 737469
,Dan,Bowyer,Rise To,me@danbowyer.me: me@danbowyer.me,me@danbowyer.me,
,deepa,bhat,CASS Business School,None: deepakrishnabhat@gmail.com,deepakrishnabhat@gmail.com,
,Diana,Parker,Microsoft,diparker@microsoft.com: diparker@microsoft.com,diparker@microsoft.com,
,Dimitri,Koutsos,Nephel Ltd,Personal: Dimitri.koutsos@gmail.com,Dimitri.koutsos@gmail.com,
,Dinesh,Dhamija,Copper Beech,dinesh@dhamija.org: dinesh@dhamija.org,dinesh@dhamija.org,
,Eszter,Badics,Central Bank of Hungary,Work: eszter.badics@mnb.org.hu,eszter.badics@mnb.org.hu,
,Ian,Findlay,Alitha Ltd,ifindlay1@gmail.com: ifindlay1@gmail.com,ifindlay1@gmail.com,
,Ingeborg,Luyt,Zwitserleven,Work: Ingeborgluyt@hotmail.com,Ingeborgluyt@hotmail.com,
,Javier Domingo,Folgado,RELIANZE Capital,Work: jdomingo@relianze.com,jdomingo@relianze.com,
,Jevan,Nagarajah,payleven,jevan.nagarajah@gmail.com: jevan.nagarajah@gmail.com,jevan.nagarajah@gmail.com,
,Jo,Burns,BluZinc,burns.joanne@gmail.com: burns.joanne@gmail.com,burns.joanne@gmail.com,
,Julien,Poulat,Natixis Global Asset Management,Work: julienp38@gmail.com,julienp38@gmail.com,Work: 0622729318
,Kevin,Smith,Association of Independent Risk & Fraud Advisors,smithkevin969@gmail.com: smithkevin969@gmail.com,smithkevin969@gmail.com,
,Lara,Korz,Azur Underwriting Limited,None: lara.korz@azurpcg.com,lara.korz@azurpcg.com,
,Maja,Maj,,Work: maj1@nym.hush.com,maj1@nym.hush.com,
https://media.licdn.com/mpr/mpr/shrinknp_400_400/AAEAAQAAAAAAAAdZAAAAJGFiZmEwNTg1LTRiYWItNGZhZi04NTI2LTVmMTcyMTUwYjA4Zg.jpg,Maria,Lopez Diaz de Revelli,American Express,"Work: maria.g.lopezdiaz@aexp.com
Personal: marilurevelli@gmail.com","maria.g.lopezdiaz@aexp.com, marilurevelli@gmail.com",
,Matthias,Wißotzki,University Rostock,Work: matthias.wissotzki@uni-rostock.de,matthias.wissotzki@uni-rostock.de,
,Maxson,Tee,AgriLedger,Work: maxson@agriledger.com,maxson@agriledger.com,
,Mehmet Ali,Savas,BNP Paribas,Work: mehmetalisavas@gmail.com,mehmetalisavas@gmail.com,
,Miki,Vidackovic,Government of Republic of Serbia,Work: mikividackovic@gmail.com,mikividackovic@gmail.com,
,Mithi,Thaya,ZEAL,None: thaya.mithi@gmail.com,thaya.mithi@gmail.com,
,Monica,McGurk,,,,
,Peter,Miller,Nextgen Clearing,peter.miller@g4h.co.uk: peter.miller@g4h.co.uk,peter.miller@g4h.co.uk,
,Piotr,Piskorski,Nordea Limited,"Work: Piotr.Piskorski@nordea.com
Personal: ppiskors@gmail.com","Piotr.Piskorski@nordea.com, ppiskors@gmail.com","Work: +48 58 667 17 58
Mobile: +48 733344434"
,Sam,Reid,,Work: samalexanderreid@gmail.com,samalexanderreid@gmail.com,
,Steven,Simon,SAP,,,
,Stuart,Chalmers,BRE (Building Research Establishment),None: stuart.chalmers@gmail.com,stuart.chalmers@gmail.com,
,Vishal,Mallick,Performance Buildings AG,"vishal.mallick@performancebuildings.ch: vishal.mallick@performancebuildings.ch
None: vishal.mallick@performancebuildings.ch","vishal.mallick@performancebuildings.ch, vishal.mallick@performancebuildings.ch",
